{
  "name": "§c嘤嘤嘤-矿物",
  "tab_item": {
    "item": "additions:yingyingying-buwending"
  },
  "items": [
    {
      "item": "additions:yingyingying-buwending"
    },
    {
      "item": "additions:yingyingying-shuangli"
    },
    {
      "item": "additions:yingyingying-longkuang"
    },
    {
      "item": "additions:yingyingying-liusuan"
    },
    {
      "item": "additions:yingyingying-jinhongshi"
    },
    {
      "item": "additions:yingyingying-shuij"
    },
    {
      "item": "additions:yingyingying-meikuang"
    },
    {
      "item": "additions:yingyingying-likuang"
    },
    {
      "item": "additions:yingyingying-tukuang"
    },
    {
      "item": "additions:yingyingying-pengkuang"
    },
    {
      "item": "additions:yingyingying-shuanglikuangcu"
    },
    {
      "item": "additions:yingyingying-tukuangcu"
    },
    {
      "item": "additions:yingyingying-likuangcu"
    },
    {
      "item": "additions:yingyingying-jinhongshikuangcu"
    },
    {
      "item": "additions:yingyingying-pengkuangcu"
    },
    {
      "item": "additions:yingyingying-meikuangcu"
    },
    {
      "item": "additions:yingyingying-xiaoxingxing"
    }
  ]
}