{
  "name": "§c嘤嘤嘤-块",
  "tab_item": {
    "item": "additions:yingyingying-wjt"
  },
  "items": [
    {
      "item": "additions:yingyingying-wjt"
    },
    {
      "item": "additions:yingyingying-yhys"
    },
    {
      "item": "additions:yingyingying-gjk_1"
    },
    {
      "item": "additions:yingyingying-gjk_3"
    },
    {
      "item": "additions:yingyingying-gjk_2"
    },
    {
      "item": "additions:yingyingying-jxldgk"
    },
    {
      "item": "additions:yingyingying-zzzxk"
    },
    {
      "item": "additions:yingyingying-gyk"
    },
    {
      "item": "additions:yingyingying-shcddct"
    },
    {
      "item": "additions:yingyingying-shdrk"
    },
    {
      "item": "additions:yingyingying-shljq"
    },
    {
      "item": "additions:yingyingying-lzjsj"
    },
    {
      "item": "additions:yingyingying-zjkzdl"
    },
    {
      "item": "additions:yingyingying-hys"
    },
    {
      "item": "additions:yingyingying-tp"
    },
    {
      "item": "additions:yingyingying-bwd"
    },
    {
      "item": "additions:yingyingying-bwdk"
    }
  ]
}