{
	"credit": "Made with Blockbench",
	"textures": {
		"2": "additions:blocks/j4",
		"3": "additions:blocks/j4",
		"6": "additions:blocks/2",
		"particle": "additions:blocks/j4"
	},
	"elements": [
		{
			"name": "1_3",
			"from": [-0.7, 3.3, 5.8],
			"to": [10.2, 4.2, 6.7],
			"rotation": {"angle": 0, "axis": "y", "origin": [8, 0.5, 8]},
			"faces": {
				"north": {"uv": [2, 5, 1, 4], "texture": "#6"},
				"east": {"uv": [2, 4, 1, 5], "rotation": 90, "texture": "#6"},
				"south": {"uv": [1, 5, 2, 4], "texture": "#6"},
				"west": {"uv": [2, 4, 1, 5], "rotation": 270, "texture": "#6"},
				"up": {"uv": [1, 4, 2, 5], "texture": "#6"},
				"down": {"uv": [1, 5, 2, 4], "texture": "#6"}
			}
		},
		{
			"name": "1_4",
			"from": [-0.7, -0.7, 5.8],
			"to": [0.2, 4.2, 6.7],
			"rotation": {"angle": 0, "axis": "y", "origin": [8, 0.5, 8]},
			"faces": {
				"north": {"uv": [2, 5, 1, 4], "texture": "#6"},
				"east": {"uv": [2, 4, 1, 5], "rotation": 90, "texture": "#6"},
				"south": {"uv": [1, 5, 2, 4], "texture": "#6"},
				"west": {"uv": [2, 4, 1, 5], "rotation": 270, "texture": "#6"},
				"up": {"uv": [1, 4, 2, 5], "texture": "#6"},
				"down": {"uv": [1, 5, 2, 4], "texture": "#6"}
			}
		},
		{
			"name": "1_4",
			"from": [9.3, 3.3, -0.7],
			"to": [10.2, 4.2, 10.2],
			"rotation": {"angle": 0, "axis": "y", "origin": [8, 0.5, 8]},
			"faces": {
				"north": {"uv": [2, 4, 1, 5], "rotation": 270, "texture": "#6"},
				"east": {"uv": [2, 5, 1, 4], "texture": "#6"},
				"south": {"uv": [2, 4, 1, 5], "rotation": 90, "texture": "#6"},
				"west": {"uv": [1, 5, 2, 4], "texture": "#6"},
				"up": {"uv": [2, 5, 1, 4], "rotation": 270, "texture": "#6"},
				"down": {"uv": [2, 4, 1, 5], "rotation": 90, "texture": "#6"}
			}
		},
		{
			"name": "1_5",
			"from": [9.3, -0.7, -0.7],
			"to": [10.2, 4.2, 0.2],
			"rotation": {"angle": 0, "axis": "y", "origin": [8, 0.5, 8]},
			"faces": {
				"north": {"uv": [2, 4, 1, 5], "rotation": 270, "texture": "#6"},
				"east": {"uv": [2, 5, 1, 4], "texture": "#6"},
				"south": {"uv": [2, 4, 1, 5], "rotation": 90, "texture": "#6"},
				"west": {"uv": [1, 5, 2, 4], "texture": "#6"},
				"up": {"uv": [2, 5, 1, 4], "rotation": 270, "texture": "#6"},
				"down": {"uv": [2, 4, 1, 5], "rotation": 90, "texture": "#6"}
			}
		},
		{
			"name": "1_6",
			"from": [15.3, -0.7, 9.3],
			"to": [16.2, 4.2, 10.2],
			"rotation": {"angle": 0, "axis": "y", "origin": [8, 0.5, 8]},
			"faces": {
				"north": {"uv": [2, 4, 1, 5], "rotation": 270, "texture": "#6"},
				"east": {"uv": [2, 5, 1, 4], "texture": "#6"},
				"south": {"uv": [2, 4, 1, 5], "rotation": 90, "texture": "#6"},
				"west": {"uv": [1, 5, 2, 4], "texture": "#6"},
				"up": {"uv": [2, 5, 1, 4], "rotation": 270, "texture": "#6"},
				"down": {"uv": [2, 4, 1, 5], "rotation": 90, "texture": "#6"}
			}
		},
		{
			"name": "1_4",
			"from": [6.3, 3.3, 9.3],
			"to": [15.7, 4.2, 10.2],
			"rotation": {"angle": 0, "axis": "y", "origin": [8, 0.5, 8]},
			"faces": {
				"north": {"uv": [15, 12, 14, 11], "texture": "#6"},
				"east": {"uv": [15, 11, 14, 12], "rotation": 90, "texture": "#6"},
				"south": {"uv": [14, 12, 15, 11], "texture": "#6"},
				"west": {"uv": [15, 11, 14, 12], "rotation": 270, "texture": "#6"},
				"up": {"uv": [14, 11, 15, 12], "texture": "#6"},
				"down": {"uv": [14, 12, 15, 11], "texture": "#6"}
			}
		},
		{
			"name": "1_5",
			"from": [5.8, 3.3, 5.8],
			"to": [6.7, 4.2, 16.7],
			"rotation": {"angle": 0, "axis": "y", "origin": [8, 0.5, 8]},
			"faces": {
				"north": {"uv": [5, 15, 4, 14], "texture": "#6"},
				"east": {"uv": [5, 14, 4, 15], "rotation": 90, "texture": "#6"},
				"south": {"uv": [4, 15, 5, 14], "texture": "#6"},
				"west": {"uv": [5, 14, 4, 15], "rotation": 270, "texture": "#6"},
				"up": {"uv": [4, 14, 5, 15], "texture": "#6"},
				"down": {"uv": [4, 15, 5, 14], "texture": "#6"}
			}
		},
		{
			"name": "1_6",
			"from": [5.8, -0.7, 15.8],
			"to": [6.7, 4.2, 16.7],
			"rotation": {"angle": 0, "axis": "y", "origin": [8, 0.5, 8]},
			"faces": {
				"north": {"uv": [5, 15, 4, 14], "texture": "#6"},
				"east": {"uv": [5, 14, 4, 15], "rotation": 90, "texture": "#6"},
				"south": {"uv": [4, 15, 5, 14], "texture": "#6"},
				"west": {"uv": [5, 14, 4, 15], "rotation": 270, "texture": "#6"},
				"up": {"uv": [4, 14, 5, 15], "texture": "#6"},
				"down": {"uv": [4, 15, 5, 14], "texture": "#6"}
			}
		},
		{
			"name": "controlcircuit_0",
			"from": [1, 0, 1],
			"to": [3, 1, 15],
			"faces": {
				"north": {"uv": [3, 1, 1, 2], "texture": "#2"},
				"east": {"uv": [2, 1, 3, 15], "rotation": 90, "texture": "#2"},
				"south": {"uv": [1, 14, 3, 15], "texture": "#2"},
				"west": {"uv": [1, 1, 2, 15], "rotation": 270, "texture": "#2"},
				"up": {"uv": [1, 1, 3, 15], "texture": "#2"},
				"down": {"uv": [1, 15, 3, 1], "texture": "#2"}
			}
		},
		{
			"name": "controlcircuit_1",
			"from": [4, 0, 1],
			"to": [12, 1, 15],
			"faces": {
				"north": {"uv": [12, 1, 4, 2], "texture": "#2"},
				"east": {"uv": [11, 1, 12, 15], "rotation": 90, "texture": "#2"},
				"south": {"uv": [4, 14, 12, 15], "texture": "#2"},
				"west": {"uv": [4, 1, 5, 15], "rotation": 270, "texture": "#2"},
				"up": {"uv": [4, 1, 12, 15], "texture": "#2"},
				"down": {"uv": [4, 15, 12, 1], "texture": "#2"}
			}
		},
		{
			"name": "controlcircuit_2",
			"from": [13, 0, 1],
			"to": [15, 1, 15],
			"faces": {
				"north": {"uv": [15, 1, 13, 2], "texture": "#2"},
				"east": {"uv": [14, 1, 15, 15], "rotation": 90, "texture": "#2"},
				"south": {"uv": [13, 14, 15, 15], "texture": "#2"},
				"west": {"uv": [13, 1, 14, 15], "rotation": 270, "texture": "#2"},
				"up": {"uv": [13, 1, 15, 15], "texture": "#2"},
				"down": {"uv": [13, 15, 15, 1], "texture": "#2"}
			}
		},
		{
			"name": "controlcircuit_3",
			"from": [3, 0, 2],
			"to": [4, 1, 14],
			"faces": {
				"north": {"uv": [4, 2, 3, 3], "texture": "#2"},
				"east": {"uv": [3, 2, 4, 14], "rotation": 90, "texture": "#2"},
				"south": {"uv": [3, 13, 4, 14], "texture": "#2"},
				"west": {"uv": [3, 2, 4, 14], "rotation": 270, "texture": "#2"},
				"up": {"uv": [3, 2, 4, 14], "texture": "#2"},
				"down": {"uv": [3, 14, 4, 2], "texture": "#2"}
			}
		},
		{
			"name": "controlcircuit_4",
			"from": [12, 0, 2],
			"to": [13, 1, 14],
			"faces": {
				"north": {"uv": [13, 2, 12, 3], "texture": "#2"},
				"east": {"uv": [12, 2, 13, 14], "rotation": 90, "texture": "#2"},
				"south": {"uv": [12, 13, 13, 14], "texture": "#2"},
				"west": {"uv": [12, 2, 13, 14], "rotation": 270, "texture": "#2"},
				"up": {"uv": [12, 2, 13, 14], "texture": "#2"},
				"down": {"uv": [12, 14, 13, 2], "texture": "#2"}
			}
		},
		{
			"name": "controlcircuit_57",
			"from": [4, 1, 5],
			"to": [5, 2, 6],
			"rotation": {"angle": 0, "axis": "y", "origin": [8, 9, 8]},
			"faces": {
				"north": {"uv": [5, 5, 4, 6], "texture": "#3"},
				"east": {"uv": [4, 5, 5, 6], "rotation": 90, "texture": "#3"},
				"south": {"uv": [4, 5, 5, 6], "texture": "#3"},
				"west": {"uv": [4, 5, 5, 6], "rotation": 270, "texture": "#3"},
				"up": {"uv": [4, 5, 5, 6], "texture": "#3"},
				"down": {"uv": [4, 6, 5, 5], "texture": "#3"}
			}
		},
		{
			"name": "controlcircuit_133",
			"from": [10, 1, 10],
			"to": [11, 3, 11],
			"rotation": {"angle": 0, "axis": "y", "origin": [8, 9, 8]},
			"faces": {
				"north": {"uv": [11, 10, 10, 11], "texture": "#3"},
				"east": {"uv": [10, 10, 11, 11], "rotation": 90, "texture": "#3"},
				"south": {"uv": [10, 10, 11, 11], "texture": "#3"},
				"west": {"uv": [10, 10, 11, 11], "rotation": 270, "texture": "#3"},
				"up": {"uv": [10, 10, 11, 11], "texture": "#3"},
				"down": {"uv": [10, 11, 11, 10], "texture": "#3"}
			}
		},
		{
			"name": "controlcircuit_119",
			"from": [10, 1, 9],
			"to": [11, 3, 10],
			"rotation": {"angle": 0, "axis": "y", "origin": [8, 9, 8]},
			"faces": {
				"north": {"uv": [11, 9, 10, 10], "texture": "#3"},
				"east": {"uv": [10, 9, 11, 10], "rotation": 90, "texture": "#3"},
				"south": {"uv": [10, 9, 11, 10], "texture": "#3"},
				"west": {"uv": [10, 9, 11, 10], "rotation": 270, "texture": "#3"},
				"up": {"uv": [10, 9, 11, 10], "texture": "#3"},
				"down": {"uv": [10, 10, 11, 9], "texture": "#3"}
			}
		},
		{
			"name": "controlcircuit_118",
			"from": [9, 1, 9],
			"to": [10, 3, 10],
			"rotation": {"angle": 0, "axis": "y", "origin": [8, 9, 8]},
			"faces": {
				"north": {"uv": [10, 9, 9, 10], "texture": "#3"},
				"east": {"uv": [9, 9, 10, 10], "rotation": 90, "texture": "#3"},
				"south": {"uv": [9, 9, 10, 10], "texture": "#3"},
				"west": {"uv": [9, 9, 10, 10], "rotation": 270, "texture": "#3"},
				"up": {"uv": [9, 9, 10, 10], "texture": "#3"},
				"down": {"uv": [9, 10, 10, 9], "texture": "#3"}
			}
		},
		{
			"name": "controlcircuit_117",
			"from": [8, 1, 9],
			"to": [9, 3, 10],
			"rotation": {"angle": 0, "axis": "y", "origin": [8, 9, 8]},
			"faces": {
				"north": {"uv": [9, 9, 8, 10], "texture": "#3"},
				"east": {"uv": [8, 9, 9, 10], "rotation": 90, "texture": "#3"},
				"south": {"uv": [8, 9, 9, 10], "texture": "#3"},
				"west": {"uv": [8, 9, 9, 10], "rotation": 270, "texture": "#3"},
				"up": {"uv": [8, 9, 9, 10], "texture": "#3"},
				"down": {"uv": [8, 10, 9, 9], "texture": "#3"}
			}
		},
		{
			"name": "controlcircuit_131",
			"from": [8, 1, 10],
			"to": [9, 3, 11],
			"rotation": {"angle": 0, "axis": "y", "origin": [8, 9, 8]},
			"faces": {
				"north": {"uv": [9, 10, 8, 11], "texture": "#3"},
				"east": {"uv": [8, 10, 9, 11], "rotation": 90, "texture": "#3"},
				"south": {"uv": [8, 10, 9, 11], "texture": "#3"},
				"west": {"uv": [8, 10, 9, 11], "rotation": 270, "texture": "#3"},
				"up": {"uv": [8, 10, 9, 11], "texture": "#3"},
				"down": {"uv": [8, 11, 9, 10], "texture": "#3"}
			}
		},
		{
			"name": "controlcircuit_101",
			"from": [6, 2, 8],
			"to": [7, 3, 9],
			"rotation": {"angle": 0, "axis": "y", "origin": [8, 9, 8]},
			"faces": {
				"north": {"uv": [7, 8, 6, 9], "texture": "#3"},
				"east": {"uv": [6, 8, 7, 9], "rotation": 90, "texture": "#3"},
				"south": {"uv": [6, 8, 7, 9], "texture": "#3"},
				"west": {"uv": [6, 8, 7, 9], "rotation": 270, "texture": "#3"},
				"up": {"uv": [6, 8, 7, 9], "texture": "#3"},
				"down": {"uv": [6, 9, 7, 8], "texture": "#3"}
			}
		},
		{
			"name": "controlcircuit_115",
			"from": [6, 2, 9],
			"to": [7, 3, 10],
			"rotation": {"angle": 0, "axis": "y", "origin": [8, 9, 8]},
			"faces": {
				"north": {"uv": [7, 9, 6, 10], "texture": "#3"},
				"east": {"uv": [6, 9, 7, 10], "rotation": 90, "texture": "#3"},
				"south": {"uv": [6, 9, 7, 10], "texture": "#3"},
				"west": {"uv": [6, 9, 7, 10], "rotation": 270, "texture": "#3"},
				"up": {"uv": [6, 9, 7, 10], "texture": "#3"},
				"down": {"uv": [6, 10, 7, 9], "texture": "#3"}
			}
		},
		{
			"name": "controlcircuit_129",
			"from": [6, 2, 10],
			"to": [7, 3, 11],
			"rotation": {"angle": 0, "axis": "y", "origin": [8, 9, 8]},
			"faces": {
				"north": {"uv": [7, 10, 6, 11], "texture": "#3"},
				"east": {"uv": [6, 10, 7, 11], "rotation": 90, "texture": "#3"},
				"south": {"uv": [6, 10, 7, 11], "texture": "#3"},
				"west": {"uv": [6, 10, 7, 11], "rotation": 270, "texture": "#3"},
				"up": {"uv": [6, 10, 7, 11], "texture": "#3"},
				"down": {"uv": [6, 11, 7, 10], "texture": "#3"}
			}
		},
		{
			"name": "controlcircuit_128",
			"from": [5, 2, 10],
			"to": [6, 3, 11],
			"rotation": {"angle": 0, "axis": "y", "origin": [8, 9, 8]},
			"faces": {
				"north": {"uv": [6, 10, 5, 11], "texture": "#3"},
				"east": {"uv": [5, 10, 6, 11], "rotation": 90, "texture": "#3"},
				"south": {"uv": [5, 10, 6, 11], "texture": "#3"},
				"west": {"uv": [5, 10, 6, 11], "rotation": 270, "texture": "#3"},
				"up": {"uv": [5, 10, 6, 11], "texture": "#3"},
				"down": {"uv": [5, 11, 6, 10], "texture": "#3"}
			}
		},
		{
			"name": "controlcircuit_100",
			"from": [5, 2, 8],
			"to": [6, 3, 9],
			"rotation": {"angle": 0, "axis": "y", "origin": [8, 9, 8]},
			"faces": {
				"north": {"uv": [6, 8, 5, 9], "texture": "#3"},
				"east": {"uv": [5, 8, 6, 9], "rotation": 90, "texture": "#3"},
				"south": {"uv": [5, 8, 6, 9], "texture": "#3"},
				"west": {"uv": [5, 8, 6, 9], "rotation": 270, "texture": "#3"},
				"up": {"uv": [5, 8, 6, 9], "texture": "#3"},
				"down": {"uv": [5, 9, 6, 8], "texture": "#3"}
			}
		},
		{
			"name": "controlcircuit_91",
			"from": [10, 2, 7],
			"to": [11, 3, 8],
			"rotation": {"angle": 0, "axis": "y", "origin": [8, 9, 8]},
			"faces": {
				"north": {"uv": [11, 7, 10, 8], "texture": "#3"},
				"east": {"uv": [10, 7, 11, 8], "rotation": 90, "texture": "#3"},
				"south": {"uv": [10, 7, 11, 8], "texture": "#3"},
				"west": {"uv": [10, 7, 11, 8], "rotation": 270, "texture": "#3"},
				"up": {"uv": [10, 7, 11, 8], "texture": "#3"},
				"down": {"uv": [10, 8, 11, 7], "texture": "#3"}
			}
		},
		{
			"name": "controlcircuit_90",
			"from": [9, 2, 7],
			"to": [10, 3, 8],
			"rotation": {"angle": 0, "axis": "y", "origin": [8, 9, 8]},
			"faces": {
				"north": {"uv": [10, 7, 9, 8], "texture": "#3"},
				"east": {"uv": [9, 7, 10, 8], "rotation": 90, "texture": "#3"},
				"south": {"uv": [9, 7, 10, 8], "texture": "#3"},
				"west": {"uv": [9, 7, 10, 8], "rotation": 270, "texture": "#3"},
				"up": {"uv": [9, 7, 10, 8], "texture": "#3"},
				"down": {"uv": [9, 8, 10, 7], "texture": "#3"}
			}
		},
		{
			"name": "controlcircuit_76",
			"from": [9, 2, 6],
			"to": [10, 3, 7],
			"rotation": {"angle": 0, "axis": "y", "origin": [8, 9, 8]},
			"faces": {
				"north": {"uv": [10, 6, 9, 7], "texture": "#3"},
				"east": {"uv": [9, 6, 10, 7], "rotation": 90, "texture": "#3"},
				"south": {"uv": [9, 6, 10, 7], "texture": "#3"},
				"west": {"uv": [9, 6, 10, 7], "rotation": 270, "texture": "#3"},
				"up": {"uv": [9, 6, 10, 7], "texture": "#3"},
				"down": {"uv": [9, 7, 10, 6], "texture": "#3"}
			}
		},
		{
			"name": "controlcircuit_62",
			"from": [9, 2, 5],
			"to": [10, 3, 6],
			"rotation": {"angle": 0, "axis": "y", "origin": [8, 9, 8]},
			"faces": {
				"north": {"uv": [10, 5, 9, 6], "texture": "#3"},
				"east": {"uv": [9, 5, 10, 6], "rotation": 90, "texture": "#3"},
				"south": {"uv": [9, 5, 10, 6], "texture": "#3"},
				"west": {"uv": [9, 5, 10, 6], "rotation": 270, "texture": "#3"},
				"up": {"uv": [9, 5, 10, 6], "texture": "#3"},
				"down": {"uv": [9, 6, 10, 5], "texture": "#3"}
			}
		},
		{
			"name": "controlcircuit_63",
			"from": [10, 2, 5],
			"to": [11, 3, 6],
			"rotation": {"angle": 0, "axis": "y", "origin": [8, 9, 8]},
			"faces": {
				"north": {"uv": [11, 5, 10, 6], "texture": "#3"},
				"east": {"uv": [10, 5, 11, 6], "rotation": 90, "texture": "#3"},
				"south": {"uv": [10, 5, 11, 6], "texture": "#3"},
				"west": {"uv": [10, 5, 11, 6], "rotation": 270, "texture": "#3"},
				"up": {"uv": [10, 5, 11, 6], "texture": "#3"},
				"down": {"uv": [10, 6, 11, 5], "texture": "#3"}
			}
		},
		{
			"name": "controlcircuit_72",
			"from": [5, 2, 6],
			"to": [6, 3, 7],
			"rotation": {"angle": 0, "axis": "y", "origin": [8, 9, 8]},
			"faces": {
				"north": {"uv": [6, 6, 5, 7], "texture": "#3"},
				"east": {"uv": [5, 6, 6, 7], "rotation": 90, "texture": "#3"},
				"south": {"uv": [5, 6, 6, 7], "texture": "#3"},
				"west": {"uv": [5, 6, 6, 7], "rotation": 270, "texture": "#3"},
				"up": {"uv": [5, 6, 6, 7], "texture": "#3"},
				"down": {"uv": [5, 7, 6, 6], "texture": "#3"}
			}
		},
		{
			"name": "controlcircuit_73",
			"from": [6, 2, 6],
			"to": [7, 3, 7],
			"rotation": {"angle": 0, "axis": "y", "origin": [8, 9, 8]},
			"faces": {
				"north": {"uv": [7, 6, 6, 7], "texture": "#3"},
				"east": {"uv": [6, 6, 7, 7], "rotation": 90, "texture": "#3"},
				"south": {"uv": [6, 6, 7, 7], "texture": "#3"},
				"west": {"uv": [6, 6, 7, 7], "rotation": 270, "texture": "#3"},
				"up": {"uv": [6, 6, 7, 7], "texture": "#3"},
				"down": {"uv": [6, 7, 7, 6], "texture": "#3"}
			}
		},
		{
			"name": "controlcircuit_74",
			"from": [7, 2, 6],
			"to": [8, 3, 7],
			"rotation": {"angle": 0, "axis": "y", "origin": [8, 9, 8]},
			"faces": {
				"north": {"uv": [8, 6, 7, 7], "texture": "#3"},
				"east": {"uv": [7, 6, 8, 7], "rotation": 90, "texture": "#3"},
				"south": {"uv": [7, 6, 8, 7], "texture": "#3"},
				"west": {"uv": [7, 6, 8, 7], "rotation": 270, "texture": "#3"},
				"up": {"uv": [7, 6, 8, 7], "texture": "#3"},
				"down": {"uv": [7, 7, 8, 6], "texture": "#3"}
			}
		},
		{
			"name": "controlcircuit_60",
			"from": [7, 2, 5],
			"to": [8, 3, 6],
			"rotation": {"angle": 0, "axis": "y", "origin": [8, 9, 8]},
			"faces": {
				"north": {"uv": [8, 5, 7, 6], "texture": "#3"},
				"east": {"uv": [7, 5, 8, 6], "rotation": 90, "texture": "#3"},
				"south": {"uv": [7, 5, 8, 6], "texture": "#3"},
				"west": {"uv": [7, 5, 8, 6], "rotation": 270, "texture": "#3"},
				"up": {"uv": [7, 5, 8, 6], "texture": "#3"},
				"down": {"uv": [7, 6, 8, 5], "texture": "#3"}
			}
		},
		{
			"name": "controlcircuit_58",
			"from": [5, 2, 5],
			"to": [6, 3, 6],
			"rotation": {"angle": 0, "axis": "y", "origin": [8, 9, 8]},
			"faces": {
				"north": {"uv": [6, 5, 5, 6], "texture": "#3"},
				"east": {"uv": [5, 5, 6, 6], "rotation": 90, "texture": "#3"},
				"south": {"uv": [5, 5, 6, 6], "texture": "#3"},
				"west": {"uv": [5, 5, 6, 6], "rotation": 270, "texture": "#3"},
				"up": {"uv": [5, 5, 6, 6], "texture": "#3"},
				"down": {"uv": [5, 6, 6, 5], "texture": "#3"}
			}
		},
		{
			"name": "controlcircuit_125",
			"from": [2, 2, 10],
			"to": [4, 3, 11],
			"rotation": {"angle": 0, "axis": "y", "origin": [8, 9, 8]},
			"faces": {
				"north": {"uv": [3, 10, 2, 11], "texture": "#3"},
				"east": {"uv": [2, 10, 3, 11], "rotation": 90, "texture": "#3"},
				"south": {"uv": [2, 10, 3, 11], "texture": "#3"},
				"west": {"uv": [2, 10, 3, 11], "rotation": 270, "texture": "#3"},
				"up": {"uv": [2, 10, 4, 11], "texture": "#3"},
				"down": {"uv": [2, 11, 3, 10], "texture": "#3"}
			}
		},
		{
			"name": "controlcircuit_97",
			"from": [2, 2, 8],
			"to": [4, 3, 9],
			"rotation": {"angle": 0, "axis": "y", "origin": [8, 9, 8]},
			"faces": {
				"north": {"uv": [3, 8, 2, 9], "texture": "#3"},
				"east": {"uv": [2, 8, 3, 9], "rotation": 90, "texture": "#3"},
				"south": {"uv": [2, 8, 3, 9], "texture": "#3"},
				"west": {"uv": [2, 8, 3, 9], "rotation": 270, "texture": "#3"},
				"up": {"uv": [2, 8, 4, 9], "texture": "#3"},
				"down": {"uv": [2, 9, 3, 8], "texture": "#3"}
			}
		},
		{
			"name": "controlcircuit_69",
			"from": [2, 2, 6],
			"to": [4, 3, 7],
			"rotation": {"angle": 0, "axis": "y", "origin": [8, 9, 8]},
			"faces": {
				"north": {"uv": [3, 6, 2, 7], "texture": "#3"},
				"east": {"uv": [2, 6, 3, 7], "rotation": 90, "texture": "#3"},
				"south": {"uv": [2, 6, 3, 7], "texture": "#3"},
				"west": {"uv": [2, 6, 3, 7], "rotation": 270, "texture": "#3"},
				"up": {"uv": [2, 6, 4, 7], "texture": "#3"},
				"down": {"uv": [2, 7, 3, 6], "texture": "#3"}
			}
		},
		{
			"name": "controlcircuit_68",
			"from": [1, 1, 6],
			"to": [2, 2, 7],
			"rotation": {"angle": 0, "axis": "y", "origin": [8, 9, 8]},
			"faces": {
				"north": {"uv": [2, 6, 1, 7], "texture": "#3"},
				"east": {"uv": [1, 6, 2, 7], "rotation": 90, "texture": "#3"},
				"south": {"uv": [1, 6, 2, 7], "texture": "#3"},
				"west": {"uv": [1, 6, 2, 7], "rotation": 270, "texture": "#3"},
				"up": {"uv": [1, 6, 2, 7], "texture": "#3"},
				"down": {"uv": [1, 7, 2, 6], "texture": "#3"}
			}
		},
		{
			"name": "controlcircuit_96",
			"from": [1, 1, 8],
			"to": [2, 2, 9],
			"rotation": {"angle": 0, "axis": "y", "origin": [8, 9, 8]},
			"faces": {
				"north": {"uv": [2, 8, 1, 9], "texture": "#3"},
				"east": {"uv": [1, 8, 2, 9], "rotation": 90, "texture": "#3"},
				"south": {"uv": [1, 8, 2, 9], "texture": "#3"},
				"west": {"uv": [1, 8, 2, 9], "rotation": 270, "texture": "#3"},
				"up": {"uv": [1, 8, 2, 9], "texture": "#3"},
				"down": {"uv": [1, 9, 2, 8], "texture": "#3"}
			}
		},
		{
			"name": "controlcircuit_124",
			"from": [1, 1, 10],
			"to": [2, 2, 11],
			"rotation": {"angle": 0, "axis": "y", "origin": [8, 9, 8]},
			"faces": {
				"north": {"uv": [2, 10, 1, 11], "texture": "#3"},
				"east": {"uv": [1, 10, 2, 11], "rotation": 90, "texture": "#3"},
				"south": {"uv": [1, 10, 2, 11], "texture": "#3"},
				"west": {"uv": [1, 10, 2, 11], "rotation": 270, "texture": "#3"},
				"up": {"uv": [1, 10, 2, 11], "texture": "#3"},
				"down": {"uv": [1, 11, 2, 10], "texture": "#3"}
			}
		},
		{
			"name": "controlcircuit_173",
			"from": [8, 1, 12],
			"to": [9, 3, 14],
			"rotation": {"angle": 0, "axis": "y", "origin": [8, 9, 8]},
			"faces": {
				"north": {"uv": [9, 13, 8, 14], "texture": "#3"},
				"east": {"uv": [8, 13, 9, 14], "rotation": 90, "texture": "#3"},
				"south": {"uv": [8, 13, 9, 14], "texture": "#3"},
				"west": {"uv": [8, 13, 9, 14], "rotation": 270, "texture": "#3"},
				"up": {"uv": [8, 12, 9, 14], "texture": "#3"},
				"down": {"uv": [8, 14, 9, 13], "texture": "#3"}
			}
		},
		{
			"name": "controlcircuit_171",
			"from": [6, 1, 12],
			"to": [7, 3, 14],
			"rotation": {"angle": 0, "axis": "y", "origin": [8, 9, 8]},
			"faces": {
				"north": {"uv": [7, 13, 6, 14], "texture": "#3"},
				"east": {"uv": [6, 13, 7, 14], "rotation": 90, "texture": "#3"},
				"south": {"uv": [6, 13, 7, 14], "texture": "#3"},
				"west": {"uv": [6, 13, 7, 14], "rotation": 270, "texture": "#3"},
				"up": {"uv": [6, 12, 7, 14], "texture": "#3"},
				"down": {"uv": [6, 14, 7, 13], "texture": "#3"}
			}
		},
		{
			"name": "controlcircuit_184",
			"from": [6, 1, 14],
			"to": [7, 2, 15],
			"rotation": {"angle": 0, "axis": "y", "origin": [8, 9, 8]},
			"faces": {
				"north": {"uv": [7, 14, 6, 15], "texture": "#3"},
				"east": {"uv": [6, 14, 7, 15], "rotation": 90, "texture": "#3"},
				"south": {"uv": [6, 14, 7, 15], "texture": "#3"},
				"west": {"uv": [6, 14, 7, 15], "rotation": 270, "texture": "#3"},
				"up": {"uv": [6, 14, 7, 15], "texture": "#3"},
				"down": {"uv": [6, 15, 7, 14], "texture": "#3"}
			}
		},
		{
			"name": "controlcircuit_186",
			"from": [8, 1, 14],
			"to": [9, 2, 15],
			"rotation": {"angle": 0, "axis": "y", "origin": [8, 9, 8]},
			"faces": {
				"north": {"uv": [9, 14, 8, 15], "texture": "#3"},
				"east": {"uv": [8, 14, 9, 15], "rotation": 90, "texture": "#3"},
				"south": {"uv": [8, 14, 9, 15], "texture": "#3"},
				"west": {"uv": [8, 14, 9, 15], "rotation": 270, "texture": "#3"},
				"up": {"uv": [8, 14, 9, 15], "texture": "#3"},
				"down": {"uv": [8, 15, 9, 14], "texture": "#3"}
			}
		},
		{
			"name": "controlcircuit_175",
			"from": [10, 1, 12],
			"to": [11, 3, 14],
			"rotation": {"angle": 0, "axis": "y", "origin": [8, 9, 8]},
			"faces": {
				"north": {"uv": [11, 13, 10, 14], "texture": "#3"},
				"east": {"uv": [10, 13, 11, 14], "rotation": 90, "texture": "#3"},
				"south": {"uv": [10, 13, 11, 14], "texture": "#3"},
				"west": {"uv": [10, 13, 11, 14], "rotation": 270, "texture": "#3"},
				"up": {"uv": [10, 12, 11, 14], "texture": "#3"},
				"down": {"uv": [10, 14, 11, 13], "texture": "#3"}
			}
		},
		{
			"name": "controlcircuit_188",
			"from": [10, 1, 14],
			"to": [11, 2, 15],
			"rotation": {"angle": 0, "axis": "y", "origin": [8, 9, 8]},
			"faces": {
				"north": {"uv": [11, 14, 10, 15], "texture": "#3"},
				"east": {"uv": [10, 14, 11, 15], "rotation": 90, "texture": "#3"},
				"south": {"uv": [10, 14, 11, 15], "texture": "#3"},
				"west": {"uv": [10, 14, 11, 15], "rotation": 270, "texture": "#3"},
				"up": {"uv": [10, 14, 11, 15], "texture": "#3"},
				"down": {"uv": [10, 15, 11, 14], "texture": "#3"}
			}
		},
		{
			"name": "controlcircuit_16",
			"from": [5, 2, 2],
			"to": [6, 3, 4],
			"rotation": {"angle": 0, "axis": "y", "origin": [8, 9, 8]},
			"faces": {
				"north": {"uv": [6, 2, 5, 3], "texture": "#3"},
				"east": {"uv": [5, 2, 6, 3], "rotation": 90, "texture": "#3"},
				"south": {"uv": [5, 2, 6, 3], "texture": "#3"},
				"west": {"uv": [5, 2, 6, 3], "rotation": 270, "texture": "#3"},
				"up": {"uv": [5, 2, 6, 4], "texture": "#3"},
				"down": {"uv": [5, 3, 6, 2], "texture": "#3"}
			}
		},
		{
			"name": "controlcircuit_3",
			"from": [5, 1, 1],
			"to": [6, 2, 2],
			"rotation": {"angle": 0, "axis": "y", "origin": [8, 9, 8]},
			"faces": {
				"north": {"uv": [6, 1, 5, 2], "texture": "#3"},
				"east": {"uv": [5, 1, 6, 2], "rotation": 90, "texture": "#3"},
				"south": {"uv": [5, 1, 6, 2], "texture": "#3"},
				"west": {"uv": [5, 1, 6, 2], "rotation": 270, "texture": "#3"},
				"up": {"uv": [5, 1, 6, 2], "texture": "#3"},
				"down": {"uv": [5, 2, 6, 1], "texture": "#3"}
			}
		},
		{
			"name": "controlcircuit_18",
			"from": [7, 2, 2],
			"to": [8, 3, 4],
			"rotation": {"angle": 0, "axis": "y", "origin": [8, 9, 8]},
			"faces": {
				"north": {"uv": [7, 2, 8, 3], "texture": "#3"},
				"east": {"uv": [7, 2, 8, 4], "texture": "#3"},
				"south": {"uv": [7, 2, 8, 4], "texture": "#3"},
				"west": {"uv": [7, 2, 8, 4], "texture": "#3"},
				"up": {"uv": [7, 2, 8, 4], "texture": "#3"},
				"down": {"uv": [7, 2, 8, 4], "texture": "#3"}
			}
		},
		{
			"name": "controlcircuit_5",
			"from": [7, 1, 1],
			"to": [8, 2, 2],
			"rotation": {"angle": 0, "axis": "y", "origin": [8, 9, 8]},
			"faces": {
				"north": {"uv": [8, 1, 7, 2], "texture": "#3"},
				"east": {"uv": [7, 1, 8, 2], "rotation": 90, "texture": "#3"},
				"south": {"uv": [7, 1, 8, 2], "texture": "#3"},
				"west": {"uv": [7, 1, 8, 2], "rotation": 270, "texture": "#3"},
				"up": {"uv": [7, 1, 8, 2], "texture": "#3"},
				"down": {"uv": [7, 2, 8, 1], "texture": "#3"}
			}
		},
		{
			"name": "controlcircuit_20",
			"from": [9, 2, 2],
			"to": [10, 3, 4],
			"rotation": {"angle": 0, "axis": "y", "origin": [8, 9, 8]},
			"faces": {
				"north": {"uv": [10, 2, 9, 3], "texture": "#3"},
				"east": {"uv": [9, 2, 10, 3], "rotation": 90, "texture": "#3"},
				"south": {"uv": [9, 2, 10, 3], "texture": "#3"},
				"west": {"uv": [9, 2, 10, 3], "rotation": 270, "texture": "#3"},
				"up": {"uv": [9, 2, 10, 4], "texture": "#3"},
				"down": {"uv": [9, 3, 10, 2], "texture": "#3"}
			}
		},
		{
			"name": "controlcircuit_7",
			"from": [9, 1, 1],
			"to": [10, 2, 2],
			"rotation": {"angle": 0, "axis": "y", "origin": [8, 9, 8]},
			"faces": {
				"north": {"uv": [10, 1, 9, 2], "texture": "#3"},
				"east": {"uv": [9, 1, 10, 2], "rotation": 90, "texture": "#3"},
				"south": {"uv": [9, 1, 10, 2], "texture": "#3"},
				"west": {"uv": [9, 1, 10, 2], "rotation": 270, "texture": "#3"},
				"up": {"uv": [9, 1, 10, 2], "texture": "#3"},
				"down": {"uv": [9, 2, 10, 1], "texture": "#3"}
			}
		},
		{
			"name": "controlcircuit_66",
			"from": [12, 1, 5],
			"to": [14, 3, 6],
			"rotation": {"angle": 0, "axis": "y", "origin": [8, 9, 8]},
			"faces": {
				"north": {"uv": [12, 5, 14, 6], "texture": "#3"},
				"east": {"uv": [12, 5, 14, 6], "texture": "#3"},
				"south": {"uv": [12, 5, 14, 6], "texture": "#3"},
				"west": {"uv": [12, 5, 14, 6], "texture": "#3"},
				"up": {"uv": [12, 5, 14, 6], "texture": "#3"},
				"down": {"uv": [12, 5, 14, 6], "texture": "#3"}
			}
		},
		{
			"name": "controlcircuit_67",
			"from": [14, 1, 5],
			"to": [15, 2, 6],
			"rotation": {"angle": 0, "axis": "y", "origin": [8, 9, 8]},
			"faces": {
				"north": {"uv": [15, 5, 14, 6], "texture": "#3"},
				"east": {"uv": [14, 5, 15, 6], "rotation": 90, "texture": "#3"},
				"south": {"uv": [14, 5, 15, 6], "texture": "#3"},
				"west": {"uv": [14, 5, 15, 6], "rotation": 270, "texture": "#3"},
				"up": {"uv": [14, 5, 15, 6], "texture": "#3"},
				"down": {"uv": [14, 6, 15, 5], "texture": "#3"}
			}
		},
		{
			"name": "controlcircuit_94",
			"from": [12, 1, 7],
			"to": [14, 3, 8],
			"rotation": {"angle": 0, "axis": "y", "origin": [8, 9, 8]},
			"faces": {
				"north": {"uv": [14, 7, 13, 8], "texture": "#3"},
				"east": {"uv": [13, 7, 14, 8], "rotation": 90, "texture": "#3"},
				"south": {"uv": [13, 7, 14, 8], "texture": "#3"},
				"west": {"uv": [13, 7, 14, 8], "rotation": 270, "texture": "#3"},
				"up": {"uv": [12, 7, 14, 8], "texture": "#3"},
				"down": {"uv": [13, 8, 14, 7], "texture": "#3"}
			}
		},
		{
			"name": "controlcircuit_95",
			"from": [14, 1, 7],
			"to": [15, 2, 8],
			"rotation": {"angle": 0, "axis": "y", "origin": [8, 9, 8]},
			"faces": {
				"north": {"uv": [15, 7, 14, 8], "texture": "#3"},
				"east": {"uv": [14, 7, 15, 8], "rotation": 90, "texture": "#3"},
				"south": {"uv": [14, 7, 15, 8], "texture": "#3"},
				"west": {"uv": [14, 7, 15, 8], "rotation": 270, "texture": "#3"},
				"up": {"uv": [14, 7, 15, 8], "texture": "#3"},
				"down": {"uv": [14, 8, 15, 7], "texture": "#3"}
			}
		},
		{
			"name": "controlcircuit_122",
			"from": [12, 1, 9],
			"to": [14, 3, 10],
			"rotation": {"angle": 0, "axis": "y", "origin": [8, 9, 8]},
			"faces": {
				"north": {"uv": [14, 9, 13, 10], "texture": "#3"},
				"east": {"uv": [13, 9, 14, 10], "rotation": 90, "texture": "#3"},
				"south": {"uv": [13, 9, 14, 10], "texture": "#3"},
				"west": {"uv": [13, 9, 14, 10], "rotation": 270, "texture": "#3"},
				"up": {"uv": [12, 9, 14, 10], "texture": "#3"},
				"down": {"uv": [13, 10, 14, 9], "texture": "#3"}
			}
		},
		{
			"name": "controlcircuit_123",
			"from": [14, 1, 9],
			"to": [15, 2, 10],
			"rotation": {"angle": 0, "axis": "y", "origin": [8, 9, 8]},
			"faces": {
				"north": {"uv": [15, 9, 14, 10], "texture": "#3"},
				"east": {"uv": [14, 9, 15, 10], "rotation": 90, "texture": "#3"},
				"south": {"uv": [14, 9, 15, 10], "texture": "#3"},
				"west": {"uv": [14, 9, 15, 10], "rotation": 270, "texture": "#3"},
				"up": {"uv": [14, 9, 15, 10], "texture": "#3"},
				"down": {"uv": [14, 10, 15, 9], "texture": "#3"}
			}
		},
		{
			"name": "controlcircuit_178",
			"from": [2, 1, 2],
			"to": [14, 2, 14],
			"rotation": {"angle": 0, "axis": "y", "origin": [8, 9, 8]},
			"faces": {
				"north": {"uv": [2, 13, 14, 14], "texture": "#3"},
				"east": {"uv": [13, 2, 14, 14], "rotation": 90, "texture": "#3"},
				"south": {"uv": [2, 13, 14, 14], "texture": "#3"},
				"west": {"uv": [2, 2, 3, 14], "rotation": 270, "texture": "#3"},
				"up": {"uv": [2, 2, 14, 14], "texture": "#3"},
				"down": {"uv": [13, 14, 14, 13], "texture": "#3"}
			}
		}
	],
	"display": {
		"thirdperson_righthand": {
			"rotation": [0, 0, -44],
			"translation": [5.25, 6.5, 1]
		},
		"thirdperson_lefthand": {
			"rotation": [0, -7, -25],
			"translation": [3.5, 7.25, 0]
		},
		"firstperson_righthand": {
			"rotation": [-74, -1, 1],
			"translation": [0.5, 5.25, -4.5]
		},
		"firstperson_lefthand": {
			"rotation": [-74, -1, 1],
			"translation": [-2.75, 3.5, -4.5]
		},
		"ground": {
			"translation": [0, 4.75, 0]
		},
		"gui": {
			"rotation": [-90, 0, 0],
			"translation": [0, 0, -8.5]
		},
		"head": {
			"translation": [0, 14, 0]
		},
		"fixed": {
			"rotation": [-90, 0, 0],
			"translation": [0, 0, -8.5]
		}
	},
	"groups": [
		{
			"name": "group",
			"origin": [8, 8, 8],
			"children": [
				{
					"name": "1",
					"origin": [8, 8, 8],
					"children": [0, 1, 2, 3, 4, 5, 6, 7]
				}
			]
		},
		{
			"name": "controlcircuit",
			"origin": [8, 8, 8],
			"children": [8, 9, 10, 11, 12]
		},
		{
			"name": "controlcircuit",
			"origin": [8, 8, 8],
			"children": [13,
				{
					"name": "group",
					"origin": [8, 9, 8],
					"children": [14, 15, 16, 17, 18, 19, 20, 21, 22, 23, 24, 25, 26, 27, 28, 29, 30, 31, 32, 33]
				},
				{
					"name": "group",
					"origin": [8, 9, 8],
					"children": [34, 35, 36, 37, 38, 39, 40, 41, 42, 43, 44, 45, 46, 47, 48, 49, 50, 51, 52, 53, 54, 55, 56, 57]
				}, 58]
		}
	]
}