{
  "cause": {
    "item": {
      "item": "additions:yingyingying-cz_ct",
      "damage": "any"
    },
    "against_block": true,
    "type": "additions:item_right_click_block"
  },
  "effects": [
    {
      "command": "summon minecraft:armor_stand ~ ~ ~ {CustomName:\"czml\",Invulnerable:1b,Invisible:1b}",
      "type": "additions:command"
    },
    {
      "command": "/execute @e[name\u003dczml,r\u003d5] ~ ~ ~ function additions:cz2/czml",
      "type": "additions:command"
    },
    {
      "command": "kill @e[name\u003dczml,r\u003d5]",
      "type": "additions:command"
    }
  ]
}