{
  "downloadsAllowed": true,
  "tutorialDisplayed": true,
  "editMode": true,
  "etCheckFluid": true,
  "editingRepoLoc": "D:\\MultiMC\\instances\\Minespace skyblock v1b24\\minecraft\\config\\brandon3055\\ProjectIntelligence\\ModDocs",
  "editorAlwaysOnTop": false,
  "editorLineWrap": false,
  "maxTabs": 16,
  "editorLAF": "",
  "screenMode": 0,
  "screenPosOverride": true,
  "screenPosX": 0,
  "screenPosY": 0,
  "userLanguage": "[MINECRAFT-LANG]",
  "homePage": "projectintelligence:",
  "searchMode": "EVERYWHERE",
  "pageLangOverrides": {
    "draconicadditions:": "en_us"
  },
  "modLangOverrides": {
    "draconicadditions": "en_us"
  },
  "modVersionOverrides": {}
}