{
  "downloadsAllowed": true,
  "tutorialDisplayed": true,
  "editMode": false,
  "etCheckFluid": true,
  "editingRepoLoc": "D:\\MultiMC\\instances\\Minespace2_v1b13\\minecraft\\config\\brandon3055\\ProjectIntelligence\\ModDocs",
  "editorAlwaysOnTop": false,
  "editorLineWrap": false,
  "maxTabs": 16,
  "editorLAF": "",
  "screenMode": 0,
  "screenPosOverride": true,
  "screenPosX": 0,
  "screenPosY": 0,
  "userLanguage": "[MINECRAFT-LANG]",
  "homePage": "projectintelligence:",
  "searchMode": "EVERYWHERE",
  "pageLangOverrides": {},
  "modLangOverrides": {},
  "modVersionOverrides": {}
}