<galaxy>
	<star blackHole="true" name="QAQ" numGasGiants="0" numPlanets="0" size="6.0" temp="100" x="0" y="0">
		<star blackHole="true" separation="100.0" size="3.0" temp="200"/>
		<planet DIMID="0" dimMapping="" name="earth">
			<isKnown>false</isKnown>
			<hasRings>false</hasRings>
			<ringColor>0.4,0.4,0.7</ringColor>
			<fogColor>1.0,1.0,1.0</fogColor>
			<skyColor>1.0,1.0,1.0</skyColor>
			<gravitationalMultiplier>1</gravitationalMultiplier>
			<orbitalDistance>0</orbitalDistance>
			<orbitalPhi>0</orbitalPhi>
			<rotationalPeriod>24000</rotationalPeriod>
			<atmosphereDensity>100</atmosphereDensity>
		</planet>
	</star>
	<star name="D-1" numGasGiants="1" numPlanets="6" size="1.0" temp="10" x="100" y="0">
		
		
	</star>
<star name="D-2" numGasGiants="0" numPlanets="1" size="5.0" temp="10000" x="0" y="100">
		
		
	</star><star name="D-3" numGasGiants="6" numPlanets="1" size="1.0" temp="1000" x="0" y="-100">
		
		
	</star><star name="D-4" numGasGiants="3" numPlanets="3" size="3.0" temp="1" x="-100" y="0">
		
		
	</star></galaxy>