{
	"credit": "Made with Blockbench",
	"parent": "yunshi",
	"textures": {
		"2": "additions:blocks/tr3",
		"3": "additions:blocks/tr4",
		"4": "additions:blocks/tr5",
		"particle": "additions:blocks/tr4"
	},
	"elements": [
		{
			"from": [7, 13, 2],
			"to": [8, 22, 3],
			"rotation": {"angle": 22.5, "axis": "x", "origin": [8, 8, 9]},
			"faces": {
				"north": {"uv": [0, 0, 1, 3], "texture": "#3"},
				"east": {"uv": [0, 0, 1, 3], "texture": "#3"},
				"south": {"uv": [0, 0, 1, 3], "texture": "#3"},
				"west": {"uv": [0, 0, 1, 3], "texture": "#3"},
				"up": {"uv": [0, 0, 1, 3], "texture": "#3"},
				"down": {"uv": [0, 0, 1, 3], "texture": "#3"}
			}
		},
		{
			"from": [7.25, 22, 2],
			"to": [7.75, 23, 2.25],
			"rotation": {"angle": 22.5, "axis": "x", "origin": [8, 8, 9]},
			"faces": {
				"north": {"uv": [0, 0, 1, 3], "texture": "#2"},
				"east": {"uv": [0, 0, 1, 3], "texture": "#2"},
				"south": {"uv": [0, 0, 1, 3], "texture": "#2"},
				"west": {"uv": [0, 0, 1, 3], "texture": "#2"},
				"up": {"uv": [0, 0, 1, 3], "texture": "#2"},
				"down": {"uv": [0, 0, 1, 3], "texture": "#2"}
			}
		},
		{
			"from": [6, 12, 2],
			"to": [9, 13, 3],
			"rotation": {"angle": 22.5, "axis": "x", "origin": [8, 8, 9]},
			"faces": {
				"north": {"uv": [0, 0, 3, 1], "texture": "#3"},
				"east": {"uv": [0, 0, 3, 1], "texture": "#3"},
				"south": {"uv": [0, 0, 3, 1], "texture": "#3"},
				"west": {"uv": [0, 0, 3, 1], "texture": "#3"},
				"up": {"uv": [0, 0, 3, 1], "texture": "#3"},
				"down": {"uv": [0, 0, 3, 1], "texture": "#3"}
			}
		},
		{
			"from": [7, 5, 4],
			"to": [8, 15, 5],
			"rotation": {"angle": 0, "axis": "y", "origin": [8, 8, 9]},
			"faces": {
				"north": {"uv": [0, 0, 1, 10], "texture": "#3"},
				"east": {"uv": [0, 0, 1, 10], "texture": "#3"},
				"south": {"uv": [0, 0, 1, 10], "texture": "#3"},
				"west": {"uv": [0, 0, 1, 10], "texture": "#3"},
				"up": {"uv": [0, 0, 1, 10], "texture": "#3"},
				"down": {"uv": [0, 0, 1, 10], "texture": "#3"}
			}
		},
		{
			"from": [7, 1, 5],
			"to": [8, 2, 7],
			"rotation": {"angle": 0, "axis": "y", "origin": [8, 8, 9]},
			"faces": {
				"north": {"uv": [0, 0, 1, 1], "texture": "#3"},
				"east": {"uv": [0, 0, 1, 1], "texture": "#3"},
				"south": {"uv": [0, 0, 1, 1], "texture": "#3"},
				"west": {"uv": [0, 0, 1, 1], "texture": "#3"},
				"up": {"uv": [0, 0, 1, 1], "texture": "#3"},
				"down": {"uv": [0, 0, 1, 1], "texture": "#3"}
			}
		},
		{
			"from": [7, 13, 14],
			"to": [8, 22, 15],
			"rotation": {"angle": -22.5, "axis": "x", "origin": [7, 8, 8]},
			"faces": {
				"north": {"uv": [0, 0, 1, 3], "texture": "#3"},
				"east": {"uv": [0, 0, 1, 3], "texture": "#3"},
				"south": {"uv": [0, 0, 1, 3], "texture": "#3"},
				"west": {"uv": [0, 0, 1, 3], "texture": "#3"},
				"up": {"uv": [0, 0, 1, 3], "texture": "#3"},
				"down": {"uv": [0, 0, 1, 3], "texture": "#3"}
			}
		},
		{
			"from": [7.25, 22, 14.75],
			"to": [7.75, 23, 15],
			"rotation": {"angle": -22.5, "axis": "x", "origin": [7, 8, 8]},
			"faces": {
				"north": {"uv": [0, 0, 1, 3], "texture": "#2"},
				"east": {"uv": [0, 0, 1, 3], "texture": "#2"},
				"south": {"uv": [0, 0, 1, 3], "texture": "#2"},
				"west": {"uv": [0, 0, 1, 3], "texture": "#2"},
				"up": {"uv": [0, 0, 1, 3], "texture": "#2"},
				"down": {"uv": [0, 0, 1, 3], "texture": "#2"}
			}
		},
		{
			"from": [6, 12, 14],
			"to": [9, 13, 15],
			"rotation": {"angle": -22.5, "axis": "x", "origin": [7, 8, 8]},
			"faces": {
				"north": {"uv": [0, 0, 3, 1], "texture": "#3"},
				"east": {"uv": [0, 0, 3, 1], "texture": "#3"},
				"south": {"uv": [0, 0, 3, 1], "texture": "#3"},
				"west": {"uv": [0, 0, 3, 1], "texture": "#3"},
				"up": {"uv": [0, 0, 3, 1], "texture": "#3"},
				"down": {"uv": [0, 0, 3, 1], "texture": "#3"}
			}
		},
		{
			"from": [7, 5, 12],
			"to": [8, 15, 13],
			"rotation": {"angle": 0, "axis": "y", "origin": [7, 8, 8]},
			"faces": {
				"north": {"uv": [0, 0, 1, 10], "texture": "#3"},
				"east": {"uv": [0, 0, 1, 10], "texture": "#3"},
				"south": {"uv": [0, 0, 1, 10], "texture": "#3"},
				"west": {"uv": [0, 0, 1, 10], "texture": "#3"},
				"up": {"uv": [0, 0, 1, 10], "texture": "#3"},
				"down": {"uv": [0, 0, 1, 10], "texture": "#3"}
			}
		},
		{
			"from": [7, 1, 10],
			"to": [8, 2, 12],
			"rotation": {"angle": 0, "axis": "y", "origin": [7, 8, 8]},
			"faces": {
				"north": {"uv": [0, 0, 1, 1], "texture": "#3"},
				"east": {"uv": [0, 0, 1, 1], "texture": "#3"},
				"south": {"uv": [0, 0, 1, 1], "texture": "#3"},
				"west": {"uv": [0, 0, 1, 1], "texture": "#3"},
				"up": {"uv": [0, 0, 1, 1], "texture": "#3"},
				"down": {"uv": [0, 0, 1, 1], "texture": "#3"}
			}
		},
		{
			"from": [1, 13, 8],
			"to": [2, 22, 9],
			"rotation": {"angle": -22.5, "axis": "z", "origin": [8, 8, 8]},
			"faces": {
				"north": {"uv": [0, 0, 1, 3], "texture": "#3"},
				"east": {"uv": [0, 0, 1, 3], "texture": "#3"},
				"south": {"uv": [0, 0, 1, 3], "texture": "#3"},
				"west": {"uv": [0, 0, 1, 3], "texture": "#3"},
				"up": {"uv": [0, 0, 1, 3], "texture": "#3"},
				"down": {"uv": [0, 0, 1, 3], "texture": "#3"}
			}
		},
		{
			"from": [1, 22, 8.25],
			"to": [1.25, 23, 8.75],
			"rotation": {"angle": -22.5, "axis": "z", "origin": [8, 8, 8]},
			"faces": {
				"north": {"uv": [0, 0, 1, 3], "texture": "#2"},
				"east": {"uv": [0, 0, 1, 3], "texture": "#2"},
				"south": {"uv": [0, 0, 1, 3], "texture": "#2"},
				"west": {"uv": [0, 0, 1, 3], "texture": "#2"},
				"up": {"uv": [0, 0, 1, 3], "texture": "#2"},
				"down": {"uv": [0, 0, 1, 3], "texture": "#2"}
			}
		},
		{
			"from": [1, 12, 7],
			"to": [2, 13, 10],
			"rotation": {"angle": -22.5, "axis": "z", "origin": [8, 8, 8]},
			"faces": {
				"north": {"uv": [0, 0, 2, 1], "texture": "#3"},
				"east": {"uv": [0, 0, 2, 1], "texture": "#3"},
				"south": {"uv": [0, 0, 2, 1], "texture": "#3"},
				"west": {"uv": [0, 0, 2, 1], "texture": "#3"},
				"up": {"uv": [0, 0, 2, 1], "texture": "#3"},
				"down": {"uv": [0, 0, 2, 1], "texture": "#3"}
			}
		},
		{
			"from": [3, 5, 8],
			"to": [4, 15, 9],
			"faces": {
				"north": {"uv": [0, 0, 1, 10], "texture": "#3"},
				"east": {"uv": [0, 0, 1, 10], "texture": "#3"},
				"south": {"uv": [0, 0, 1, 10], "texture": "#3"},
				"west": {"uv": [0, 0, 1, 10], "texture": "#3"},
				"up": {"uv": [0, 0, 1, 10], "texture": "#3"},
				"down": {"uv": [0, 0, 1, 10], "texture": "#3"}
			}
		},
		{
			"from": [4, 1, 8],
			"to": [6, 2, 9],
			"faces": {
				"north": {"uv": [0, 0, 1, 1], "texture": "#3"},
				"east": {"uv": [0, 0, 1, 1], "texture": "#3"},
				"south": {"uv": [0, 0, 1, 1], "texture": "#3"},
				"west": {"uv": [0, 0, 1, 1], "texture": "#3"},
				"up": {"uv": [0, 0, 1, 1], "texture": "#3"},
				"down": {"uv": [0, 0, 1, 1], "texture": "#3"}
			}
		},
		{
			"from": [8, 1, 5],
			"to": [8.5, 5, 5.5],
			"rotation": {"angle": 0, "axis": "y", "origin": [7.5, 4, 8.5]},
			"faces": {
				"north": {"uv": [0, 0, 0.5, 4], "texture": "#2"},
				"east": {"uv": [0, 0, 0.5, 4], "texture": "#2"},
				"south": {"uv": [0, 0, 0.5, 4], "texture": "#2"},
				"west": {"uv": [0, 0, 0.5, 4], "texture": "#2"},
				"up": {"uv": [0, 0, 0.5, 4], "texture": "#2"}
			}
		},
		{
			"from": [8.5, 2.5, 4],
			"to": [9, 3, 5.5],
			"rotation": {"angle": 0, "axis": "x", "origin": [7.5, -2, 8]},
			"faces": {
				"north": {"uv": [0, 0, 0.5, 1.5], "rotation": 90, "texture": "#4", "cullface": "north"},
				"east": {"uv": [0, 0, 0.5, 1.5], "rotation": 90, "texture": "#4"},
				"south": {"uv": [0, 0, 0.5, 1.5], "rotation": 90, "texture": "#4"},
				"west": {"uv": [0, 0, 0.5, 1.5], "rotation": 90, "texture": "#4"},
				"up": {"uv": [0, 0, 0.5, 1.5], "rotation": 90, "texture": "#4"},
				"down": {"uv": [0, 0, 0.5, 1.5], "rotation": 90, "texture": "#4"}
			}
		},
		{
			"from": [7, 2.5, 4],
			"to": [8, 3, 4.5],
			"rotation": {"angle": 0, "axis": "x", "origin": [7.5, -2, 8]},
			"faces": {
				"north": {"uv": [0, 0, 0.5, 1.5], "rotation": 90, "texture": "#4", "cullface": "north"},
				"east": {"uv": [0, 0, 0.5, 1.5], "rotation": 90, "texture": "#4", "cullface": "north"},
				"west": {"uv": [0, 0, 0.5, 1.5], "rotation": 90, "texture": "#4", "cullface": "north"},
				"up": {"uv": [0, 0, 0.5, 1.5], "rotation": 90, "texture": "#4", "cullface": "north"},
				"down": {"uv": [0, 0, 0.5, 1.5], "rotation": 90, "texture": "#4", "cullface": "north"}
			}
		},
		{
			"from": [6, 2.5, 4],
			"to": [6.5, 3, 5.5],
			"rotation": {"angle": 0, "axis": "x", "origin": [7.5, -2, 8]},
			"faces": {
				"north": {"uv": [0, 0, 0.5, 1.5], "rotation": 90, "texture": "#4", "cullface": "north"},
				"east": {"uv": [0, 0, 0.5, 1.5], "rotation": 90, "texture": "#4"},
				"south": {"uv": [0, 0, 0.5, 1.5], "rotation": 90, "texture": "#4"},
				"west": {"uv": [0, 0, 0.5, 1.5], "rotation": 90, "texture": "#4"},
				"up": {"uv": [0, 0, 0.5, 1.5], "rotation": 90, "texture": "#4"},
				"down": {"uv": [0, 0, 0.5, 1.5], "rotation": 90, "texture": "#4"}
			}
		},
		{
			"from": [8.5, 0.5, 4],
			"to": [9, 1, 5.5],
			"rotation": {"angle": 0, "axis": "x", "origin": [7.5, -4, 8]},
			"faces": {
				"north": {"uv": [0, 0, 0.5, 1.5], "rotation": 90, "texture": "#4", "cullface": "north"},
				"east": {"uv": [0, 0, 0.5, 1.5], "rotation": 90, "texture": "#4"},
				"south": {"uv": [0, 0, 0.5, 1.5], "rotation": 90, "texture": "#4"},
				"west": {"uv": [0, 0, 0.5, 1.5], "rotation": 90, "texture": "#4"},
				"up": {"uv": [0, 0, 0.5, 1.5], "rotation": 90, "texture": "#4"},
				"down": {"uv": [0, 0, 0.5, 1.5], "rotation": 90, "texture": "#4"}
			}
		},
		{
			"from": [7, 0.5, 4],
			"to": [8, 1, 4.5],
			"rotation": {"angle": 0, "axis": "x", "origin": [7.5, -4, 8]},
			"faces": {
				"north": {"uv": [0, 0, 0.5, 1.5], "rotation": 90, "texture": "#4", "cullface": "north"},
				"east": {"uv": [0, 0, 0.5, 1.5], "rotation": 90, "texture": "#4", "cullface": "north"},
				"west": {"uv": [0, 0, 0.5, 1.5], "rotation": 90, "texture": "#4", "cullface": "north"},
				"up": {"uv": [0, 0, 0.5, 1.5], "rotation": 90, "texture": "#4", "cullface": "north"},
				"down": {"uv": [0, 0, 0.5, 1.5], "rotation": 90, "texture": "#4", "cullface": "north"}
			}
		},
		{
			"from": [6, 0.5, 4],
			"to": [6.5, 1, 5.5],
			"rotation": {"angle": 0, "axis": "x", "origin": [7.5, -4, 8]},
			"faces": {
				"north": {"uv": [0, 0, 0.5, 1.5], "rotation": 90, "texture": "#4", "cullface": "north"},
				"east": {"uv": [0, 0, 0.5, 1.5], "rotation": 90, "texture": "#4"},
				"south": {"uv": [0, 0, 0.5, 1.5], "rotation": 90, "texture": "#4"},
				"west": {"uv": [0, 0, 0.5, 1.5], "rotation": 90, "texture": "#4"},
				"up": {"uv": [0, 0, 0.5, 1.5], "rotation": 90, "texture": "#4"},
				"down": {"uv": [0, 0, 0.5, 1.5], "rotation": 90, "texture": "#4"}
			}
		},
		{
			"from": [8.5, 1, 3.5],
			"to": [9, 2.5, 4],
			"rotation": {"angle": 0, "axis": "y", "origin": [7.5, 5, 8.5]},
			"faces": {
				"north": {"uv": [0, 0, 0.5, 1.5], "texture": "#4", "cullface": "north"},
				"east": {"uv": [0, 0, 0.5, 1.5], "texture": "#4", "cullface": "north"},
				"south": {"uv": [0, 0, 0.5, 1.5], "texture": "#4", "cullface": "north"},
				"west": {"uv": [0, 0, 0.5, 1.5], "texture": "#4", "cullface": "north"},
				"up": {"uv": [0, 0, 0.5, 1.5], "texture": "#4", "cullface": "north"}
			}
		},
		{
			"from": [7, 1, 3.5],
			"to": [8, 2.5, 4],
			"rotation": {"angle": 0, "axis": "y", "origin": [7.5, 5, 8.5]},
			"faces": {
				"north": {"uv": [0, 0, 0.5, 1.5], "texture": "#4", "cullface": "north"},
				"east": {"uv": [0, 0, 0.5, 1.5], "texture": "#4", "cullface": "north"},
				"south": {"uv": [0, 0, 0.5, 1.5], "texture": "#4", "cullface": "north"},
				"west": {"uv": [0, 0, 0.5, 1.5], "texture": "#4", "cullface": "north"},
				"up": {"uv": [0, 0, 0.5, 1.5], "texture": "#4", "cullface": "north"}
			}
		},
		{
			"from": [6, 1, 3.5],
			"to": [6.5, 2.5, 4],
			"rotation": {"angle": 0, "axis": "y", "origin": [7.5, 5, 8.5]},
			"faces": {
				"north": {"uv": [0, 0, 0.5, 1.5], "texture": "#4", "cullface": "north"},
				"east": {"uv": [0, 0, 0.5, 1.5], "texture": "#4", "cullface": "north"},
				"south": {"uv": [0, 0, 0.5, 1.5], "texture": "#4", "cullface": "north"},
				"west": {"uv": [0, 0, 0.5, 1.5], "texture": "#4", "cullface": "north"},
				"up": {"uv": [0, 0, 0.5, 1.5], "texture": "#4", "cullface": "north"}
			}
		},
		{
			"from": [7.5, 0.5, 5.5],
			"to": [9, 5.5, 6.5],
			"rotation": {"angle": 0, "axis": "y", "origin": [7.5, 4, 9.5]},
			"faces": {
				"north": {"uv": [0, 0, 0.5, 4], "texture": "#2"},
				"south": {"uv": [0, 0, 0.5, 4], "texture": "#2"}
			}
		},
		{
			"from": [7, 1, 4.5],
			"to": [8, 5, 5],
			"rotation": {"angle": 0, "axis": "y", "origin": [7.5, 4, 8.5]},
			"faces": {
				"north": {"uv": [0, 0, 0.5, 4], "texture": "#2", "cullface": "north"},
				"east": {"uv": [0, 0, 0.5, 4], "texture": "#2"},
				"south": {"uv": [0, 0, 0.5, 4], "texture": "#2"},
				"west": {"uv": [0, 0, 0.5, 4], "texture": "#2"},
				"up": {"uv": [4, 0, 6.5, 4], "texture": "#2"}
			}
		},
		{
			"from": [6.5, 1, 5],
			"to": [7, 5, 5.5],
			"rotation": {"angle": 0, "axis": "y", "origin": [7.5, 4, 8.5]},
			"faces": {
				"north": {"uv": [0, 0, 0.5, 4], "texture": "#2"},
				"east": {"uv": [0, 0, 0.5, 4], "texture": "#2"},
				"south": {"uv": [0, 0, 0.5, 4], "texture": "#2"},
				"west": {"uv": [0, 0, 0.5, 4], "texture": "#2"},
				"up": {"uv": [0, 0, 0.5, 4], "texture": "#2"}
			}
		},
		{
			"from": [6, 0.5, 5.5],
			"to": [7.5, 5.5, 6.5],
			"rotation": {"angle": 0, "axis": "y", "origin": [7.5, 4, 9.5]},
			"faces": {
				"north": {"uv": [0, 0, 0.5, 4], "texture": "#2"},
				"south": {"uv": [0, 0, 0.5, 4], "texture": "#2"}
			}
		},
		{
			"from": [4, 1, 7.5],
			"to": [4.5, 5, 8],
			"rotation": {"angle": 0, "axis": "y", "origin": [7.5, 4, 8.5]},
			"faces": {
				"north": {"uv": [0, 0, 0.5, 4], "texture": "#2"},
				"east": {"uv": [0, 0, 0.5, 4], "texture": "#2"},
				"south": {"uv": [0, 0, 0.5, 4], "texture": "#2"},
				"west": {"uv": [0, 0, 0.5, 4], "texture": "#2"},
				"up": {"uv": [0, 0, 0.5, 4], "rotation": 270, "texture": "#2"}
			}
		},
		{
			"from": [3, 2.5, 7],
			"to": [4.5, 3, 7.5],
			"rotation": {"angle": 0, "axis": "y", "origin": [7.5, 4, 8.5]},
			"faces": {
				"north": {"uv": [0, 0, 0.5, 1.5], "rotation": 90, "texture": "#4"},
				"east": {"uv": [0, 0, 0.5, 1.5], "rotation": 90, "texture": "#4"},
				"south": {"uv": [0, 0, 0.5, 1.5], "rotation": 90, "texture": "#4"},
				"west": {"uv": [0, 0, 0.5, 1.5], "rotation": 90, "texture": "#4", "cullface": "west"},
				"up": {"uv": [0, 0, 0.5, 1.5], "texture": "#4"},
				"down": {"uv": [0, 0, 0.5, 1.5], "rotation": 180, "texture": "#4"}
			}
		},
		{
			"from": [3, 2.5, 8],
			"to": [3.5, 3, 9],
			"rotation": {"angle": 0, "axis": "y", "origin": [7.5, 4, 8.5]},
			"faces": {
				"north": {"uv": [0, 0, 0.5, 1.5], "rotation": 90, "texture": "#4", "cullface": "west"},
				"south": {"uv": [0, 0, 0.5, 1.5], "rotation": 90, "texture": "#4", "cullface": "west"},
				"west": {"uv": [0, 0, 0.5, 1.5], "rotation": 90, "texture": "#4", "cullface": "west"},
				"up": {"uv": [0, 0, 0.5, 1.5], "texture": "#4", "cullface": "west"},
				"down": {"uv": [0, 0, 0.5, 1.5], "rotation": 180, "texture": "#4", "cullface": "west"}
			}
		},
		{
			"from": [3, 2.5, 9.5],
			"to": [4.5, 3, 10],
			"rotation": {"angle": 0, "axis": "y", "origin": [7.5, 4, 8.5]},
			"faces": {
				"north": {"uv": [0, 0, 0.5, 1.5], "rotation": 90, "texture": "#4"},
				"east": {"uv": [0, 0, 0.5, 1.5], "rotation": 90, "texture": "#4"},
				"south": {"uv": [0, 0, 0.5, 1.5], "rotation": 90, "texture": "#4"},
				"west": {"uv": [0, 0, 0.5, 1.5], "rotation": 90, "texture": "#4", "cullface": "west"},
				"up": {"uv": [0, 0, 0.5, 1.5], "texture": "#4"},
				"down": {"uv": [0, 0, 0.5, 1.5], "rotation": 180, "texture": "#4"}
			}
		},
		{
			"from": [3, 0.5, 7],
			"to": [4.5, 1, 7.5],
			"rotation": {"angle": 0, "axis": "y", "origin": [7.5, 2, 8.5]},
			"faces": {
				"north": {"uv": [0, 0, 0.5, 1.5], "rotation": 90, "texture": "#4"},
				"east": {"uv": [0, 0, 0.5, 1.5], "rotation": 90, "texture": "#4"},
				"south": {"uv": [0, 0, 0.5, 1.5], "rotation": 90, "texture": "#4"},
				"west": {"uv": [0, 0, 0.5, 1.5], "rotation": 90, "texture": "#4", "cullface": "west"},
				"up": {"uv": [0, 0, 0.5, 1.5], "texture": "#4"},
				"down": {"uv": [0, 0, 0.5, 1.5], "rotation": 180, "texture": "#4"}
			}
		},
		{
			"from": [3, 0.5, 8],
			"to": [3.5, 1, 9],
			"rotation": {"angle": 0, "axis": "y", "origin": [7.5, 2, 8.5]},
			"faces": {
				"north": {"uv": [0, 0, 0.5, 1.5], "rotation": 90, "texture": "#4", "cullface": "west"},
				"south": {"uv": [0, 0, 0.5, 1.5], "rotation": 90, "texture": "#4", "cullface": "west"},
				"west": {"uv": [0, 0, 0.5, 1.5], "rotation": 90, "texture": "#4", "cullface": "west"},
				"up": {"uv": [0, 0, 0.5, 1.5], "texture": "#4", "cullface": "west"},
				"down": {"uv": [0, 0, 0.5, 1.5], "rotation": 180, "texture": "#4", "cullface": "west"}
			}
		},
		{
			"from": [3, 0.5, 9.5],
			"to": [4.5, 1, 10],
			"rotation": {"angle": 0, "axis": "y", "origin": [7.5, 2, 8.5]},
			"faces": {
				"north": {"uv": [0, 0, 0.5, 1.5], "rotation": 90, "texture": "#4"},
				"east": {"uv": [0, 0, 0.5, 1.5], "rotation": 90, "texture": "#4"},
				"south": {"uv": [0, 0, 0.5, 1.5], "rotation": 90, "texture": "#4"},
				"west": {"uv": [0, 0, 0.5, 1.5], "rotation": 90, "texture": "#4", "cullface": "west"},
				"up": {"uv": [0, 0, 0.5, 1.5], "texture": "#4"},
				"down": {"uv": [0, 0, 0.5, 1.5], "rotation": 180, "texture": "#4"}
			}
		},
		{
			"from": [2.5, 1, 7],
			"to": [3, 2.5, 7.5],
			"rotation": {"angle": 0, "axis": "y", "origin": [7.5, 4, 8.5]},
			"faces": {
				"north": {"uv": [0, 0, 0.5, 1.5], "texture": "#4", "cullface": "west"},
				"east": {"uv": [0, 0, 0.5, 1.5], "texture": "#4", "cullface": "west"},
				"south": {"uv": [0, 0, 0.5, 1.5], "texture": "#4", "cullface": "west"},
				"west": {"uv": [0, 0, 0.5, 1.5], "texture": "#4", "cullface": "west"},
				"up": {"uv": [0, 0, 0.5, 1.5], "rotation": 270, "texture": "#4", "cullface": "west"}
			}
		},
		{
			"from": [2.5, 1, 8],
			"to": [3, 2.5, 9],
			"rotation": {"angle": 0, "axis": "y", "origin": [7.5, 4, 8.5]},
			"faces": {
				"north": {"uv": [0, 0, 0.5, 1.5], "texture": "#4", "cullface": "west"},
				"east": {"uv": [0, 0, 0.5, 1.5], "texture": "#4", "cullface": "west"},
				"south": {"uv": [0, 0, 0.5, 1.5], "texture": "#4", "cullface": "west"},
				"west": {"uv": [0, 0, 0.5, 1.5], "texture": "#4", "cullface": "west"},
				"up": {"uv": [0, 0, 0.5, 1.5], "rotation": 270, "texture": "#4", "cullface": "west"}
			}
		},
		{
			"from": [2.5, 1, 9.5],
			"to": [3, 2.5, 10],
			"rotation": {"angle": 0, "axis": "y", "origin": [7.5, 4, 8.5]},
			"faces": {
				"north": {"uv": [0, 0, 0.5, 1.5], "texture": "#4", "cullface": "west"},
				"east": {"uv": [0, 0, 0.5, 1.5], "texture": "#4", "cullface": "west"},
				"south": {"uv": [0, 0, 0.5, 1.5], "texture": "#4", "cullface": "west"},
				"west": {"uv": [0, 0, 0.5, 1.5], "texture": "#4", "cullface": "west"},
				"up": {"uv": [0, 0, 0.5, 1.5], "rotation": 270, "texture": "#4", "cullface": "west"}
			}
		},
		{
			"from": [4.5, 0.5, 7],
			"to": [5.5, 5.5, 8.5],
			"rotation": {"angle": 0, "axis": "y", "origin": [7.5, 4, 8.5]},
			"faces": {
				"east": {"uv": [0, 0, 0.5, 4], "texture": "#2"},
				"west": {"uv": [0, 0, 0.5, 4], "texture": "#2"}
			}
		},
		{
			"from": [3.5, 1, 8],
			"to": [4, 5, 9],
			"rotation": {"angle": 0, "axis": "y", "origin": [7.5, 4, 8.5]},
			"faces": {
				"north": {"uv": [0, 0, 0.5, 4], "texture": "#2"},
				"east": {"uv": [0, 0, 0.5, 4], "texture": "#2"},
				"south": {"uv": [0, 0, 0.5, 4], "texture": "#2"},
				"west": {"uv": [0, 0, 0.5, 4], "texture": "#2", "cullface": "west"},
				"up": {"uv": [4, 0, 6.5, 4], "rotation": 270, "texture": "#2"}
			}
		},
		{
			"from": [4, 1, 9],
			"to": [4.5, 5, 9.5],
			"rotation": {"angle": 0, "axis": "y", "origin": [7.5, 4, 8.5]},
			"faces": {
				"north": {"uv": [0, 0, 0.5, 4], "texture": "#2"},
				"east": {"uv": [0, 0, 0.5, 4], "texture": "#2"},
				"south": {"uv": [0, 0, 0.5, 4], "texture": "#2"},
				"west": {"uv": [0, 0, 0.5, 4], "texture": "#2"},
				"up": {"uv": [0, 0, 0.5, 4], "rotation": 270, "texture": "#2"}
			}
		},
		{
			"from": [4.5, 0.5, 8.5],
			"to": [5.5, 5.5, 10],
			"rotation": {"angle": 0, "axis": "y", "origin": [7.5, 4, 8.5]},
			"faces": {
				"east": {"uv": [0, 0, 0.5, 4], "texture": "#2"},
				"west": {"uv": [0, 0, 0.5, 4], "texture": "#2"}
			}
		},
		{
			"from": [6.5, 1, 11.5],
			"to": [7, 5, 12],
			"rotation": {"angle": 0, "axis": "y", "origin": [7.5, 4, 8.5]},
			"faces": {
				"north": {"uv": [0, 0, 0.5, 4], "texture": "#2"},
				"east": {"uv": [0, 0, 0.5, 4], "texture": "#2"},
				"south": {"uv": [0, 0, 0.5, 4], "texture": "#2"},
				"west": {"uv": [0, 0, 0.5, 4], "texture": "#2"},
				"up": {"uv": [0, 0, 0.5, 4], "rotation": 180, "texture": "#2"}
			}
		},
		{
			"from": [6, 2.5, 11.5],
			"to": [6.5, 3, 13],
			"rotation": {"angle": 0, "axis": "y", "origin": [7.5, 4, 8.5]},
			"faces": {
				"north": {"uv": [0, 0, 0.5, 1.5], "rotation": 90, "texture": "#4"},
				"east": {"uv": [0, 0, 0.5, 1.5], "rotation": 90, "texture": "#4"},
				"south": {"uv": [0, 0, 0.5, 1.5], "rotation": 90, "texture": "#4", "cullface": "south"},
				"west": {"uv": [0, 0, 0.5, 1.5], "rotation": 90, "texture": "#4"},
				"up": {"uv": [0, 0, 0.5, 1.5], "rotation": 270, "texture": "#4"},
				"down": {"uv": [0, 0, 0.5, 1.5], "rotation": 270, "texture": "#4"}
			}
		},
		{
			"from": [7, 2.5, 12.5],
			"to": [8, 3, 13],
			"rotation": {"angle": 0, "axis": "y", "origin": [7.5, 4, 8.5]},
			"faces": {
				"east": {"uv": [0, 0, 0.5, 1.5], "rotation": 90, "texture": "#4", "cullface": "south"},
				"south": {"uv": [0, 0, 0.5, 1.5], "rotation": 90, "texture": "#4", "cullface": "south"},
				"west": {"uv": [0, 0, 0.5, 1.5], "rotation": 90, "texture": "#4", "cullface": "south"},
				"up": {"uv": [0, 0, 0.5, 1.5], "rotation": 270, "texture": "#4", "cullface": "south"},
				"down": {"uv": [0, 0, 0.5, 1.5], "rotation": 270, "texture": "#4", "cullface": "south"}
			}
		},
		{
			"from": [8.5, 2.5, 11.5],
			"to": [9, 3, 13],
			"rotation": {"angle": 0, "axis": "y", "origin": [7.5, 4, 8.5]},
			"faces": {
				"north": {"uv": [0, 0, 0.5, 1.5], "rotation": 90, "texture": "#4"},
				"east": {"uv": [0, 0, 0.5, 1.5], "rotation": 90, "texture": "#4"},
				"south": {"uv": [0, 0, 0.5, 1.5], "rotation": 90, "texture": "#4", "cullface": "south"},
				"west": {"uv": [0, 0, 0.5, 1.5], "rotation": 90, "texture": "#4"},
				"up": {"uv": [0, 0, 0.5, 1.5], "rotation": 270, "texture": "#4"},
				"down": {"uv": [0, 0, 0.5, 1.5], "rotation": 270, "texture": "#4"}
			}
		},
		{
			"from": [6, 0.5, 11.5],
			"to": [6.5, 1, 13],
			"rotation": {"angle": 0, "axis": "y", "origin": [7.5, 2, 8.5]},
			"faces": {
				"north": {"uv": [0, 0, 0.5, 1.5], "rotation": 90, "texture": "#4"},
				"east": {"uv": [0, 0, 0.5, 1.5], "rotation": 90, "texture": "#4"},
				"south": {"uv": [0, 0, 0.5, 1.5], "rotation": 90, "texture": "#4", "cullface": "south"},
				"west": {"uv": [0, 0, 0.5, 1.5], "rotation": 90, "texture": "#4"},
				"up": {"uv": [0, 0, 0.5, 1.5], "rotation": 270, "texture": "#4"},
				"down": {"uv": [0, 0, 0.5, 1.5], "rotation": 270, "texture": "#4"}
			}
		},
		{
			"from": [7, 0.5, 12.5],
			"to": [8, 1, 13],
			"rotation": {"angle": 0, "axis": "y", "origin": [7.5, 2, 8.5]},
			"faces": {
				"east": {"uv": [0, 0, 0.5, 1.5], "rotation": 90, "texture": "#4", "cullface": "south"},
				"south": {"uv": [0, 0, 0.5, 1.5], "rotation": 90, "texture": "#4", "cullface": "south"},
				"west": {"uv": [0, 0, 0.5, 1.5], "rotation": 90, "texture": "#4", "cullface": "south"},
				"up": {"uv": [0, 0, 0.5, 1.5], "rotation": 270, "texture": "#4", "cullface": "south"},
				"down": {"uv": [0, 0, 0.5, 1.5], "rotation": 270, "texture": "#4", "cullface": "south"}
			}
		},
		{
			"from": [8.5, 0.5, 11.5],
			"to": [9, 1, 13],
			"rotation": {"angle": 0, "axis": "y", "origin": [7.5, 2, 8.5]},
			"faces": {
				"north": {"uv": [0, 0, 0.5, 1.5], "rotation": 90, "texture": "#4"},
				"east": {"uv": [0, 0, 0.5, 1.5], "rotation": 90, "texture": "#4"},
				"south": {"uv": [0, 0, 0.5, 1.5], "rotation": 90, "texture": "#4", "cullface": "south"},
				"west": {"uv": [0, 0, 0.5, 1.5], "rotation": 90, "texture": "#4"},
				"up": {"uv": [0, 0, 0.5, 1.5], "rotation": 270, "texture": "#4"},
				"down": {"uv": [0, 0, 0.5, 1.5], "rotation": 270, "texture": "#4"}
			}
		},
		{
			"from": [6, 1, 13],
			"to": [6.5, 2.5, 13.5],
			"rotation": {"angle": 0, "axis": "y", "origin": [7.5, 4, 8.5]},
			"faces": {
				"north": {"uv": [0, 0, 0.5, 1.5], "texture": "#4", "cullface": "south"},
				"east": {"uv": [0, 0, 0.5, 1.5], "texture": "#4", "cullface": "south"},
				"south": {"uv": [0, 0, 0.5, 1.5], "texture": "#4", "cullface": "south"},
				"west": {"uv": [0, 0, 0.5, 1.5], "texture": "#4", "cullface": "south"},
				"up": {"uv": [0, 0, 0.5, 1.5], "rotation": 180, "texture": "#4", "cullface": "south"}
			}
		},
		{
			"from": [7, 1, 13],
			"to": [8, 2.5, 13.5],
			"rotation": {"angle": 0, "axis": "y", "origin": [7.5, 4, 8.5]},
			"faces": {
				"north": {"uv": [0, 0, 0.5, 1.5], "texture": "#4", "cullface": "south"},
				"east": {"uv": [0, 0, 0.5, 1.5], "texture": "#4", "cullface": "south"},
				"south": {"uv": [0, 0, 0.5, 1.5], "texture": "#4", "cullface": "south"},
				"west": {"uv": [0, 0, 0.5, 1.5], "texture": "#4", "cullface": "south"},
				"up": {"uv": [0, 0, 0.5, 1.5], "rotation": 180, "texture": "#4", "cullface": "south"}
			}
		},
		{
			"from": [8.5, 1, 13],
			"to": [9, 2.5, 13.5],
			"rotation": {"angle": 0, "axis": "y", "origin": [7.5, 4, 8.5]},
			"faces": {
				"north": {"uv": [0, 0, 0.5, 1.5], "texture": "#4", "cullface": "south"},
				"east": {"uv": [0, 0, 0.5, 1.5], "texture": "#4", "cullface": "south"},
				"south": {"uv": [0, 0, 0.5, 1.5], "texture": "#4", "cullface": "south"},
				"west": {"uv": [0, 0, 0.5, 1.5], "texture": "#4", "cullface": "south"},
				"up": {"uv": [0, 0, 0.5, 1.5], "rotation": 180, "texture": "#4", "cullface": "south"}
			}
		},
		{
			"from": [6, 0.5, 10.5],
			"to": [7.5, 5.5, 11.5],
			"rotation": {"angle": 0, "axis": "y", "origin": [7.5, 4, 8.5]},
			"faces": {
				"north": {"uv": [0, 0, 0.5, 4], "texture": "#2"},
				"south": {"uv": [0, 0, 0.5, 4], "texture": "#2"}
			}
		},
		{
			"from": [6.5, 5, 11.5],
			"to": [8.5, 5.5, 12],
			"rotation": {"angle": 0, "axis": "y", "origin": [7.5, 4, 8.5]},
			"faces": {
				"north": {"uv": [0, 0, 0.5, 2], "texture": "#2", "cullface": "south"},
				"east": {"uv": [0, 0, 0.5, 2], "texture": "#2", "cullface": "south"},
				"south": {"uv": [0, 0, 0.5, 2], "texture": "#2", "cullface": "south"},
				"west": {"uv": [0, 0, 0.5, 2], "texture": "#2", "cullface": "south"},
				"up": {"uv": [0, 0, 0.5, 2], "texture": "#2", "cullface": "south"},
				"down": {"uv": [0, 0, 0.5, 2], "texture": "#2", "cullface": "south"}
			}
		},
		{
			"from": [6.5, 5, 5],
			"to": [8.5, 5.5, 5.5],
			"rotation": {"angle": 0, "axis": "y", "origin": [7.5, 4, 8.5]},
			"faces": {
				"north": {"uv": [0, 0, 0.5, 2], "texture": "#2", "cullface": "south"},
				"east": {"uv": [0, 0, 0.5, 2], "texture": "#2", "cullface": "south"},
				"south": {"uv": [0, 0, 0.5, 2], "texture": "#2", "cullface": "south"},
				"west": {"uv": [0, 0, 0.5, 2], "texture": "#2", "cullface": "south"},
				"up": {"uv": [0, 0, 0.5, 2], "texture": "#2", "cullface": "south"},
				"down": {"uv": [0, 0, 0.5, 2], "texture": "#2", "cullface": "south"}
			}
		},
		{
			"from": [7, 1, 12],
			"to": [8, 5, 12.5],
			"rotation": {"angle": 0, "axis": "y", "origin": [7.5, 4, 8.5]},
			"faces": {
				"north": {"uv": [0, 0, 0.5, 4], "texture": "#2"},
				"east": {"uv": [0, 0, 0.5, 4], "texture": "#2"},
				"south": {"uv": [0, 0, 0.5, 4], "texture": "#2", "cullface": "south"},
				"west": {"uv": [0, 0, 0.5, 4], "texture": "#2"},
				"up": {"uv": [4, 0, 6.5, 4], "rotation": 180, "texture": "#2"}
			}
		},
		{
			"from": [8, 1, 11.5],
			"to": [8.5, 5, 12],
			"rotation": {"angle": 0, "axis": "y", "origin": [7.5, 4, 8.5]},
			"faces": {
				"north": {"uv": [0, 0, 0.5, 4], "texture": "#2"},
				"east": {"uv": [0, 0, 0.5, 4], "texture": "#2"},
				"south": {"uv": [0, 0, 0.5, 4], "texture": "#2"},
				"west": {"uv": [0, 0, 0.5, 4], "texture": "#2"},
				"up": {"uv": [0, 0, 0.5, 4], "rotation": 180, "texture": "#2"}
			}
		},
		{
			"from": [7.5, 0.5, 10.5],
			"to": [9, 5.5, 11.5],
			"rotation": {"angle": 0, "axis": "y", "origin": [7.5, 4, 8.5]},
			"faces": {
				"north": {"uv": [0, 0, 0.5, 4], "texture": "#2"},
				"south": {"uv": [0, 0, 0.5, 4], "texture": "#2"}
			}
		},
		{
			"from": [10.5, 1, 9],
			"to": [11, 5, 9.5],
			"rotation": {"angle": 0, "axis": "y", "origin": [7.5, 4, 8.5]},
			"faces": {
				"north": {"uv": [0, 0, 0.5, 4], "texture": "#2"},
				"east": {"uv": [0, 0, 0.5, 4], "texture": "#2"},
				"south": {"uv": [0, 0, 0.5, 4], "texture": "#2"},
				"west": {"uv": [0, 0, 0.5, 4], "texture": "#2"},
				"up": {"uv": [0, 0, 0.5, 4], "rotation": 90, "texture": "#2"}
			}
		},
		{
			"from": [10.5, 2.5, 9.5],
			"to": [12, 3, 10],
			"rotation": {"angle": 0, "axis": "y", "origin": [7.5, 4, 8.5]},
			"faces": {
				"north": {"uv": [0, 0, 0.5, 1.5], "rotation": 90, "texture": "#4"},
				"east": {"uv": [0, 0, 0.5, 1.5], "rotation": 90, "texture": "#4", "cullface": "east"},
				"south": {"uv": [0, 0, 0.5, 1.5], "rotation": 90, "texture": "#4"},
				"west": {"uv": [0, 0, 0.5, 1.5], "rotation": 90, "texture": "#4"},
				"up": {"uv": [0, 0, 0.5, 1.5], "rotation": 180, "texture": "#4"},
				"down": {"uv": [0, 0, 0.5, 1.5], "texture": "#4"}
			}
		},
		{
			"from": [11.5, 2.5, 8],
			"to": [12, 3, 9],
			"rotation": {"angle": 0, "axis": "y", "origin": [7.5, 4, 8.5]},
			"faces": {
				"north": {"uv": [0, 0, 0.5, 1.5], "rotation": 90, "texture": "#4", "cullface": "east"},
				"east": {"uv": [0, 0, 0.5, 1.5], "rotation": 90, "texture": "#4", "cullface": "east"},
				"south": {"uv": [0, 0, 0.5, 1.5], "rotation": 90, "texture": "#4", "cullface": "east"},
				"up": {"uv": [0, 0, 0.5, 1.5], "rotation": 180, "texture": "#4", "cullface": "east"},
				"down": {"uv": [0, 0, 0.5, 1.5], "texture": "#4", "cullface": "east"}
			}
		},
		{
			"from": [10.5, 2.5, 7],
			"to": [12, 3, 7.5],
			"rotation": {"angle": 0, "axis": "y", "origin": [7.5, 4, 8.5]},
			"faces": {
				"north": {"uv": [0, 0, 0.5, 1.5], "rotation": 90, "texture": "#4"},
				"east": {"uv": [0, 0, 0.5, 1.5], "rotation": 90, "texture": "#4", "cullface": "east"},
				"south": {"uv": [0, 0, 0.5, 1.5], "rotation": 90, "texture": "#4"},
				"west": {"uv": [0, 0, 0.5, 1.5], "rotation": 90, "texture": "#4"},
				"up": {"uv": [0, 0, 0.5, 1.5], "rotation": 180, "texture": "#4"},
				"down": {"uv": [0, 0, 0.5, 1.5], "texture": "#4"}
			}
		},
		{
			"from": [10.5, 0.5, 9.5],
			"to": [12, 1, 10],
			"rotation": {"angle": 0, "axis": "y", "origin": [7.5, 2, 8.5]},
			"faces": {
				"north": {"uv": [0, 0, 0.5, 1.5], "rotation": 90, "texture": "#4"},
				"east": {"uv": [0, 0, 0.5, 1.5], "rotation": 90, "texture": "#4", "cullface": "east"},
				"south": {"uv": [0, 0, 0.5, 1.5], "rotation": 90, "texture": "#4"},
				"west": {"uv": [0, 0, 0.5, 1.5], "rotation": 90, "texture": "#4"},
				"up": {"uv": [0, 0, 0.5, 1.5], "rotation": 180, "texture": "#4"},
				"down": {"uv": [0, 0, 0.5, 1.5], "texture": "#4"}
			}
		},
		{
			"from": [11.5, 0.5, 8],
			"to": [12, 1, 9],
			"rotation": {"angle": 0, "axis": "y", "origin": [7.5, 2, 8.5]},
			"faces": {
				"north": {"uv": [0, 0, 0.5, 1.5], "rotation": 90, "texture": "#4", "cullface": "east"},
				"east": {"uv": [0, 0, 0.5, 1.5], "rotation": 90, "texture": "#4", "cullface": "east"},
				"south": {"uv": [0, 0, 0.5, 1.5], "rotation": 90, "texture": "#4", "cullface": "east"},
				"up": {"uv": [0, 0, 0.5, 1.5], "rotation": 180, "texture": "#4", "cullface": "east"},
				"down": {"uv": [0, 0, 0.5, 1.5], "texture": "#4", "cullface": "east"}
			}
		},
		{
			"from": [10.5, 0.5, 7],
			"to": [12, 1, 7.5],
			"rotation": {"angle": 0, "axis": "y", "origin": [7.5, 2, 8.5]},
			"faces": {
				"north": {"uv": [0, 0, 0.5, 1.5], "rotation": 90, "texture": "#4"},
				"east": {"uv": [0, 0, 0.5, 1.5], "rotation": 90, "texture": "#4", "cullface": "east"},
				"south": {"uv": [0, 0, 0.5, 1.5], "rotation": 90, "texture": "#4"},
				"west": {"uv": [0, 0, 0.5, 1.5], "rotation": 90, "texture": "#4"},
				"up": {"uv": [0, 0, 0.5, 1.5], "rotation": 180, "texture": "#4"},
				"down": {"uv": [0, 0, 0.5, 1.5], "texture": "#4"}
			}
		},
		{
			"from": [12, 1, 9.5],
			"to": [12.5, 2.5, 10],
			"rotation": {"angle": 0, "axis": "y", "origin": [7.5, 4, 8.5]},
			"faces": {
				"north": {"uv": [0, 0, 0.5, 1.5], "texture": "#4", "cullface": "east"},
				"east": {"uv": [0, 0, 0.5, 1.5], "texture": "#4", "cullface": "east"},
				"south": {"uv": [0, 0, 0.5, 1.5], "texture": "#4", "cullface": "east"},
				"west": {"uv": [0, 0, 0.5, 1.5], "texture": "#4", "cullface": "east"},
				"up": {"uv": [0, 0, 0.5, 1.5], "rotation": 90, "texture": "#4", "cullface": "east"}
			}
		},
		{
			"from": [12, 1, 8],
			"to": [12.5, 2.5, 9],
			"rotation": {"angle": 0, "axis": "y", "origin": [7.5, 4, 8.5]},
			"faces": {
				"north": {"uv": [0, 0, 0.5, 1.5], "texture": "#4", "cullface": "east"},
				"east": {"uv": [0, 0, 0.5, 1.5], "texture": "#4", "cullface": "east"},
				"south": {"uv": [0, 0, 0.5, 1.5], "texture": "#4", "cullface": "east"},
				"west": {"uv": [0, 0, 0.5, 1.5], "texture": "#4", "cullface": "east"},
				"up": {"uv": [0, 0, 0.5, 1.5], "rotation": 90, "texture": "#4", "cullface": "east"}
			}
		},
		{
			"from": [12, 1, 7],
			"to": [12.5, 2.5, 7.5],
			"rotation": {"angle": 0, "axis": "y", "origin": [7.5, 4, 8.5]},
			"faces": {
				"north": {"uv": [0, 0, 0.5, 1.5], "texture": "#4", "cullface": "east"},
				"east": {"uv": [0, 0, 0.5, 1.5], "texture": "#4", "cullface": "east"},
				"south": {"uv": [0, 0, 0.5, 1.5], "texture": "#4", "cullface": "east"},
				"west": {"uv": [0, 0, 0.5, 1.5], "texture": "#4", "cullface": "east"},
				"up": {"uv": [0, 0, 0.5, 1.5], "rotation": 90, "texture": "#4", "cullface": "east"}
			}
		},
		{
			"from": [9.5, 0.5, 8.5],
			"to": [10.5, 5.5, 10],
			"rotation": {"angle": 0, "axis": "y", "origin": [7.5, 4, 8.5]},
			"faces": {
				"east": {"uv": [0, 0, 0.5, 4], "texture": "#2"},
				"west": {"uv": [0, 0, 0.5, 4], "texture": "#2"}
			}
		},
		{
			"from": [4, 5, 7.5],
			"to": [4.5, 5.5, 9.5],
			"rotation": {"angle": 0, "axis": "y", "origin": [7.5, 4, 8.5]},
			"faces": {
				"north": {"uv": [0, 0, 0.5, 2], "texture": "#2", "cullface": "east"},
				"east": {"uv": [0, 0, 0.5, 2], "texture": "#2", "cullface": "east"},
				"south": {"uv": [0, 0, 0.5, 2], "texture": "#2", "cullface": "east"},
				"west": {"uv": [0, 0, 0.5, 2], "texture": "#2", "cullface": "east"},
				"up": {"uv": [0, 0, 0.5, 2], "texture": "#2", "cullface": "east"},
				"down": {"uv": [0, 0, 0.5, 2], "texture": "#2", "cullface": "east"}
			}
		},
		{
			"from": [10.5, 5, 7.5],
			"to": [11, 5.5, 9.5],
			"rotation": {"angle": 0, "axis": "y", "origin": [7.5, 4, 8.5]},
			"faces": {
				"north": {"uv": [0, 0, 0.5, 2], "texture": "#2", "cullface": "east"},
				"east": {"uv": [0, 0, 0.5, 2], "texture": "#2", "cullface": "east"},
				"south": {"uv": [0, 0, 0.5, 2], "texture": "#2", "cullface": "east"},
				"west": {"uv": [0, 0, 0.5, 2], "texture": "#2", "cullface": "east"},
				"up": {"uv": [0, 0, 0.5, 2], "texture": "#2", "cullface": "east"},
				"down": {"uv": [0, 0, 0.5, 2], "texture": "#2", "cullface": "east"}
			}
		},
		{
			"from": [11, 1, 8],
			"to": [11.5, 5, 9],
			"rotation": {"angle": 0, "axis": "y", "origin": [7.5, 4, 8.5]},
			"faces": {
				"north": {"uv": [0, 0, 0.5, 4], "texture": "#2"},
				"east": {"uv": [0, 0, 0.5, 4], "texture": "#2", "cullface": "east"},
				"south": {"uv": [0, 0, 0.5, 4], "texture": "#2"},
				"west": {"uv": [0, 0, 0.5, 4], "texture": "#2"},
				"up": {"uv": [4, 0, 6.5, 4], "rotation": 90, "texture": "#2"}
			}
		},
		{
			"from": [10.5, 1, 7.5],
			"to": [11, 5, 8],
			"rotation": {"angle": 0, "axis": "y", "origin": [7.5, 4, 8.5]},
			"faces": {
				"north": {"uv": [0, 0, 0.5, 4], "texture": "#2"},
				"east": {"uv": [0, 0, 0.5, 4], "texture": "#2"},
				"south": {"uv": [0, 0, 0.5, 4], "texture": "#2"},
				"west": {"uv": [0, 0, 0.5, 4], "texture": "#2"},
				"up": {"uv": [0, 0, 0.5, 4], "rotation": 90, "texture": "#2"}
			}
		},
		{
			"from": [9.5, 0.5, 7],
			"to": [10.5, 5.5, 8.5],
			"rotation": {"angle": 0, "axis": "y", "origin": [7.5, 4, 8.5]},
			"faces": {
				"east": {"uv": [0, 0, 0.5, 4], "texture": "#2"},
				"west": {"uv": [0, 0, 0.5, 4], "texture": "#2"}
			}
		},
		{
			"from": [10.5, 1, 9],
			"to": [11, 5, 9.5],
			"rotation": {"angle": 45, "axis": "y", "origin": [7.5, 4, 8.5]},
			"faces": {
				"north": {"uv": [0, 0, 0.5, 4], "texture": "#2"},
				"east": {"uv": [0, 0, 0.5, 4], "texture": "#2"},
				"south": {"uv": [0, 0, 0.5, 4], "texture": "#2"},
				"west": {"uv": [0, 0, 0.5, 4], "texture": "#2"},
				"up": {"uv": [0, 0, 0.5, 4], "rotation": 90, "texture": "#2"},
				"down": {"uv": [0, 0, 0.5, 4], "rotation": 270, "texture": "#2"}
			}
		},
		{
			"from": [10.5, 2.5, 9.5],
			"to": [12, 3, 10],
			"rotation": {"angle": 45, "axis": "y", "origin": [7.5, 4, 8.5]},
			"faces": {
				"north": {"uv": [0, 0, 0.5, 1.5], "rotation": 90, "texture": "#4"},
				"east": {"uv": [0, 0, 0.5, 1.5], "rotation": 90, "texture": "#4"},
				"south": {"uv": [0, 0, 0.5, 1.5], "rotation": 90, "texture": "#4"},
				"west": {"uv": [0, 0, 0.5, 1.5], "rotation": 90, "texture": "#4"},
				"up": {"uv": [0, 0, 0.5, 1.5], "rotation": 180, "texture": "#4"},
				"down": {"uv": [0, 0, 0.5, 1.5], "texture": "#4"}
			}
		},
		{
			"from": [11.5, 2.5, 8],
			"to": [12, 3, 9],
			"rotation": {"angle": 45, "axis": "y", "origin": [7.5, 4, 8.5]},
			"faces": {
				"north": {"uv": [0, 0, 0.5, 1.5], "rotation": 90, "texture": "#4"},
				"east": {"uv": [0, 0, 0.5, 1.5], "rotation": 90, "texture": "#4"},
				"south": {"uv": [0, 0, 0.5, 1.5], "rotation": 90, "texture": "#4"},
				"up": {"uv": [0, 0, 0.5, 1.5], "rotation": 180, "texture": "#4"},
				"down": {"uv": [0, 0, 0.5, 1.5], "texture": "#4"}
			}
		},
		{
			"from": [10.5, 2.5, 7],
			"to": [12, 3, 7.5],
			"rotation": {"angle": 45, "axis": "y", "origin": [7.5, 4, 8.5]},
			"faces": {
				"north": {"uv": [0, 0, 0.5, 1.5], "rotation": 90, "texture": "#4"},
				"east": {"uv": [0, 0, 0.5, 1.5], "rotation": 90, "texture": "#4"},
				"south": {"uv": [0, 0, 0.5, 1.5], "rotation": 90, "texture": "#4"},
				"west": {"uv": [0, 0, 0.5, 1.5], "rotation": 90, "texture": "#4"},
				"up": {"uv": [0, 0, 0.5, 1.5], "rotation": 180, "texture": "#4"},
				"down": {"uv": [0, 0, 0.5, 1.5], "texture": "#4"}
			}
		},
		{
			"from": [10.5, 0.5, 9.5],
			"to": [12, 1, 10],
			"rotation": {"angle": 45, "axis": "y", "origin": [7.5, 4, 8.5]},
			"faces": {
				"north": {"uv": [0, 0, 0.5, 1.5], "rotation": 90, "texture": "#4"},
				"east": {"uv": [0, 0, 0.5, 1.5], "rotation": 90, "texture": "#4"},
				"south": {"uv": [0, 0, 0.5, 1.5], "rotation": 90, "texture": "#4"},
				"west": {"uv": [0, 0, 0.5, 1.5], "rotation": 90, "texture": "#4"},
				"up": {"uv": [0, 0, 0.5, 1.5], "rotation": 180, "texture": "#4"},
				"down": {"uv": [0, 0, 0.5, 1.5], "texture": "#4"}
			}
		},
		{
			"from": [11.5, 0.5, 8],
			"to": [12, 1, 9],
			"rotation": {"angle": 45, "axis": "y", "origin": [7.5, 4, 8.5]},
			"faces": {
				"north": {"uv": [0, 0, 0.5, 1.5], "rotation": 90, "texture": "#4"},
				"east": {"uv": [0, 0, 0.5, 1.5], "rotation": 90, "texture": "#4"},
				"south": {"uv": [0, 0, 0.5, 1.5], "rotation": 90, "texture": "#4"},
				"up": {"uv": [0, 0, 0.5, 1.5], "rotation": 180, "texture": "#4"},
				"down": {"uv": [0, 0, 0.5, 1.5], "texture": "#4"}
			}
		},
		{
			"from": [10.5, 0.5, 7],
			"to": [12, 1, 7.5],
			"rotation": {"angle": 45, "axis": "y", "origin": [7.5, 4, 8.5]},
			"faces": {
				"north": {"uv": [0, 0, 0.5, 1.5], "rotation": 90, "texture": "#4"},
				"east": {"uv": [0, 0, 0.5, 1.5], "rotation": 90, "texture": "#4"},
				"south": {"uv": [0, 0, 0.5, 1.5], "rotation": 90, "texture": "#4"},
				"west": {"uv": [0, 0, 0.5, 1.5], "rotation": 90, "texture": "#4"},
				"up": {"uv": [0, 0, 0.5, 1.5], "rotation": 180, "texture": "#4"},
				"down": {"uv": [0, 0, 0.5, 1.5], "texture": "#4"}
			}
		},
		{
			"from": [12, 1, 9.5],
			"to": [12.5, 2.5, 10],
			"rotation": {"angle": 45, "axis": "y", "origin": [7.5, 4, 8.5]},
			"faces": {
				"north": {"uv": [0, 0, 0.5, 1.5], "texture": "#4"},
				"east": {"uv": [0, 0, 0.5, 1.5], "texture": "#4", "cullface": "east"},
				"south": {"uv": [0, 0, 0.5, 1.5], "texture": "#4", "cullface": "east"},
				"west": {"uv": [0, 0, 0.5, 1.5], "texture": "#4"},
				"up": {"uv": [0, 0, 0.5, 1.5], "rotation": 90, "texture": "#4"},
				"down": {"uv": [0, 0, 0.5, 1.5], "rotation": 270, "texture": "#4"}
			}
		},
		{
			"from": [12, 1, 8],
			"to": [12.5, 2.5, 9],
			"rotation": {"angle": 45, "axis": "y", "origin": [7.5, 4, 8.5]},
			"faces": {
				"north": {"uv": [0, 0, 0.5, 1.5], "texture": "#4"},
				"east": {"uv": [0, 0, 0.5, 1.5], "texture": "#4"},
				"south": {"uv": [0, 0, 0.5, 1.5], "texture": "#4"},
				"west": {"uv": [0, 0, 0.5, 1.5], "texture": "#4"},
				"up": {"uv": [0, 0, 0.5, 1.5], "rotation": 90, "texture": "#4"},
				"down": {"uv": [0, 0, 0.5, 1.5], "rotation": 270, "texture": "#4"}
			}
		},
		{
			"from": [12, 1, 7],
			"to": [12.5, 2.5, 7.5],
			"rotation": {"angle": 45, "axis": "y", "origin": [7.5, 4, 8.5]},
			"faces": {
				"north": {"uv": [0, 0, 0.5, 1.5], "texture": "#4", "cullface": "north"},
				"east": {"uv": [0, 0, 0.5, 1.5], "texture": "#4", "cullface": "north"},
				"south": {"uv": [0, 0, 0.5, 1.5], "texture": "#4"},
				"west": {"uv": [0, 0, 0.5, 1.5], "texture": "#4"},
				"up": {"uv": [0, 0, 0.5, 1.5], "rotation": 90, "texture": "#4"},
				"down": {"uv": [0, 0, 0.5, 1.5], "rotation": 270, "texture": "#4"}
			}
		},
		{
			"from": [9.5, 0.5, 8.5],
			"to": [10.5, 5.5, 10],
			"rotation": {"angle": 45, "axis": "y", "origin": [7.5, 4, 8.5]},
			"faces": {
				"east": {"uv": [0, 0, 0.5, 4], "texture": "#2"},
				"west": {"uv": [0, 0, 0.5, 4], "texture": "#2"}
			}
		},
		{
			"from": [11, 1, 8],
			"to": [11.5, 5, 9],
			"rotation": {"angle": 45, "axis": "y", "origin": [7.5, 4, 8.5]},
			"faces": {
				"north": {"uv": [0, 0, 0.5, 4], "texture": "#2"},
				"east": {"uv": [0, 0, 0.5, 4], "texture": "#2"},
				"south": {"uv": [0, 0, 0.5, 4], "texture": "#2"},
				"west": {"uv": [0, 0, 0.5, 4], "texture": "#2"},
				"up": {"uv": [4, 0, 6.5, 4], "rotation": 90, "texture": "#2"},
				"down": {"uv": [0, 0, 0.5, 4], "rotation": 270, "texture": "#2"}
			}
		},
		{
			"from": [9.5, 0.5, 7.5],
			"to": [11, 5.5, 9.5],
			"rotation": {"angle": 45, "axis": "y", "origin": [7.5, 4, 8.5]},
			"faces": {
				"north": {"uv": [0, 0, 0.5, 4], "texture": "#2"},
				"east": {"uv": [0, 0, 0.5, 4], "texture": "#2"},
				"south": {"uv": [0, 0, 0.5, 4], "texture": "#2"},
				"west": {"uv": [0, 0, 0.5, 4], "texture": "#2"},
				"up": {"uv": [0, 0, 0.5, 4], "rotation": 90, "texture": "#2"},
				"down": {"uv": [0, 0, 0.5, 4], "rotation": 270, "texture": "#2"}
			}
		},
		{
			"from": [10.5, 1, 7.5],
			"to": [11, 5, 8],
			"rotation": {"angle": 45, "axis": "y", "origin": [7.5, 4, 8.5]},
			"faces": {
				"north": {"uv": [0, 0, 0.5, 4], "texture": "#2"},
				"east": {"uv": [0, 0, 0.5, 4], "texture": "#2"},
				"south": {"uv": [0, 0, 0.5, 4], "texture": "#2"},
				"west": {"uv": [0, 0, 0.5, 4], "texture": "#2"},
				"up": {"uv": [0, 0, 0.5, 4], "rotation": 90, "texture": "#2"},
				"down": {"uv": [0, 0, 0.5, 4], "rotation": 270, "texture": "#2"}
			}
		},
		{
			"from": [9.5, 0.5, 7],
			"to": [10.5, 5.5, 8.5],
			"rotation": {"angle": 45, "axis": "y", "origin": [7.5, 4, 8.5]},
			"faces": {
				"east": {"uv": [0, 0, 0.5, 4], "texture": "#2"},
				"west": {"uv": [0, 0, 0.5, 4], "texture": "#2"}
			}
		},
		{
			"from": [8, 1, 5],
			"to": [8.5, 5, 5.5],
			"rotation": {"angle": 45, "axis": "y", "origin": [7.5, 4, 8.5]},
			"faces": {
				"north": {"uv": [0, 0, 0.5, 4], "texture": "#2"},
				"east": {"uv": [0, 0, 0.5, 4], "texture": "#2"},
				"south": {"uv": [0, 0, 0.5, 4], "texture": "#2"},
				"west": {"uv": [0, 0, 0.5, 4], "texture": "#2"},
				"up": {"uv": [0, 0, 0.5, 4], "texture": "#2"},
				"down": {"uv": [0, 0, 0.5, 4], "texture": "#2"}
			}
		},
		{
			"from": [8.5, 2.5, 4],
			"to": [9, 3, 5.5],
			"rotation": {"angle": 45, "axis": "y", "origin": [7.5, 4, 8.5]},
			"faces": {
				"north": {"uv": [0, 0, 0.5, 1.5], "rotation": 90, "texture": "#4"},
				"east": {"uv": [0, 0, 0.5, 1.5], "rotation": 90, "texture": "#4"},
				"south": {"uv": [0, 0, 0.5, 1.5], "rotation": 90, "texture": "#4"},
				"west": {"uv": [0, 0, 0.5, 1.5], "rotation": 90, "texture": "#4"},
				"up": {"uv": [0, 0, 0.5, 1.5], "rotation": 90, "texture": "#4"},
				"down": {"uv": [0, 0, 0.5, 1.5], "rotation": 90, "texture": "#4"}
			}
		},
		{
			"from": [7, 2.5, 4],
			"to": [8, 3, 4.5],
			"rotation": {"angle": 45, "axis": "y", "origin": [7.5, 4, 8.5]},
			"faces": {
				"north": {"uv": [0, 0, 0.5, 1.5], "rotation": 90, "texture": "#4"},
				"east": {"uv": [0, 0, 0.5, 1.5], "rotation": 90, "texture": "#4"},
				"west": {"uv": [0, 0, 0.5, 1.5], "rotation": 90, "texture": "#4"},
				"up": {"uv": [0, 0, 0.5, 1.5], "rotation": 90, "texture": "#4"},
				"down": {"uv": [0, 0, 0.5, 1.5], "rotation": 90, "texture": "#4"}
			}
		},
		{
			"from": [6, 2.5, 4],
			"to": [6.5, 3, 5.5],
			"rotation": {"angle": 45, "axis": "y", "origin": [7.5, 4, 8.5]},
			"faces": {
				"north": {"uv": [0, 0, 0.5, 1.5], "rotation": 90, "texture": "#4"},
				"east": {"uv": [0, 0, 0.5, 1.5], "rotation": 90, "texture": "#4"},
				"south": {"uv": [0, 0, 0.5, 1.5], "rotation": 90, "texture": "#4"},
				"west": {"uv": [0, 0, 0.5, 1.5], "rotation": 90, "texture": "#4"},
				"up": {"uv": [0, 0, 0.5, 1.5], "rotation": 90, "texture": "#4"},
				"down": {"uv": [0, 0, 0.5, 1.5], "rotation": 90, "texture": "#4"}
			}
		},
		{
			"from": [8.5, 0.5, 4],
			"to": [9, 1, 5.5],
			"rotation": {"angle": 45, "axis": "y", "origin": [7.5, 4, 8.5]},
			"faces": {
				"north": {"uv": [0, 0, 0.5, 1.5], "rotation": 90, "texture": "#4"},
				"east": {"uv": [0, 0, 0.5, 1.5], "rotation": 90, "texture": "#4"},
				"south": {"uv": [0, 0, 0.5, 1.5], "rotation": 90, "texture": "#4"},
				"west": {"uv": [0, 0, 0.5, 1.5], "rotation": 90, "texture": "#4"},
				"up": {"uv": [0, 0, 0.5, 1.5], "rotation": 90, "texture": "#4"},
				"down": {"uv": [0, 0, 0.5, 1.5], "rotation": 90, "texture": "#4"}
			}
		},
		{
			"from": [7, 0.5, 4],
			"to": [8, 1, 4.5],
			"rotation": {"angle": 45, "axis": "y", "origin": [7.5, 4, 8.5]},
			"faces": {
				"north": {"uv": [0, 0, 0.5, 1.5], "rotation": 90, "texture": "#4"},
				"east": {"uv": [0, 0, 0.5, 1.5], "rotation": 90, "texture": "#4"},
				"west": {"uv": [0, 0, 0.5, 1.5], "rotation": 90, "texture": "#4"},
				"up": {"uv": [0, 0, 0.5, 1.5], "rotation": 90, "texture": "#4"},
				"down": {"uv": [0, 0, 0.5, 1.5], "rotation": 90, "texture": "#4"}
			}
		},
		{
			"from": [6, 0.5, 4],
			"to": [6.5, 1, 5.5],
			"rotation": {"angle": 45, "axis": "y", "origin": [7.5, 4, 8.5]},
			"faces": {
				"north": {"uv": [0, 0, 0.5, 1.5], "rotation": 90, "texture": "#4"},
				"east": {"uv": [0, 0, 0.5, 1.5], "rotation": 90, "texture": "#4"},
				"south": {"uv": [0, 0, 0.5, 1.5], "rotation": 90, "texture": "#4"},
				"west": {"uv": [0, 0, 0.5, 1.5], "rotation": 90, "texture": "#4"},
				"up": {"uv": [0, 0, 0.5, 1.5], "rotation": 90, "texture": "#4"},
				"down": {"uv": [0, 0, 0.5, 1.5], "rotation": 90, "texture": "#4"}
			}
		},
		{
			"from": [8.5, 1, 3.5],
			"to": [9, 2.5, 4],
			"rotation": {"angle": 45, "axis": "y", "origin": [7.5, 4, 8.5]},
			"faces": {
				"north": {"uv": [0, 0, 0.5, 1.5], "texture": "#4", "cullface": "north"},
				"east": {"uv": [0, 0, 0.5, 1.5], "texture": "#4", "cullface": "north"},
				"south": {"uv": [0, 0, 0.5, 1.5], "texture": "#4"},
				"west": {"uv": [0, 0, 0.5, 1.5], "texture": "#4"},
				"up": {"uv": [0, 0, 0.5, 1.5], "texture": "#4"},
				"down": {"uv": [0, 0, 0.5, 1.5], "texture": "#4"}
			}
		},
		{
			"from": [7, 1, 3.5],
			"to": [8, 2.5, 4],
			"rotation": {"angle": 45, "axis": "y", "origin": [7.5, 4, 8.5]},
			"faces": {
				"north": {"uv": [0, 0, 0.5, 1.5], "texture": "#4"},
				"east": {"uv": [0, 0, 0.5, 1.5], "texture": "#4"},
				"south": {"uv": [0, 0, 0.5, 1.5], "texture": "#4"},
				"west": {"uv": [0, 0, 0.5, 1.5], "texture": "#4"},
				"up": {"uv": [0, 0, 0.5, 1.5], "texture": "#4"},
				"down": {"uv": [0, 0, 0.5, 1.5], "texture": "#4"}
			}
		},
		{
			"from": [6, 1, 3.5],
			"to": [6.5, 2.5, 4],
			"rotation": {"angle": 45, "axis": "y", "origin": [7.5, 4, 8.5]},
			"faces": {
				"north": {"uv": [0, 0, 0.5, 1.5], "texture": "#4", "cullface": "west"},
				"east": {"uv": [0, 0, 0.5, 1.5], "texture": "#4"},
				"south": {"uv": [0, 0, 0.5, 1.5], "texture": "#4"},
				"west": {"uv": [0, 0, 0.5, 1.5], "texture": "#4", "cullface": "west"},
				"up": {"uv": [0, 0, 0.5, 1.5], "texture": "#4"},
				"down": {"uv": [0, 0, 0.5, 1.5], "texture": "#4"}
			}
		},
		{
			"from": [7.5, 0.5, 5.5],
			"to": [9, 5.5, 6.5],
			"rotation": {"angle": 45, "axis": "y", "origin": [7.5, 4, 8.5]},
			"faces": {
				"north": {"uv": [0, 0, 0.5, 4], "texture": "#2"},
				"south": {"uv": [0, 0, 0.5, 4], "texture": "#2"}
			}
		},
		{
			"from": [7, 1, 4.5],
			"to": [8, 5, 5],
			"rotation": {"angle": 45, "axis": "y", "origin": [7.5, 4, 8.5]},
			"faces": {
				"north": {"uv": [0, 0, 0.5, 4], "texture": "#2"},
				"east": {"uv": [0, 0, 0.5, 4], "texture": "#2"},
				"south": {"uv": [0, 0, 0.5, 4], "texture": "#2"},
				"west": {"uv": [0, 0, 0.5, 4], "texture": "#2"},
				"up": {"uv": [4, 0, 6.5, 4], "texture": "#2"},
				"down": {"uv": [0, 0, 0.5, 4], "texture": "#2"}
			}
		},
		{
			"from": [6.5, 0.5, 5],
			"to": [8.5, 5.5, 6.5],
			"rotation": {"angle": 45, "axis": "y", "origin": [7.5, 4, 8.5]},
			"faces": {
				"north": {"uv": [0, 0, 0.5, 4], "texture": "#2"},
				"east": {"uv": [0, 0, 0.5, 4], "texture": "#2"},
				"south": {"uv": [0, 0, 0.5, 4], "texture": "#2"},
				"west": {"uv": [0, 0, 0.5, 4], "texture": "#2"},
				"up": {"uv": [0, 0, 0.5, 4], "texture": "#2"},
				"down": {"uv": [0, 0, 0.5, 4], "texture": "#2"}
			}
		},
		{
			"from": [6.5, 1, 5],
			"to": [7, 5, 5.5],
			"rotation": {"angle": 45, "axis": "y", "origin": [7.5, 4, 8.5]},
			"faces": {
				"north": {"uv": [0, 0, 0.5, 4], "texture": "#2"},
				"east": {"uv": [0, 0, 0.5, 4], "texture": "#2"},
				"south": {"uv": [0, 0, 0.5, 4], "texture": "#2"},
				"west": {"uv": [0, 0, 0.5, 4], "texture": "#2"},
				"up": {"uv": [0, 0, 0.5, 4], "texture": "#2"},
				"down": {"uv": [0, 0, 0.5, 4], "texture": "#2"}
			}
		},
		{
			"from": [6, 0.5, 5.5],
			"to": [7.5, 5.5, 6.5],
			"rotation": {"angle": 45, "axis": "y", "origin": [7.5, 4, 8.5]},
			"faces": {
				"north": {"uv": [0, 0, 0.5, 4], "texture": "#2"},
				"south": {"uv": [0, 0, 0.5, 4], "texture": "#2"}
			}
		},
		{
			"from": [4, 1, 7.5],
			"to": [4.5, 5, 8],
			"rotation": {"angle": 45, "axis": "y", "origin": [7.5, 4, 8.5]},
			"faces": {
				"north": {"uv": [0, 0, 0.5, 4], "texture": "#2"},
				"east": {"uv": [0, 0, 0.5, 4], "texture": "#2"},
				"south": {"uv": [0, 0, 0.5, 4], "texture": "#2"},
				"west": {"uv": [0, 0, 0.5, 4], "texture": "#2"},
				"up": {"uv": [0, 0, 0.5, 4], "rotation": 270, "texture": "#2"},
				"down": {"uv": [0, 0, 0.5, 4], "rotation": 90, "texture": "#2"}
			}
		},
		{
			"from": [3, 2.5, 7],
			"to": [4.5, 3, 7.5],
			"rotation": {"angle": 45, "axis": "y", "origin": [7.5, 4, 8.5]},
			"faces": {
				"north": {"uv": [0, 0, 0.5, 1.5], "rotation": 90, "texture": "#4"},
				"east": {"uv": [0, 0, 0.5, 1.5], "rotation": 90, "texture": "#4"},
				"south": {"uv": [0, 0, 0.5, 1.5], "rotation": 90, "texture": "#4"},
				"west": {"uv": [0, 0, 0.5, 1.5], "rotation": 90, "texture": "#4"},
				"up": {"uv": [0, 0, 0.5, 1.5], "texture": "#4"},
				"down": {"uv": [0, 0, 0.5, 1.5], "rotation": 180, "texture": "#4"}
			}
		},
		{
			"from": [3, 2.5, 8],
			"to": [3.5, 3, 9],
			"rotation": {"angle": 45, "axis": "y", "origin": [7.5, 4, 8.5]},
			"faces": {
				"north": {"uv": [0, 0, 0.5, 1.5], "rotation": 90, "texture": "#4"},
				"south": {"uv": [0, 0, 0.5, 1.5], "rotation": 90, "texture": "#4"},
				"west": {"uv": [0, 0, 0.5, 1.5], "rotation": 90, "texture": "#4"},
				"up": {"uv": [0, 0, 0.5, 1.5], "texture": "#4"},
				"down": {"uv": [0, 0, 0.5, 1.5], "rotation": 180, "texture": "#4"}
			}
		},
		{
			"from": [3, 2.5, 9.5],
			"to": [4.5, 3, 10],
			"rotation": {"angle": 45, "axis": "y", "origin": [7.5, 4, 8.5]},
			"faces": {
				"north": {"uv": [0, 0, 0.5, 1.5], "rotation": 90, "texture": "#4"},
				"east": {"uv": [0, 0, 0.5, 1.5], "rotation": 90, "texture": "#4"},
				"south": {"uv": [0, 0, 0.5, 1.5], "rotation": 90, "texture": "#4"},
				"west": {"uv": [0, 0, 0.5, 1.5], "rotation": 90, "texture": "#4"},
				"up": {"uv": [0, 0, 0.5, 1.5], "texture": "#4"},
				"down": {"uv": [0, 0, 0.5, 1.5], "rotation": 180, "texture": "#4"}
			}
		},
		{
			"from": [3, 0.5, 7],
			"to": [4.5, 1, 7.5],
			"rotation": {"angle": 45, "axis": "y", "origin": [7.5, 4, 8.5]},
			"faces": {
				"north": {"uv": [0, 0, 0.5, 1.5], "rotation": 90, "texture": "#4"},
				"east": {"uv": [0, 0, 0.5, 1.5], "rotation": 90, "texture": "#4"},
				"south": {"uv": [0, 0, 0.5, 1.5], "rotation": 90, "texture": "#4"},
				"west": {"uv": [0, 0, 0.5, 1.5], "rotation": 90, "texture": "#4"},
				"up": {"uv": [0, 0, 0.5, 1.5], "texture": "#4"},
				"down": {"uv": [0, 0, 0.5, 1.5], "rotation": 180, "texture": "#4"}
			}
		},
		{
			"from": [3, 0.5, 8],
			"to": [3.5, 1, 9],
			"rotation": {"angle": 45, "axis": "y", "origin": [7.5, 4, 8.5]},
			"faces": {
				"north": {"uv": [0, 0, 0.5, 1.5], "rotation": 90, "texture": "#4"},
				"south": {"uv": [0, 0, 0.5, 1.5], "rotation": 90, "texture": "#4"},
				"west": {"uv": [0, 0, 0.5, 1.5], "rotation": 90, "texture": "#4"},
				"up": {"uv": [0, 0, 0.5, 1.5], "texture": "#4"},
				"down": {"uv": [0, 0, 0.5, 1.5], "rotation": 180, "texture": "#4"}
			}
		},
		{
			"from": [3, 0.5, 9.5],
			"to": [4.5, 1, 10],
			"rotation": {"angle": 45, "axis": "y", "origin": [7.5, 4, 8.5]},
			"faces": {
				"north": {"uv": [0, 0, 0.5, 1.5], "rotation": 90, "texture": "#4"},
				"east": {"uv": [0, 0, 0.5, 1.5], "rotation": 90, "texture": "#4"},
				"south": {"uv": [0, 0, 0.5, 1.5], "rotation": 90, "texture": "#4"},
				"west": {"uv": [0, 0, 0.5, 1.5], "rotation": 90, "texture": "#4"},
				"up": {"uv": [0, 0, 0.5, 1.5], "texture": "#4"},
				"down": {"uv": [0, 0, 0.5, 1.5], "rotation": 180, "texture": "#4"}
			}
		},
		{
			"from": [2.5, 1, 7],
			"to": [3, 2.5, 7.5],
			"rotation": {"angle": 45, "axis": "y", "origin": [7.5, 4, 8.5]},
			"faces": {
				"north": {"uv": [0, 0, 0.5, 1.5], "texture": "#4", "cullface": "west"},
				"east": {"uv": [0, 0, 0.5, 1.5], "texture": "#4"},
				"south": {"uv": [0, 0, 0.5, 1.5], "texture": "#4"},
				"west": {"uv": [0, 0, 0.5, 1.5], "texture": "#4", "cullface": "west"},
				"up": {"uv": [0, 0, 0.5, 1.5], "rotation": 270, "texture": "#4"},
				"down": {"uv": [0, 0, 0.5, 1.5], "rotation": 90, "texture": "#4"}
			}
		},
		{
			"from": [2.5, 1, 8],
			"to": [3, 2.5, 9],
			"rotation": {"angle": 45, "axis": "y", "origin": [7.5, 4, 8.5]},
			"faces": {
				"north": {"uv": [0, 0, 0.5, 1.5], "texture": "#4"},
				"east": {"uv": [0, 0, 0.5, 1.5], "texture": "#4"},
				"south": {"uv": [0, 0, 0.5, 1.5], "texture": "#4"},
				"west": {"uv": [0, 0, 0.5, 1.5], "texture": "#4"},
				"up": {"uv": [0, 0, 0.5, 1.5], "rotation": 270, "texture": "#4"},
				"down": {"uv": [0, 0, 0.5, 1.5], "rotation": 90, "texture": "#4"}
			}
		},
		{
			"from": [2.5, 1, 9.5],
			"to": [3, 2.5, 10],
			"rotation": {"angle": 45, "axis": "y", "origin": [7.5, 4, 8.5]},
			"faces": {
				"north": {"uv": [0, 0, 0.5, 1.5], "texture": "#4"},
				"east": {"uv": [0, 0, 0.5, 1.5], "texture": "#4"},
				"south": {"uv": [0, 0, 0.5, 1.5], "texture": "#4", "cullface": "south"},
				"west": {"uv": [0, 0, 0.5, 1.5], "texture": "#4", "cullface": "south"},
				"up": {"uv": [0, 0, 0.5, 1.5], "rotation": 270, "texture": "#4"},
				"down": {"uv": [0, 0, 0.5, 1.5], "rotation": 90, "texture": "#4"}
			}
		},
		{
			"from": [4.5, 0.5, 7],
			"to": [5.5, 5.5, 8.5],
			"rotation": {"angle": 45, "axis": "y", "origin": [7.5, 4, 8.5]},
			"faces": {
				"east": {"uv": [0, 0, 0.5, 4], "texture": "#2"},
				"west": {"uv": [0, 0, 0.5, 4], "texture": "#2"}
			}
		},
		{
			"from": [3.5, 1, 8],
			"to": [4, 5, 9],
			"rotation": {"angle": 45, "axis": "y", "origin": [7.5, 4, 8.5]},
			"faces": {
				"north": {"uv": [0, 0, 0.5, 4], "texture": "#2"},
				"east": {"uv": [0, 0, 0.5, 4], "texture": "#2"},
				"south": {"uv": [0, 0, 0.5, 4], "texture": "#2"},
				"west": {"uv": [0, 0, 0.5, 4], "texture": "#2"},
				"up": {"uv": [4, 0, 6.5, 4], "rotation": 270, "texture": "#2"},
				"down": {"uv": [0, 0, 0.5, 4], "rotation": 90, "texture": "#2"}
			}
		},
		{
			"from": [4, 0.5, 7.5],
			"to": [5.5, 5.5, 9.5],
			"rotation": {"angle": 45, "axis": "y", "origin": [7.5, 4, 8.5]},
			"faces": {
				"north": {"uv": [0, 0, 0.5, 4], "texture": "#2"},
				"east": {"uv": [0, 0, 0.5, 4], "texture": "#2"},
				"south": {"uv": [0, 0, 0.5, 4], "texture": "#2"},
				"west": {"uv": [0, 0, 0.5, 4], "texture": "#2"},
				"up": {"uv": [0, 0, 0.5, 4], "rotation": 270, "texture": "#2"},
				"down": {"uv": [0, 0, 0.5, 4], "rotation": 90, "texture": "#2"}
			}
		},
		{
			"from": [4, 1, 9],
			"to": [4.5, 5, 9.5],
			"rotation": {"angle": 45, "axis": "y", "origin": [7.5, 4, 8.5]},
			"faces": {
				"north": {"uv": [0, 0, 0.5, 4], "texture": "#2"},
				"east": {"uv": [0, 0, 0.5, 4], "texture": "#2"},
				"south": {"uv": [0, 0, 0.5, 4], "texture": "#2"},
				"west": {"uv": [0, 0, 0.5, 4], "texture": "#2"},
				"up": {"uv": [0, 0, 0.5, 4], "rotation": 270, "texture": "#2"},
				"down": {"uv": [0, 0, 0.5, 4], "rotation": 90, "texture": "#2"}
			}
		},
		{
			"from": [4.5, 0.5, 8.5],
			"to": [5.5, 5.5, 10],
			"rotation": {"angle": 45, "axis": "y", "origin": [7.5, 4, 8.5]},
			"faces": {
				"east": {"uv": [0, 0, 0.5, 4], "texture": "#2"},
				"west": {"uv": [0, 0, 0.5, 4], "texture": "#2"}
			}
		},
		{
			"from": [6.5, 1, 11.5],
			"to": [7, 5, 12],
			"rotation": {"angle": 45, "axis": "y", "origin": [7.5, 4, 8.5]},
			"faces": {
				"north": {"uv": [0, 0, 0.5, 4], "texture": "#2"},
				"east": {"uv": [0, 0, 0.5, 4], "texture": "#2"},
				"south": {"uv": [0, 0, 0.5, 4], "texture": "#2"},
				"west": {"uv": [0, 0, 0.5, 4], "texture": "#2"},
				"up": {"uv": [0, 0, 0.5, 4], "rotation": 180, "texture": "#2"},
				"down": {"uv": [0, 0, 0.5, 4], "rotation": 180, "texture": "#2"}
			}
		},
		{
			"from": [6, 2.5, 11.5],
			"to": [6.5, 3, 13],
			"rotation": {"angle": 45, "axis": "y", "origin": [7.5, 4, 8.5]},
			"faces": {
				"north": {"uv": [0, 0, 0.5, 1.5], "rotation": 90, "texture": "#4"},
				"east": {"uv": [0, 0, 0.5, 1.5], "rotation": 90, "texture": "#4"},
				"south": {"uv": [0, 0, 0.5, 1.5], "rotation": 90, "texture": "#4"},
				"west": {"uv": [0, 0, 0.5, 1.5], "rotation": 90, "texture": "#4"},
				"up": {"uv": [0, 0, 0.5, 1.5], "rotation": 270, "texture": "#4"},
				"down": {"uv": [0, 0, 0.5, 1.5], "rotation": 270, "texture": "#4"}
			}
		},
		{
			"from": [7, 2.5, 12.5],
			"to": [8, 3, 13],
			"rotation": {"angle": 45, "axis": "y", "origin": [7.5, 4, 8.5]},
			"faces": {
				"east": {"uv": [0, 0, 0.5, 1.5], "rotation": 90, "texture": "#4"},
				"south": {"uv": [0, 0, 0.5, 1.5], "rotation": 90, "texture": "#4"},
				"west": {"uv": [0, 0, 0.5, 1.5], "rotation": 90, "texture": "#4"},
				"up": {"uv": [0, 0, 0.5, 1.5], "rotation": 270, "texture": "#4"},
				"down": {"uv": [0, 0, 0.5, 1.5], "rotation": 270, "texture": "#4"}
			}
		},
		{
			"from": [8.5, 2.5, 11.5],
			"to": [9, 3, 13],
			"rotation": {"angle": 45, "axis": "y", "origin": [7.5, 4, 8.5]},
			"faces": {
				"north": {"uv": [0, 0, 0.5, 1.5], "rotation": 90, "texture": "#4"},
				"east": {"uv": [0, 0, 0.5, 1.5], "rotation": 90, "texture": "#4"},
				"south": {"uv": [0, 0, 0.5, 1.5], "rotation": 90, "texture": "#4"},
				"west": {"uv": [0, 0, 0.5, 1.5], "rotation": 90, "texture": "#4"},
				"up": {"uv": [0, 0, 0.5, 1.5], "rotation": 270, "texture": "#4"},
				"down": {"uv": [0, 0, 0.5, 1.5], "rotation": 270, "texture": "#4"}
			}
		},
		{
			"from": [6, 0.5, 11.5],
			"to": [6.5, 1, 13],
			"rotation": {"angle": 45, "axis": "y", "origin": [7.5, 4, 8.5]},
			"faces": {
				"north": {"uv": [0, 0, 0.5, 1.5], "rotation": 90, "texture": "#4"},
				"east": {"uv": [0, 0, 0.5, 1.5], "rotation": 90, "texture": "#4"},
				"south": {"uv": [0, 0, 0.5, 1.5], "rotation": 90, "texture": "#4"},
				"west": {"uv": [0, 0, 0.5, 1.5], "rotation": 90, "texture": "#4"},
				"up": {"uv": [0, 0, 0.5, 1.5], "rotation": 270, "texture": "#4"},
				"down": {"uv": [0, 0, 0.5, 1.5], "rotation": 270, "texture": "#4"}
			}
		},
		{
			"from": [7, 0.5, 12.5],
			"to": [8, 1, 13],
			"rotation": {"angle": 45, "axis": "y", "origin": [7.5, 4, 8.5]},
			"faces": {
				"east": {"uv": [0, 0, 0.5, 1.5], "rotation": 90, "texture": "#4"},
				"south": {"uv": [0, 0, 0.5, 1.5], "rotation": 90, "texture": "#4"},
				"west": {"uv": [0, 0, 0.5, 1.5], "rotation": 90, "texture": "#4"},
				"up": {"uv": [0, 0, 0.5, 1.5], "rotation": 270, "texture": "#4"},
				"down": {"uv": [0, 0, 0.5, 1.5], "rotation": 270, "texture": "#4"}
			}
		},
		{
			"from": [8.5, 0.5, 11.5],
			"to": [9, 1, 13],
			"rotation": {"angle": 45, "axis": "y", "origin": [7.5, 4, 8.5]},
			"faces": {
				"north": {"uv": [0, 0, 0.5, 1.5], "rotation": 90, "texture": "#4"},
				"east": {"uv": [0, 0, 0.5, 1.5], "rotation": 90, "texture": "#4"},
				"south": {"uv": [0, 0, 0.5, 1.5], "rotation": 90, "texture": "#4"},
				"west": {"uv": [0, 0, 0.5, 1.5], "rotation": 90, "texture": "#4"},
				"up": {"uv": [0, 0, 0.5, 1.5], "rotation": 270, "texture": "#4"},
				"down": {"uv": [0, 0, 0.5, 1.5], "rotation": 270, "texture": "#4"}
			}
		},
		{
			"from": [6, 1, 13],
			"to": [6.5, 2.5, 13.5],
			"rotation": {"angle": 45, "axis": "y", "origin": [7.5, 4, 8.5]},
			"faces": {
				"north": {"uv": [0, 0, 0.5, 1.5], "texture": "#4"},
				"east": {"uv": [0, 0, 0.5, 1.5], "texture": "#4"},
				"south": {"uv": [0, 0, 0.5, 1.5], "texture": "#4", "cullface": "south"},
				"west": {"uv": [0, 0, 0.5, 1.5], "texture": "#4", "cullface": "south"},
				"up": {"uv": [0, 0, 0.5, 1.5], "rotation": 180, "texture": "#4"},
				"down": {"uv": [0, 0, 0.5, 1.5], "rotation": 180, "texture": "#4"}
			}
		},
		{
			"from": [7, 1, 13],
			"to": [8, 2.5, 13.5],
			"rotation": {"angle": 45, "axis": "y", "origin": [7.5, 4, 8.5]},
			"faces": {
				"north": {"uv": [0, 0, 0.5, 1.5], "texture": "#4"},
				"east": {"uv": [0, 0, 0.5, 1.5], "texture": "#4"},
				"south": {"uv": [0, 0, 0.5, 1.5], "texture": "#4"},
				"west": {"uv": [0, 0, 0.5, 1.5], "texture": "#4"},
				"up": {"uv": [0, 0, 0.5, 1.5], "rotation": 180, "texture": "#4"},
				"down": {"uv": [0, 0, 0.5, 1.5], "rotation": 180, "texture": "#4"}
			}
		},
		{
			"from": [8.5, 1, 13],
			"to": [9, 2.5, 13.5],
			"rotation": {"angle": 45, "axis": "y", "origin": [7.5, 4, 8.5]},
			"faces": {
				"north": {"uv": [0, 0, 0.5, 1.5], "texture": "#4"},
				"east": {"uv": [0, 0, 0.5, 1.5], "texture": "#4", "cullface": "east"},
				"south": {"uv": [0, 0, 0.5, 1.5], "texture": "#4", "cullface": "east"},
				"west": {"uv": [0, 0, 0.5, 1.5], "texture": "#4"},
				"up": {"uv": [0, 0, 0.5, 1.5], "rotation": 180, "texture": "#4"},
				"down": {"uv": [0, 0, 0.5, 1.5], "rotation": 180, "texture": "#4"}
			}
		},
		{
			"from": [6, 0.5, 10.5],
			"to": [7.5, 5.5, 11.5],
			"rotation": {"angle": 45, "axis": "y", "origin": [7.5, 4, 8.5]},
			"faces": {
				"north": {"uv": [0, 0, 0.5, 4], "texture": "#2"},
				"south": {"uv": [0, 0, 0.5, 4], "texture": "#2"}
			}
		},
		{
			"from": [7, 1, 12],
			"to": [8, 5, 12.5],
			"rotation": {"angle": 45, "axis": "y", "origin": [7.5, 4, 8.5]},
			"faces": {
				"north": {"uv": [0, 0, 0.5, 4], "texture": "#2"},
				"east": {"uv": [0, 0, 0.5, 4], "texture": "#2"},
				"south": {"uv": [0, 0, 0.5, 4], "texture": "#2"},
				"west": {"uv": [0, 0, 0.5, 4], "texture": "#2"},
				"up": {"uv": [4, 0, 6.5, 4], "rotation": 180, "texture": "#2"},
				"down": {"uv": [0, 0, 0.5, 4], "rotation": 180, "texture": "#2"}
			}
		},
		{
			"from": [6.5, 0.5, 10.5],
			"to": [8.5, 5.5, 12],
			"rotation": {"angle": 45, "axis": "y", "origin": [7.5, 4, 8.5]},
			"faces": {
				"north": {"uv": [0, 0, 0.5, 4], "texture": "#2"},
				"east": {"uv": [0, 0, 0.5, 4], "texture": "#2"},
				"south": {"uv": [0, 0, 0.5, 4], "texture": "#2"},
				"west": {"uv": [0, 0, 0.5, 4], "texture": "#2"},
				"up": {"uv": [0, 0, 0.5, 4], "rotation": 180, "texture": "#2"},
				"down": {"uv": [0, 0, 0.5, 4], "rotation": 180, "texture": "#2"}
			}
		},
		{
			"from": [8, 1, 11.5],
			"to": [8.5, 5, 12],
			"rotation": {"angle": 45, "axis": "y", "origin": [7.5, 4, 8.5]},
			"faces": {
				"north": {"uv": [0, 0, 0.5, 4], "texture": "#2"},
				"east": {"uv": [0, 0, 0.5, 4], "texture": "#2"},
				"south": {"uv": [0, 0, 0.5, 4], "texture": "#2"},
				"west": {"uv": [0, 0, 0.5, 4], "texture": "#2"},
				"up": {"uv": [0, 0, 0.5, 4], "rotation": 180, "texture": "#2"},
				"down": {"uv": [0, 0, 0.5, 4], "rotation": 180, "texture": "#2"}
			}
		},
		{
			"from": [7.5, 0.5, 10.5],
			"to": [9, 5.5, 11.5],
			"rotation": {"angle": 45, "axis": "y", "origin": [7.5, 4, 8.5]},
			"faces": {
				"north": {"uv": [0, 0, 0.5, 4], "texture": "#2"},
				"south": {"uv": [0, 0, 0.5, 4], "texture": "#2"}
			}
		},
		{
			"from": [5, 0, 6],
			"to": [10, 16, 11],
			"faces": {
				"north": {"uv": [0, 0, 16, 16], "texture": "#3"},
				"east": {"uv": [0, 0, 16, 16], "texture": "#3"},
				"south": {"uv": [0, 0, 16, 16], "texture": "#3"},
				"west": {"uv": [0, 0, 16, 16], "texture": "#3"},
				"up": {"uv": [0, 0, 16, 16], "texture": "#3"},
				"down": {"uv": [0, 0, 16, 16], "texture": "#3"}
			}
		},
		{
			"from": [7, 19, 8],
			"to": [8, 23, 9],
			"faces": {
				"north": {"uv": [0, 0, 16, 16], "texture": "#3"},
				"east": {"uv": [0, 0, 16, 16], "texture": "#3"},
				"south": {"uv": [0, 0, 16, 16], "texture": "#3"},
				"west": {"uv": [0, 0, 16, 16], "texture": "#3"},
				"up": {"uv": [0, 0, 16, 16], "texture": "#3"},
				"down": {"uv": [0, 0, 16, 16], "texture": "#3"}
			}
		},
		{
			"from": [6, 17, 7],
			"to": [9, 18, 10],
			"faces": {
				"north": {"uv": [0, 0, 16, 16], "texture": "#3"},
				"east": {"uv": [0, 0, 16, 16], "texture": "#3"},
				"south": {"uv": [0, 0, 16, 16], "texture": "#3"},
				"west": {"uv": [0, 0, 16, 16], "texture": "#3"},
				"up": {"uv": [0, 0, 16, 16], "texture": "#3"},
				"down": {"uv": [0, 0, 16, 16], "texture": "#3"}
			}
		},
		{
			"from": [6, 16, 6],
			"to": [9, 17, 11],
			"faces": {
				"north": {"uv": [0, 0, 16, 16], "texture": "#3"},
				"east": {"uv": [0, 0, 16, 16], "texture": "#3"},
				"south": {"uv": [0, 0, 16, 16], "texture": "#3"},
				"west": {"uv": [0, 0, 16, 16], "texture": "#3"},
				"up": {"uv": [0, 0, 16, 16], "texture": "#3"},
				"down": {"uv": [0, 0, 16, 16], "texture": "#3"}
			}
		},
		{
			"from": [5, 16, 7],
			"to": [10, 17, 10],
			"faces": {
				"north": {"uv": [0, 0, 16, 16], "texture": "#3"},
				"east": {"uv": [0, 0, 16, 16], "texture": "#3"},
				"south": {"uv": [0, 0, 16, 16], "texture": "#3"},
				"west": {"uv": [0, 0, 16, 16], "texture": "#3"},
				"up": {"uv": [0, 0, 16, 16], "texture": "#3"},
				"down": {"uv": [0, 0, 16, 16], "texture": "#3"}
			}
		},
		{
			"from": [7, 18, 7],
			"to": [8, 19, 10],
			"faces": {
				"north": {"uv": [0, 0, 16, 16], "texture": "#3"},
				"east": {"uv": [0, 0, 16, 16], "texture": "#3"},
				"south": {"uv": [0, 0, 16, 16], "texture": "#3"},
				"west": {"uv": [0, 0, 16, 16], "texture": "#3"},
				"up": {"uv": [0, 0, 16, 16], "texture": "#3"},
				"down": {"uv": [0, 0, 16, 16], "texture": "#3"}
			}
		},
		{
			"from": [6, 18, 8],
			"to": [9, 19, 9],
			"faces": {
				"north": {"uv": [0, 0, 16, 16], "texture": "#3"},
				"east": {"uv": [0, 0, 16, 16], "texture": "#3"},
				"south": {"uv": [0, 0, 16, 16], "texture": "#3"},
				"west": {"uv": [0, 0, 16, 16], "texture": "#3"},
				"up": {"uv": [0, 0, 16, 16], "texture": "#3"},
				"down": {"uv": [0, 0, 16, 16], "texture": "#3"}
			}
		},
		{
			"from": [13, 13, 8],
			"to": [14, 22, 9],
			"rotation": {"angle": 22.5, "axis": "z", "origin": [7, 8, 9]},
			"faces": {
				"north": {"uv": [0, 0, 1, 3], "texture": "#3"},
				"east": {"uv": [0, 0, 1, 3], "texture": "#3"},
				"south": {"uv": [0, 0, 1, 3], "texture": "#3"},
				"west": {"uv": [0, 0, 1, 3], "texture": "#3"},
				"up": {"uv": [0, 0, 1, 3], "texture": "#3"},
				"down": {"uv": [0, 0, 1, 3], "texture": "#3"}
			}
		},
		{
			"from": [13.75, 22, 8.25],
			"to": [14, 23, 8.75],
			"rotation": {"angle": 22.5, "axis": "z", "origin": [7, 8, 9]},
			"faces": {
				"north": {"uv": [0, 0, 1, 3], "texture": "#2"},
				"east": {"uv": [0, 0, 1, 3], "texture": "#2"},
				"south": {"uv": [0, 0, 1, 3], "texture": "#2"},
				"west": {"uv": [0, 0, 1, 3], "texture": "#2"},
				"up": {"uv": [0, 0, 1, 3], "texture": "#2"},
				"down": {"uv": [0, 0, 1, 3], "texture": "#2"}
			}
		},
		{
			"from": [13, 12, 7],
			"to": [14, 13, 10],
			"rotation": {"angle": 22.5, "axis": "z", "origin": [7, 8, 9]},
			"faces": {
				"north": {"uv": [0, 0, 2, 1], "texture": "#3"},
				"east": {"uv": [0, 0, 2, 1], "texture": "#3"},
				"south": {"uv": [0, 0, 2, 1], "texture": "#3"},
				"west": {"uv": [0, 0, 2, 1], "texture": "#3"},
				"up": {"uv": [0, 0, 2, 1], "texture": "#3"},
				"down": {"uv": [0, 0, 2, 1], "texture": "#3"}
			}
		},
		{
			"from": [11, 5, 8],
			"to": [12, 15, 9],
			"rotation": {"angle": 0, "axis": "y", "origin": [7, 8, 9]},
			"faces": {
				"north": {"uv": [0, 0, 1, 10], "texture": "#3"},
				"east": {"uv": [0, 0, 1, 10], "texture": "#3"},
				"south": {"uv": [0, 0, 1, 10], "texture": "#3"},
				"west": {"uv": [0, 0, 1, 10], "texture": "#3"},
				"up": {"uv": [0, 0, 1, 10], "texture": "#3"},
				"down": {"uv": [0, 0, 1, 10], "texture": "#3"}
			}
		},
		{
			"from": [9, 1, 8],
			"to": [11, 2, 9],
			"rotation": {"angle": 0, "axis": "y", "origin": [7, 8, 9]},
			"faces": {
				"north": {"uv": [0, 0, 2, 1], "texture": "#3"},
				"east": {"uv": [0, 0, 2, 1], "texture": "#3"},
				"south": {"uv": [0, 0, 2, 1], "texture": "#3"},
				"west": {"uv": [0, 0, 2, 1], "texture": "#3"},
				"up": {"uv": [0, 0, 2, 1], "texture": "#3"},
				"down": {"uv": [0, 0, 2, 1], "texture": "#3"}
			}
		}
	],
	"display": {
		"thirdperson_righthand": {
			"rotation": [-28, -4, -4],
			"translation": [0, 5.25, -0.75]
		},
		"thirdperson_lefthand": {
			"rotation": [-28, -4, -4],
			"translation": [0, 5.25, -0.75]
		},
		"firstperson_righthand": {
			"rotation": [-68, -5, -2],
			"translation": [0, 2.5, 1]
		},
		"firstperson_lefthand": {
			"rotation": [-68, -5, -2],
			"translation": [0, 2.5, 1]
		},
		"ground": {
			"translation": [0.5, -1, 0],
			"scale": [0.4, 0.4, 0.4]
		},
		"gui": {
			"translation": [0, -3.5, 0],
			"scale": [0.8, 0.8, 0.8]
		},
		"head": {
			"rotation": [-33, 2, 0],
			"translation": [0, 10, -8.25]
		},
		"fixed": {
			"translation": [0, -2.75, -5]
		}
	},
	"groups": [
		{
			"name": "group",
			"origin": [8, 8, 8],
			"children": [0, 1, 2, 3, 4]
		},
		{
			"name": "group",
			"origin": [8, 8, 8],
			"children": [5, 6, 7, 8, 9]
		},
		{
			"name": "group",
			"origin": [8, 8, 8],
			"children": [10, 11, 12, 13, 14]
		},
		{
			"name": "yingyingying-yunshi",
			"origin": [8, 8, 8],
			"children": [
				{
					"name": "xz",
					"origin": [8, 8, 8],
					"children": [
						{
							"name": "z2",
							"origin": [8, 8, 8],
							"children": [15,
								{
									"name": "group",
									"origin": [8, 8, 8],
									"children": [16, 17, 18]
								},
								{
									"name": "group",
									"origin": [8, 8, 8],
									"children": [19, 20, 21]
								},
								{
									"name": "group",
									"origin": [8, 8, 8],
									"children": [22, 23, 24]
								}, 25, 26, 27, 28]
						},
						{
							"name": "z2",
							"origin": [8, 8, 8],
							"children": [29,
								{
									"name": "group",
									"origin": [8, 8, 8],
									"children": [30, 31, 32]
								},
								{
									"name": "group",
									"origin": [8, 8, 8],
									"children": [33, 34, 35]
								},
								{
									"name": "group",
									"origin": [8, 8, 8],
									"children": [36, 37, 38]
								}, 39, 40, 41, 42]
						},
						{
							"name": "z2",
							"origin": [8, 8, 8],
							"children": [43,
								{
									"name": "group",
									"origin": [8, 8, 8],
									"children": [44, 45, 46]
								},
								{
									"name": "group",
									"origin": [8, 8, 8],
									"children": [47, 48, 49]
								},
								{
									"name": "group",
									"origin": [8, 8, 8],
									"children": [50, 51, 52]
								}, 53, 54, 55, 56, 57, 58]
						},
						{
							"name": "z2",
							"origin": [8, 8, 8],
							"children": [59,
								{
									"name": "group",
									"origin": [8, 8, 8],
									"children": [60, 61, 62]
								},
								{
									"name": "group",
									"origin": [8, 8, 8],
									"children": [63, 64, 65]
								},
								{
									"name": "group",
									"origin": [8, 8, 8],
									"children": [66, 67, 68]
								}, 69, 70, 71, 72, 73, 74]
						},
						{
							"name": "z2",
							"origin": [8, 8, 8],
							"children": [75,
								{
									"name": "group",
									"origin": [8, 8, 8],
									"children": [76, 77, 78]
								},
								{
									"name": "group",
									"origin": [8, 8, 8],
									"children": [79, 80, 81]
								},
								{
									"name": "group",
									"origin": [8, 8, 8],
									"children": [82, 83, 84]
								}, 85, 86, 87, 88, 89]
						},
						{
							"name": "z2",
							"origin": [8, 8, 8],
							"children": [90,
								{
									"name": "group",
									"origin": [8, 8, 8],
									"children": [91, 92, 93]
								},
								{
									"name": "group",
									"origin": [8, 8, 8],
									"children": [94, 95, 96]
								},
								{
									"name": "group",
									"origin": [8, 8, 8],
									"children": [97, 98, 99]
								}, 100, 101, 102, 103, 104]
						},
						{
							"name": "z2",
							"origin": [8, 8, 8],
							"children": [105,
								{
									"name": "group",
									"origin": [8, 8, 8],
									"children": [106, 107, 108]
								},
								{
									"name": "group",
									"origin": [8, 8, 8],
									"children": [109, 110, 111]
								},
								{
									"name": "group",
									"origin": [8, 8, 8],
									"children": [112, 113, 114]
								}, 115, 116, 117, 118, 119]
						},
						{
							"name": "z2",
							"origin": [8, 8, 8],
							"children": [120,
								{
									"name": "group",
									"origin": [8, 8, 8],
									"children": [121, 122, 123]
								},
								{
									"name": "group",
									"origin": [8, 8, 8],
									"children": [124, 125, 126]
								},
								{
									"name": "group",
									"origin": [8, 8, 8],
									"children": [127, 128, 129]
								}, 130, 131, 132, 133, 134]
						}
					]
				},
				{
					"name": "group",
					"origin": [8, 8, 8],
					"children": []
				}
			]
		}, 135,
		{
			"name": "group",
			"origin": [8, 8, 8],
			"children": [136, 137, 138, 139, 140, 141]
		},
		{
			"name": "group",
			"origin": [8, 8, 8],
			"children": [142, 143, 144, 145, 146]
		}
	]
}