{
  "parent": "item/generated",
  "textures": {
    "layer0": "additions:items/yingyingying-yingqiang-layer0",
    "layer1": "additions:items/yingyingying-yingqiang-layer1"
  },
  "display": {
    "thirdperson_righthand": {
      "rotation": [
        0,
        90,
        35
      ],
      "translation": [
        0,
        5,
        3
      ],
      "scale": [
        0.9,
        0.9,
        0.9
      ]
    },
    "thirdperson_lefthand": {
      "rotation": [
        0,
        -90,
        -35
      ],
      "translation": [
        0,
        5,
        3
      ],
      "scale": [
        0.9,
        0.9,
        0.9
      ]
    },
    "firstperson_righthand": {
      "rotation": [
        230,
        90,
        90
      ],
      "translation": [
        1.13,
        5,
        1.13
      ],
      "scale": [
        0.68,
        0.68,
        0.68
      ]
    },
    "firstperson_lefthand": {
      "rotation": [
        230,
        -90,
        -90
      ],
      "translation": [
        1.13,
        5,
        1.13
      ],
      "scale": [
        0.68,
        0.68,
        0.68
      ]
    }
  }
}