{
  "name": "§4§k§l§n§oINFINFSADWADSAER",
  "shines": true,
  "tooltip": [
    "§1§k§l§n§oWQEQW RWQRQWSD AFSAD",
    "§6§k§l§n§oQWEQWEQWEQWRQ",
    "§6§m-右键可以将周围实体数据消除",
    "§6§m-他也可以作为任何挖掘方块的工具",
    "§4§l§m当它被拿在手上时，会不断降低耐久"
  ],
  "container": "additions:yingyingying-inftj",
  "max_stack": 1,
  "attribute_modifiers": [
    {
      "attribute_name": "generic.attackSpeed",
      "amount": 4.0,
      "slot": "mainhand",
      "uuid": "fa233e1c-4180-4865-b01b-bcce9785aca3"
    }
  ],
  "ore_dict": "INFPOWER",
  "durability": 0,
  "harvest_level": 50,
  "harvest_radius_width": 3,
  "harvest_depth": 1,
  "efficiency": 40.0,
  "enchantability": 50,
  "repair_stacks": {
    "ore_name": "none"
  },
  "tool_classes": "sword",
  "type": "additions:multitool"
}