{
  "name": "§4§k§l§n§oINFINFSADWADSAER",
  "shines": true,
  "tooltip": [
    "§1§k§l§n§oWQEQW RWQRQWSD AFSAD",
    "§6§k§l§n§oQWEQWEQWEQWRQ",
    "§6-左键将会使一些生物被数据消除",
    "§6-右键将会使玩家周围大范围生物去世",
    "§4§l当他被拿在手上或者攻击怪物时，CD条会不断降低",
    "§4§l只有CD条（耐久条）到最低值时，才能释放左键和右键的特殊效果",
    "§a凡人只能使用几次武器，也许你需要合成一个终极计算机来突破人类的极限"
  ],
  "container": "additions:yingyingying-inftj",
  "max_stack": 1,
  "attribute_modifiers": [
    {
      "attribute_name": "generic.attackSpeed",
      "amount": 9999999.0,
      "slot": "mainhand",
      "uuid": "fa233e1c-4180-4865-b01b-bcce9785aca3"
    },
    {
      "attribute_name": "generic.maxHealth",
      "amount": 9999999.0,
      "slot": "mainhand",
      "uuid": "381a168e-85f0-4e05-9d1e-c93471f7aa15"
    },
    {
      "attribute_name": "generic.knockbackResistance",
      "amount": 9999999.0,
      "slot": "mainhand",
      "uuid": "1d17c886-61bb-4cfc-99e8-8ba09ba4aca7"
    },
    {
      "attribute_name": "generic.attackDamage",
      "amount": 9999999.0,
      "slot": "mainhand",
      "uuid": "cb3f55d3-645c-4f38-a497-9c13a33db5cf"
    },
    {
      "attribute_name": "generic.armor",
      "amount": 9999999.0,
      "slot": "mainhand",
      "uuid": "3fcb55d3-564c-f348-4a79-b5c9a33c13df"
    }
  ],
  "ore_dict": "INFPOWER",
  "durability": 100,
  "harvest_level": 50,
  "harvest_radius_width": 3,
  "harvest_depth": 1,
  "efficiency": 40.0,
  "enchantability": 50,
  "repair_stacks": {
    "ore_name": "none"
  },
  "tool_classes": "sword",
  "type": "additions:multitool"
}