{
  "name": "§4§k§l§n§oINFINFSADWADSAER",
  "shines": true,
  "tooltip": [
    "§1§k§l§n§oWQEQW RWQRQWSD AFSAD",
    "§6§k§l§n§oQWEQWEQWEQWRQ",
    "§6-右键可以将周围实体数据消除",
    "§6-他也可以作为任何挖掘方块的工具",
    "§4§l当它被拿在手上时，会不断降低耐久"
  ],
  "container": "additions:yingyingying-inftj",
  "max_stack": 1,
  "attribute_modifiers": [
    {
      "attribute_name": "zombie.spawnReinforcements",
      "amount": 9999999.0,
      "slot": "mainhand",
      "uuid": "dc805dae-f7b0-4098-a898-1771b2820dde"
    },
    {
      "attribute_name": "generic.followRange",
      "amount": 9999999.0,
      "slot": "mainhand",
      "uuid": "0cfcddb9-d5ef-4128-b0f6-cbe7fddd51f8"
    },
    {
      "attribute_name": "generic.flyingSpeed",
      "amount": 10.0,
      "slot": "mainhand",
      "uuid": "65cc542c-a148-480e-b548-f12ed6fea028"
    },
    {
      "attribute_name": "generic.luck",
      "amount": 9999999.0,
      "slot": "mainhand",
      "uuid": "f92d4f65-e652-41a4-b6a7-0d379f7d9c8b"
    },
    {
      "attribute_name": "horse.jumpStrength",
      "amount": 9999999.0,
      "slot": "mainhand",
      "uuid": "6e45a4f9-40bf-4a89-80bd-782ee0540c45"
    },
    {
      "attribute_name": "generic.attackSpeed",
      "amount": 9999999.0,
      "slot": "mainhand",
      "uuid": "fa233e1c-4180-4865-b01b-bcce9785aca3"
    },
    {
      "attribute_name": "generic.maxHealth",
      "amount": 9999999.0,
      "slot": "mainhand",
      "uuid": "381a168e-85f0-4e05-9d1e-c93471f7aa15"
    },
    {
      "attribute_name": "generic.knockbackResistance",
      "amount": 9999999.0,
      "slot": "mainhand",
      "uuid": "1d17c886-61bb-4cfc-99e8-8ba09ba4aca7"
    },
    {
      "attribute_name": "generic.attackDamage",
      "amount": 9999999.0,
      "slot": "mainhand",
      "uuid": "cb3f55d3-645c-4f38-a497-9c13a33db5cf"
    },
    {
      "attribute_name": "generic.armor",
      "amount": 9999999.0,
      "slot": "mainhand",
      "uuid": "3fcb55d3-564c-f348-4a79-b5c9a33c13df"
    }
  ],
  "ore_dict": "INFPOWER",
  "durability": 100,
  "harvest_level": 50,
  "harvest_radius_width": 3,
  "harvest_depth": 1,
  "efficiency": 40.0,
  "enchantability": 50,
  "repair_stacks": {
    "ore_name": "none"
  },
  "tool_classes": "sword",
  "type": "additions:multitool"
}