{
  "name": "嘤嘤枪",
  "shines": true,
  "burn_time": 70000,
  "tooltip": "§6QAQ",
  "container": "minecraft:stone",
  "max_stack": 1,
  "attribute_modifiers": [
    {
      "attribute_name": "generic.armor",
      "amount": 4.0,
      "operation": 1,
      "slot": "mainhand",
      "uuid": "3fcb55d3-564c-f348-4a79-b5c9a33c13df"
    }
  ],
  "durability": 0,
  "enchantability": 15,
  "repair_stacks": {
    "ore_name": "ingotIron"
  },
  "base_damage": 1.0,
  "scattering": 0.1,
  "reload_time": 1,
  "shot_count": 2,
  "fires_vanilla_arrows": false,
  "consumes_one_ammo": true,
  "efficiency_multiplier": 0.5,
  "ammo_items": "additions:yingyingying-paodan1",
  "shot_sound": "minecraft:entity.arrow.shoot",
  "type": "additions:gun"
}