{
  "variants": {
    "facing\u003dnorth,half\u003dtop,shape\u003dstraight": {
      "model": "additions:yingyingying-bwd",
      "x": 180,
      "y": 270,
      "uvlock": true
    },
    "facing\u003dnorth,half\u003dbottom,shape\u003dstraight": {
      "model": "additions:yingyingying-bwd",
      "y": 270,
      "uvlock": true
    },
    "facing\u003dnorth,half\u003dtop,shape\u003dinner_left": {
      "model": "additions:yingyingying-bwd_inner",
      "x": 180,
      "uvlock": true
    },
    "facing\u003dnorth,half\u003dbottom,shape\u003dinner_left": {
      "model": "additions:yingyingying-bwd_inner",
      "y": 180,
      "uvlock": true
    },
    "facing\u003dnorth,half\u003dtop,shape\u003dinner_right": {
      "model": "additions:yingyingying-bwd_inner",
      "x": 180,
      "y": 270,
      "uvlock": true
    },
    "facing\u003dnorth,half\u003dbottom,shape\u003dinner_right": {
      "model": "additions:yingyingying-bwd_inner",
      "y": 270,
      "uvlock": true
    },
    "facing\u003dnorth,half\u003dtop,shape\u003douter_left": {
      "model": "additions:yingyingying-bwd_outer",
      "x": 180,
      "uvlock": true
    },
    "facing\u003dnorth,half\u003dbottom,shape\u003douter_left": {
      "model": "additions:yingyingying-bwd_outer",
      "y": 180,
      "uvlock": true
    },
    "facing\u003dnorth,half\u003dtop,shape\u003douter_right": {
      "model": "additions:yingyingying-bwd_outer",
      "x": 180,
      "y": 270,
      "uvlock": true
    },
    "facing\u003dnorth,half\u003dbottom,shape\u003douter_right": {
      "model": "additions:yingyingying-bwd_outer",
      "y": 270,
      "uvlock": true
    },
    "facing\u003dsouth,half\u003dtop,shape\u003dstraight": {
      "model": "additions:yingyingying-bwd",
      "x": 180,
      "y": 90,
      "uvlock": true
    },
    "facing\u003dsouth,half\u003dbottom,shape\u003dstraight": {
      "model": "additions:yingyingying-bwd",
      "y": 90,
      "uvlock": true
    },
    "facing\u003dsouth,half\u003dtop,shape\u003dinner_left": {
      "model": "additions:yingyingying-bwd_inner",
      "x": 180,
      "y": 180,
      "uvlock": true
    },
    "facing\u003dsouth,half\u003dbottom,shape\u003dinner_left": {
      "model": "additions:yingyingying-bwd_inner"
    },
    "facing\u003dsouth,half\u003dtop,shape\u003dinner_right": {
      "model": "additions:yingyingying-bwd_inner",
      "x": 180,
      "y": 90,
      "uvlock": true
    },
    "facing\u003dsouth,half\u003dbottom,shape\u003dinner_right": {
      "model": "additions:yingyingying-bwd_inner",
      "y": 90,
      "uvlock": true
    },
    "facing\u003dsouth,half\u003dtop,shape\u003douter_left": {
      "model": "additions:yingyingying-bwd_outer",
      "x": 180,
      "y": 180,
      "uvlock": true
    },
    "facing\u003dsouth,half\u003dbottom,shape\u003douter_left": {
      "model": "additions:yingyingying-bwd_outer"
    },
    "facing\u003dsouth,half\u003dtop,shape\u003douter_right": {
      "model": "additions:yingyingying-bwd_outer",
      "x": 180,
      "y": 90,
      "uvlock": true
    },
    "facing\u003dsouth,half\u003dbottom,shape\u003douter_right": {
      "model": "additions:yingyingying-bwd_outer",
      "y": 90,
      "uvlock": true
    },
    "facing\u003dwest,half\u003dtop,shape\u003dstraight": {
      "model": "additions:yingyingying-bwd",
      "x": 180,
      "y": 180,
      "uvlock": true
    },
    "facing\u003dwest,half\u003dbottom,shape\u003dstraight": {
      "model": "additions:yingyingying-bwd",
      "y": 180,
      "uvlock": true
    },
    "facing\u003dwest,half\u003dtop,shape\u003dinner_left": {
      "model": "additions:yingyingying-bwd_inner",
      "x": 180,
      "y": 270,
      "uvlock": true
    },
    "facing\u003dwest,half\u003dbottom,shape\u003dinner_left": {
      "model": "additions:yingyingying-bwd_inner",
      "y": 90,
      "uvlock": true
    },
    "facing\u003dwest,half\u003dtop,shape\u003dinner_right": {
      "model": "additions:yingyingying-bwd_inner",
      "x": 180,
      "y": 180,
      "uvlock": true
    },
    "facing\u003dwest,half\u003dbottom,shape\u003dinner_right": {
      "model": "additions:yingyingying-bwd_inner",
      "y": 180,
      "uvlock": true
    },
    "facing\u003dwest,half\u003dtop,shape\u003douter_left": {
      "model": "additions:yingyingying-bwd_outer",
      "x": 180,
      "y": 270,
      "uvlock": true
    },
    "facing\u003dwest,half\u003dbottom,shape\u003douter_left": {
      "model": "additions:yingyingying-bwd_outer",
      "y": 90,
      "uvlock": true
    },
    "facing\u003dwest,half\u003dtop,shape\u003douter_right": {
      "model": "additions:yingyingying-bwd_outer",
      "x": 180,
      "y": 180,
      "uvlock": true
    },
    "facing\u003dwest,half\u003dbottom,shape\u003douter_right": {
      "model": "additions:yingyingying-bwd_outer",
      "y": 180,
      "uvlock": true
    },
    "facing\u003deast,half\u003dtop,shape\u003dstraight": {
      "model": "additions:yingyingying-bwd",
      "x": 180,
      "uvlock": true
    },
    "facing\u003deast,half\u003dbottom,shape\u003dstraight": {
      "model": "additions:yingyingying-bwd"
    },
    "facing\u003deast,half\u003dtop,shape\u003dinner_left": {
      "model": "additions:yingyingying-bwd_inner",
      "x": 180,
      "y": 90,
      "uvlock": true
    },
    "facing\u003deast,half\u003dbottom,shape\u003dinner_left": {
      "model": "additions:yingyingying-bwd_inner",
      "y": 270,
      "uvlock": true
    },
    "facing\u003deast,half\u003dtop,shape\u003dinner_right": {
      "model": "additions:yingyingying-bwd_inner",
      "x": 180,
      "uvlock": true
    },
    "facing\u003deast,half\u003dbottom,shape\u003dinner_right": {
      "model": "additions:yingyingying-bwd_inner"
    },
    "facing\u003deast,half\u003dtop,shape\u003douter_left": {
      "model": "additions:yingyingying-bwd_outer",
      "x": 180,
      "y": 90,
      "uvlock": true
    },
    "facing\u003deast,half\u003dbottom,shape\u003douter_left": {
      "model": "additions:yingyingying-bwd_outer",
      "y": 270,
      "uvlock": true
    },
    "facing\u003deast,half\u003dtop,shape\u003douter_right": {
      "model": "additions:yingyingying-bwd_outer",
      "x": 180,
      "uvlock": true
    },
    "facing\u003deast,half\u003dbottom,shape\u003douter_right": {
      "model": "additions:yingyingying-bwd_outer"
    }
  }
}