{
  "downloadsAllowed": true,
  "tutorialDisplayed": true,
  "editMode": false,
  "etCheckFluid": true,
  "editingRepoLoc": "E:\\MultiMC\\instances\\1.12.23\\.minecraft\\config\\brandon3055\\ProjectIntelligence\\ModDocs",
  "editorAlwaysOnTop": false,
  "editorLineWrap": false,
  "maxTabs": 16,
  "editorLAF": "com.sun.java.swing.plaf.windows.WindowsLookAndFeel",
  "screenMode": 0,
  "screenPosOverride": false,
  "screenPosX": 83,
  "screenPosY": 38,
  "userLanguage": "[MINECRAFT-LANG]",
  "homePage": "zhb:",
  "searchMode": "EVERYWHERE",
  "pageLangOverrides": {
    "draconicadditions:infused_potato_armor/infused_potato_boots": "en_us",
    "draconicadditions:infused_potato_armor/infused_potato_chest": "en_us",
    "draconicadditions:chaotic_staff_of_power": "en_us",
    "draconicadditions:necklace_of_shielding": "en_us",
    "draconicadditions:necklace_of_shielding/basic_shield_necklace": "en_us",
    "draconicadditions:potato_armor": "en_us",
    "draconicadditions:chaotic_armor": "en_us",
    "draconicadditions:chaotic_armor/chaotic_legs": "en_us",
    "draconicadditions:necklace_of_shielding/draconic_shield_necklace": "en_us",
    "draconicadditions:infused_potato_armor": "en_us",
    "draconicadditions:overloading_belt": "en_us",
    "draconicadditions:chaos_stabilizer": "en_us",
    "draconicadditions:chaotic_armor/chaotic_chest": "en_us",
    "draconicadditions:vampiric_shirt": "en_us",
    "draconicadditions:potato_armor/potato_legs": "en_us",
    "draconicadditions:": "en_us",
    "draconicadditions:infused_potato_armor/infused_potato_helm": "en_us",
    "draconicadditions:potato_armor/potato_boots": "en_us",
    "draconicadditions:potato_armor/potato_helm": "en_us",
    "draconicadditions:chaotic_armor/chaotic_boots": "en_us",
    "draconicadditions:infused_potato_armor/infused_potato_legs": "en_us",
    "draconicadditions:potato_armor/potato_chest": "en_us",
    "draconicadditions:inertia_cancellation_ring": "en_us",
    "draconicadditions:chaotic_armor/chaotic_helm": "en_us",
    "draconicadditions:necklace_of_shielding/wyvern_shield_necklace": "en_us"
  },
  "modLangOverrides": {},
  "modVersionOverrides": {}
}