{
  "item_block": {
    "name": "激光流星拦截器",
    "tooltip": [
      "§a放置于地上，提供被囚禁的光以供能",
      "§a一段时间过后[通常为600秒到2000秒]，会召唤陨石",
      "§4警告，确保其上方一定区域无方块，否则产生爆炸"
    ],
    "type": "additions:block_simple"
  },
  "name": "激光流星拦截器",
  "material": "minecraft:stone",
  "map_color": "minecraft:light_gray",
  "hardness": 3.0,
  "resistance": 10.0,
  "harvest_level": 1,
  "harvest_tool": "pickaxe",
  "light_level": 15,
  "bounding_box_max_y": 0.699999988079071,
  "type": "additions:simple"
}