{
  "name": "§4夕阳红弓",
  "max_stack": 1,
  "attribute_modifiers": [
    {
      "attribute_name": "generic.armor",
      "amount": 1.0,
      "operation": 1,
      "slot": "mainhand",
      "uuid": "3fcb55d3-564c-f348-4a79-b5c9a33c13df"
    }
  ],
  "durability": 66666,
  "enchantability": 4,
  "repair_stacks": {
    "ore_name": "ingotGold"
  },
  "extra_damage": 1.0,
  "scattering": 30.0,
  "draw_time": 20,
  "shot_count": 3,
  "ammo_items": [
    "additions:yingyingying-advj",
    "additions:yingyingying-advarrowfzl"
  ],
  "shot_sound": "minecraft:entity.arrow.shoot",
  "type": "additions:bow"
}