{
  "name": "速效救心丸",
  "shines": true,
  "tooltip": [
    "§e可以一次性回满血",
    "§e食用速度较快"
  ],
  "hunger": 2,
  "saturation": 5.0,
  "wolves_eat": true,
  "always_edible": true,
  "eat_time": 10,
  "eaten_effects": [
    {
      "potion": {
        "name": "minecraft:regeneration",
        "duration": 40,
        "amplifier": 127,
        "ambient": false,
        "show_particles": true
      },
      "reapplication_delay": 1,
      "type": "additions:potion"
    },
    {
      "potion": {
        "name": "minecraft:speed",
        "duration": 2000,
        "amplifier": 1,
        "ambient": false,
        "show_particles": true
      },
      "reapplication_delay": 1,
      "type": "additions:potion"
    }
  ],
  "type": "additions:food"
}