{
  "cause": {
    "item": {
      "item": "hwell:locked_light",
      "damage": "any"
    },
    "against_block": true,
    "type": "additions:item_right_click_block"
  },
  "effects": [
    {
      "command": "/summon minecraft:armor_stand ~ ~ ~0.1 {CustomName:\"chongnengdet\",Invulnerable:1b,Invisible:1b}",
      "type": "additions:command"
    },
    {
      "command": "execute @e[type\u003dminecraft:armor_stand,name\u003dchongnengdet,c\u003d1,r\u003d30] ~ ~ ~ function additions:jigaung/det",
      "type": "additions:command"
    },
    {
      "command": "kill @e[type\u003dminecraft:armor_stand,r\u003d0.001,name\u003dchongnengdet]",
      "type": "additions:command"
    }
  ]
}