{
  "cause": {
    "item": {
      "item": "additions:yingyingying-fl_sp",
      "damage": "any"
    },
    "against_block": true,
    "except_replaceable": true,
    "type": "additions:item_right_click_block"
  },
  "effects": [
    {
      "command": "summon minecraft:armor_stand ~ ~ ~ {CustomName:\"dirtdet\",CustomNameVisible:1,NoGravity:1b,}",
      "type": "additions:command"
    },
    {
      "command": "function additions:detdirt",
      "type": "additions:command"
    },
    {
      "command": "kill @e[name\u003ddirtdet]",
      "type": "additions:command"
    }
  ]
}