{
  "preset_block": "additions:yingyingying-jinhongshi",
  "preset_dropStack": {
    "item": "additions:yingyingying-jinhongshikuangcu"
  },
  "preset_dropMin": 1,
  "preset_fortunable": true,
  "preset_silkTouchable": true,
  "pools": [
    {
      "name": "item_pool",
      "rolls": 1,
      "entries": [
        {
          "type": "item",
          "name": "additions:yingyingying-jinhongshikuangcu",
          "weight": 1,
          "functions": [
            {
              "function": "lootoverhaul:fortune_enchant",
              "count": {
                "min": 0,
                "max": 1
              }
            }
          ]
        }
      ],
      "conditions": [
        {
          "condition": "lootoverhaul:not",
          "conditions": [
            {
              "condition": "lootoverhaul:silk_touch"
            }
          ]
        }
      ]
    },
    {
      "name": "silk_touch_pool",
      "rolls": 1,
      "entries": [
        {
          "type": "item",
          "name": "additions:yingyingying-jinhongshi",
          "weight": 1
        }
      ],
      "conditions": [
        {
          "condition": "lootoverhaul:silk_touch"
        }
      ]
    }
  ],
  "preset_type": "additions:block_item_drop"
}