{
	"credit": "Made with Blockbench",
	"textures": {
		"0": "additions:blocks/unblock",
		"particle": "additions:blocks/unblock"
	},
	"elements": [
		{
			"from": [0, 0, 0],
			"to": [16, 0, 16],
			"faces": {
				"north": {"uv": [0, 0, 16, 16], "texture": "#0"},
				"east": {"uv": [0, 0, 16, 16], "texture": "#0"},
				"south": {"uv": [0, 0, 16, 16], "texture": "#0"},
				"west": {"uv": [0, 0, 16, 16], "texture": "#0"},
				"up": {"uv": [0, 0, 16, 16], "texture": "#0"},
				"down": {"uv": [0, 0, 16, 16], "texture": "#0"}
			}
		},
		{
			"from": [16, 0, 0],
			"to": [16, 16, 16],
			"faces": {
				"north": {"uv": [0, 0, 16, 0], "rotation": 90, "texture": "#0"},
				"east": {"uv": [0, 0, 16, 16], "texture": "#0"},
				"south": {"uv": [0, 0, 16, 0], "rotation": 270, "texture": "#0"},
				"west": {"uv": [0, 0, 16, 16], "texture": "#0"},
				"up": {"uv": [0, 0, 16, 0], "rotation": 270, "texture": "#0"},
				"down": {"uv": [0, 0, 16, 0], "rotation": 270, "texture": "#0"}
			}
		},
		{
			"from": [-2.61827, 7.82207, 0],
			"to": [19.98173, 7.82207, 16],
			"rotation": {"angle": 45, "axis": "z", "origin": [8.13173, 7.07207, 8]},
			"faces": {
				"north": {"uv": [0, 0, 16, 0], "texture": "#missing"},
				"east": {"uv": [0, 0, 16, 0], "texture": "#missing"},
				"south": {"uv": [0, 0, 16, 0], "texture": "#missing"},
				"west": {"uv": [0, 0, 16, 0], "texture": "#missing"},
				"up": {"uv": [0, 0, 16, 16], "rotation": 270, "texture": "#0"},
				"down": {"uv": [0, 0, 16, 16], "texture": "#0"}
			}
		},
		{
			"from": [0.5, -0.5, 15.5],
			"to": [0.5, 0.5, 16.5],
			"faces": {
				"north": {"uv": [0, 0, 1, 15.5], "texture": "#0"},
				"east": {"uv": [0, 0, 1, 15.5], "texture": "#0"},
				"south": {"uv": [0, 0, 15.5, 1], "texture": "#0"},
				"west": {"uv": [0, 0, 1, 15.5], "texture": "#0"},
				"up": {"uv": [0, 0, 1, 15.5], "rotation": 270, "texture": "#0"},
				"down": {"uv": [0, 0, 1, 15.5], "rotation": 90, "texture": "#0"}
			}
		},
		{
			"from": [14.5, 1.5, 15.5],
			"to": [16.5, 15.75, 17.5],
			"faces": {
				"north": {"uv": [0, 0, 1, 15.5], "rotation": 90, "texture": "#0"},
				"east": {"uv": [0, 0, 1, 15.5], "texture": "#0"},
				"south": {"uv": [0, 0, 15.5, 1], "rotation": 270, "texture": "#0"},
				"west": {"uv": [0, 0, 1, 15.5], "rotation": 180, "texture": "#0"},
				"up": {"uv": [0, 0, 1, 15.5], "rotation": 270, "texture": "#0"},
				"down": {"uv": [0, 0, 1, 15.5], "rotation": 270, "texture": "#0"}
			}
		},
		{
			"from": [0.25, -0.5, -1.5],
			"to": [14.5, 1.5, 0.5],
			"faces": {
				"north": {"uv": [0, 0, 15.75, 1], "texture": "#0"},
				"east": {"uv": [0, 0, 15.75, 1], "texture": "#0"},
				"south": {"uv": [0, 0, 15.75, 1], "texture": "#0"},
				"west": {"uv": [0, 0, 15.75, 1], "texture": "#0"},
				"up": {"uv": [0, 0, 15.75, 1], "rotation": 270, "texture": "#0"},
				"down": {"uv": [0, 0, 1, 15.75], "rotation": 90, "texture": "#0"}
			}
		},
		{
			"from": [0.25, -0.5, 15.5],
			"to": [16.5, 1.5, 17.5],
			"faces": {
				"north": {"uv": [0, 0, 15.75, 1], "texture": "#0"},
				"east": {"uv": [0, 0, 15.75, 1], "texture": "#0"},
				"south": {"uv": [0, 0, 15.75, 1], "texture": "#0"},
				"west": {"uv": [0, 0, 15.75, 1], "texture": "#0"},
				"up": {"uv": [0, 0, 15.75, 1], "rotation": 270, "texture": "#0"},
				"down": {"uv": [0, 0, 1, 15.75], "rotation": 90, "texture": "#0"}
			}
		},
		{
			"from": [14.5, -0.5, -1.5],
			"to": [16.5, 15.75, 0.5],
			"faces": {
				"north": {"uv": [0, 0, 15.75, 1], "rotation": 90, "texture": "#0"},
				"east": {"uv": [0, 0, 1, 15.75], "texture": "#0"},
				"south": {"uv": [0, 0, 15.75, 1], "rotation": 270, "texture": "#0"},
				"west": {"uv": [0, 0, 15.75, 1], "rotation": 180, "texture": "#0"},
				"up": {"uv": [0, 0, 15.75, 1], "rotation": 270, "texture": "#0"},
				"down": {"uv": [0, 0, 15.75, 1], "rotation": 270, "texture": "#0"}
			}
		},
		{
			"from": [-3.5, 7.5, -1.75],
			"to": [19.5, 9.5, 0.75],
			"rotation": {"angle": 45, "axis": "z", "origin": [8, 8, 8]},
			"faces": {
				"north": {"uv": [0, 0, 15.5, 1], "texture": "#0"},
				"east": {"uv": [0, 0, 15.5, 1], "texture": "#0"},
				"south": {"uv": [0, 0, 15.5, 1], "rotation": 270, "texture": "#0"},
				"west": {"uv": [0, 0, 15.5, 1], "texture": "#0"},
				"up": {"uv": [0, 0, 1, 15.5], "rotation": 270, "texture": "#0"},
				"down": {"uv": [0, 0, 15.5, 1], "rotation": 90, "texture": "#0"}
			}
		},
		{
			"from": [-3.5, 7.3, 15.25],
			"to": [19.5, 9.3, 17.75],
			"rotation": {"angle": 45, "axis": "z", "origin": [8, 8, 8]},
			"faces": {
				"north": {"uv": [0, 0, 15.5, 1], "texture": "#0"},
				"east": {"uv": [0, 0, 15.5, 1], "texture": "#0"},
				"south": {"uv": [0, 0, 15.5, 1], "texture": "#0"},
				"west": {"uv": [0, 0, 15.5, 1], "texture": "#0"},
				"up": {"uv": [0, 0, 1, 15.5], "rotation": 270, "texture": "#0"},
				"down": {"uv": [0, 0, 15.5, 1], "rotation": 90, "texture": "#0"}
			}
		}
	]
}