{
  "cause": {
    "item": {
      "item": "minecraft:flint_and_steel",
      "damage": "any"
    },
    "against_block": true,
    "type": "additions:item_right_click_block"
  },
  "effects": [
    {
      "command": "summon minecraft:armor_stand ~ ~ ~ {CustomName:\"dhs\",Invulnerable:1b,Invisible:1b}",
      "type": "additions:command"
    },
    {
      "command": "/execute @e[name\u003ddhs,r\u003d5] ~ ~ ~ function additions:hys/det",
      "type": "additions:command"
    },
    {
      "command": "kill @e[name\u003ddhs,r\u003d5]",
      "type": "additions:command"
    }
  ]
}