{
	"credit": "Made with Blockbench",
	"textures": {
		"6": "additions:blocks/1",
		"7": "Blocks2Json R0.1.5:blocks/iron_block"
	},
	"elements": [
		{
			"name": "1_0",
			"from": [11, 15, 1],
			"to": [12, 16, 14],
			"faces": {
				"north": {"uv": [12, 2, 11, 1], "texture": "#6"},
				"east": {"uv": [12, 1, 11, 14], "rotation": 90, "texture": "#6"},
				"south": {"uv": [11, 14, 12, 13], "texture": "#6"},
				"west": {"uv": [12, 1, 11, 14], "rotation": 270, "texture": "#6"},
				"up": {"uv": [11, 1, 12, 14], "texture": "#6"},
				"down": {"uv": [11, 14, 12, 1], "texture": "#6"}
			}
		},
		{
			"name": "1_1",
			"from": [2, 15, 2],
			"to": [11, 16, 14],
			"faces": {
				"north": {"uv": [11, 3, 2, 2], "texture": "#6"},
				"east": {"uv": [11, 2, 10, 14], "rotation": 90, "texture": "#6"},
				"south": {"uv": [2, 14, 11, 13], "texture": "#6"},
				"west": {"uv": [3, 2, 2, 14], "rotation": 270, "texture": "#6"},
				"up": {"uv": [2, 2, 11, 14], "texture": "#6"},
				"down": {"uv": [2, 14, 11, 2], "texture": "#6"}
			}
		},
		{
			"name": "1_2",
			"from": [12, 15, 2],
			"to": [14, 16, 14],
			"faces": {
				"north": {"uv": [14, 3, 12, 2], "texture": "#6"},
				"east": {"uv": [14, 2, 13, 14], "rotation": 90, "texture": "#6"},
				"south": {"uv": [12, 14, 14, 13], "texture": "#6"},
				"west": {"uv": [13, 2, 12, 14], "rotation": 270, "texture": "#6"},
				"up": {"uv": [12, 2, 14, 14], "texture": "#6"},
				"down": {"uv": [12, 14, 14, 2], "texture": "#6"}
			}
		},
		{
			"name": "1_3",
			"from": [1, 14, 4],
			"to": [12, 17, 5],
			"faces": {
				"north": {"uv": [2, 5, 1, 4], "texture": "#6"},
				"east": {"uv": [2, 4, 1, 5], "rotation": 90, "texture": "#6"},
				"south": {"uv": [1, 5, 2, 4], "texture": "#6"},
				"west": {"uv": [2, 4, 1, 5], "rotation": 270, "texture": "#6"},
				"up": {"uv": [1, 4, 2, 5], "texture": "#6"},
				"down": {"uv": [1, 5, 2, 4], "texture": "#6"}
			}
		},
		{
			"name": "1_4",
			"from": [11, 14, 1],
			"to": [12, 17, 12],
			"faces": {
				"north": {"uv": [2, 4, 1, 5], "rotation": 270, "texture": "#6"},
				"east": {"uv": [2, 5, 1, 4], "texture": "#6"},
				"south": {"uv": [2, 4, 1, 5], "rotation": 90, "texture": "#6"},
				"west": {"uv": [1, 5, 2, 4], "texture": "#6"},
				"up": {"uv": [2, 5, 1, 4], "rotation": 270, "texture": "#6"},
				"down": {"uv": [2, 4, 1, 5], "rotation": 90, "texture": "#6"}
			}
		},
		{
			"name": "1_4",
			"from": [5, 14, 11],
			"to": [15, 17, 12],
			"faces": {
				"north": {"uv": [15, 12, 14, 11], "texture": "#6"},
				"east": {"uv": [15, 11, 14, 12], "rotation": 90, "texture": "#6"},
				"south": {"uv": [14, 12, 15, 11], "texture": "#6"},
				"west": {"uv": [15, 11, 14, 12], "rotation": 270, "texture": "#6"},
				"up": {"uv": [14, 11, 15, 12], "texture": "#6"},
				"down": {"uv": [14, 12, 15, 11], "texture": "#6"}
			}
		},
		{
			"name": "1_5",
			"from": [4, 14, 4],
			"to": [5, 17, 15],
			"faces": {
				"north": {"uv": [5, 15, 4, 14], "texture": "#6"},
				"east": {"uv": [5, 14, 4, 15], "rotation": 90, "texture": "#6"},
				"south": {"uv": [4, 15, 5, 14], "texture": "#6"},
				"west": {"uv": [5, 14, 4, 15], "rotation": 270, "texture": "#6"},
				"up": {"uv": [4, 14, 5, 15], "texture": "#6"},
				"down": {"uv": [4, 15, 5, 14], "texture": "#6"}
			}
		},
		{
			"name": "1_1",
			"from": [11, 1, 0],
			"to": [12, 14, 1],
			"faces": {
				"north": {"uv": [11, 1, 12, 14], "rotation": 180, "texture": "#6"},
				"east": {"uv": [12, 1, 11, 14], "rotation": 180, "texture": "#6"},
				"south": {"uv": [11, 14, 12, 1], "texture": "#6"},
				"west": {"uv": [12, 1, 11, 14], "rotation": 180, "texture": "#6"},
				"up": {"uv": [11, 14, 12, 13], "texture": "#6"},
				"down": {"uv": [12, 2, 11, 1], "rotation": 180, "texture": "#6"}
			}
		},
		{
			"name": "2_2",
			"from": [2, 2, 0],
			"to": [11, 14, 1],
			"faces": {
				"north": {"uv": [2, 2, 11, 14], "rotation": 180, "texture": "#6"},
				"east": {"uv": [11, 2, 10, 14], "rotation": 180, "texture": "#6"},
				"south": {"uv": [2, 14, 11, 2], "texture": "#6"},
				"west": {"uv": [3, 2, 2, 14], "rotation": 180, "texture": "#6"},
				"up": {"uv": [2, 14, 11, 13], "texture": "#6"},
				"down": {"uv": [11, 3, 2, 2], "rotation": 180, "texture": "#6"}
			}
		},
		{
			"name": "1_3",
			"from": [12, 2, 0],
			"to": [14, 14, 1],
			"faces": {
				"north": {"uv": [12, 2, 14, 14], "rotation": 180, "texture": "#6"},
				"east": {"uv": [14, 2, 13, 14], "rotation": 180, "texture": "#6"},
				"south": {"uv": [12, 14, 14, 2], "texture": "#6"},
				"west": {"uv": [13, 2, 12, 14], "rotation": 180, "texture": "#6"},
				"up": {"uv": [12, 14, 14, 13], "texture": "#6"},
				"down": {"uv": [14, 3, 12, 2], "rotation": 180, "texture": "#6"}
			}
		},
		{
			"name": "1_4",
			"from": [1, 4, -1],
			"to": [12, 5, 2],
			"faces": {
				"north": {"uv": [1, 4, 2, 5], "rotation": 180, "texture": "#6"},
				"east": {"uv": [2, 4, 1, 5], "rotation": 180, "texture": "#6"},
				"south": {"uv": [1, 5, 2, 4], "texture": "#6"},
				"west": {"uv": [2, 4, 1, 5], "rotation": 180, "texture": "#6"},
				"up": {"uv": [1, 5, 2, 4], "texture": "#6"},
				"down": {"uv": [2, 5, 1, 4], "rotation": 180, "texture": "#6"}
			}
		},
		{
			"name": "1_5",
			"from": [11, 1, -1],
			"to": [12, 12, 2],
			"faces": {
				"north": {"uv": [2, 5, 1, 4], "rotation": 90, "texture": "#6"},
				"east": {"uv": [2, 5, 1, 4], "rotation": 90, "texture": "#6"},
				"south": {"uv": [2, 4, 1, 5], "rotation": 90, "texture": "#6"},
				"west": {"uv": [1, 5, 2, 4], "rotation": 270, "texture": "#6"},
				"up": {"uv": [2, 4, 1, 5], "rotation": 90, "texture": "#6"},
				"down": {"uv": [2, 4, 1, 5], "rotation": 90, "texture": "#6"}
			}
		},
		{
			"name": "1_5",
			"from": [5, 11, -1],
			"to": [15, 12, 2],
			"faces": {
				"north": {"uv": [14, 11, 15, 12], "rotation": 180, "texture": "#6"},
				"east": {"uv": [15, 11, 14, 12], "rotation": 180, "texture": "#6"},
				"south": {"uv": [14, 12, 15, 11], "texture": "#6"},
				"west": {"uv": [15, 11, 14, 12], "rotation": 180, "texture": "#6"},
				"up": {"uv": [14, 12, 15, 11], "texture": "#6"},
				"down": {"uv": [15, 12, 14, 11], "rotation": 180, "texture": "#6"}
			}
		},
		{
			"name": "1_6",
			"from": [4, 4, -1],
			"to": [5, 15, 2],
			"faces": {
				"north": {"uv": [4, 14, 5, 15], "rotation": 180, "texture": "#6"},
				"east": {"uv": [5, 14, 4, 15], "rotation": 180, "texture": "#6"},
				"south": {"uv": [4, 15, 5, 14], "texture": "#6"},
				"west": {"uv": [5, 14, 4, 15], "rotation": 180, "texture": "#6"},
				"up": {"uv": [4, 15, 5, 14], "texture": "#6"},
				"down": {"uv": [5, 15, 4, 14], "rotation": 180, "texture": "#6"}
			}
		},
		{
			"name": "2_2",
			"from": [15, 1, 11],
			"to": [16, 14, 12],
			"faces": {
				"north": {"uv": [12, 1, 11, 14], "rotation": 180, "texture": "#6"},
				"east": {"uv": [11, 1, 12, 14], "rotation": 180, "texture": "#6"},
				"south": {"uv": [12, 1, 11, 14], "rotation": 180, "texture": "#6"},
				"west": {"uv": [11, 14, 12, 1], "texture": "#6"},
				"up": {"uv": [11, 14, 12, 13], "rotation": 90, "texture": "#6"},
				"down": {"uv": [12, 2, 11, 1], "rotation": 90, "texture": "#6"}
			}
		},
		{
			"name": "3_3",
			"from": [15, 2, 2],
			"to": [16, 14, 11],
			"faces": {
				"north": {"uv": [3, 2, 2, 14], "rotation": 180, "texture": "#6"},
				"east": {"uv": [2, 2, 11, 14], "rotation": 180, "texture": "#6"},
				"south": {"uv": [11, 2, 10, 14], "rotation": 180, "texture": "#6"},
				"west": {"uv": [2, 14, 11, 2], "texture": "#6"},
				"up": {"uv": [2, 14, 11, 13], "rotation": 90, "texture": "#6"},
				"down": {"uv": [11, 3, 2, 2], "rotation": 90, "texture": "#6"}
			}
		},
		{
			"name": "1_4",
			"from": [15, 2, 12],
			"to": [16, 14, 14],
			"faces": {
				"north": {"uv": [13, 2, 12, 14], "rotation": 180, "texture": "#6"},
				"east": {"uv": [12, 2, 14, 14], "rotation": 180, "texture": "#6"},
				"south": {"uv": [14, 2, 13, 14], "rotation": 180, "texture": "#6"},
				"west": {"uv": [12, 14, 14, 2], "texture": "#6"},
				"up": {"uv": [12, 14, 14, 13], "rotation": 90, "texture": "#6"},
				"down": {"uv": [14, 3, 12, 2], "rotation": 90, "texture": "#6"}
			}
		},
		{
			"name": "1_5",
			"from": [14, 4, 1],
			"to": [17, 5, 12],
			"faces": {
				"north": {"uv": [2, 4, 1, 5], "rotation": 180, "texture": "#6"},
				"east": {"uv": [1, 4, 2, 5], "rotation": 180, "texture": "#6"},
				"south": {"uv": [2, 4, 1, 5], "rotation": 180, "texture": "#6"},
				"west": {"uv": [1, 5, 2, 4], "texture": "#6"},
				"up": {"uv": [1, 5, 2, 4], "rotation": 90, "texture": "#6"},
				"down": {"uv": [2, 5, 1, 4], "rotation": 90, "texture": "#6"}
			}
		},
		{
			"name": "1_6",
			"from": [14, 1, 11],
			"to": [17, 12, 12],
			"faces": {
				"north": {"uv": [1, 5, 2, 4], "rotation": 270, "texture": "#6"},
				"east": {"uv": [2, 5, 1, 4], "rotation": 90, "texture": "#6"},
				"south": {"uv": [2, 5, 1, 4], "rotation": 90, "texture": "#6"},
				"west": {"uv": [2, 4, 1, 5], "rotation": 90, "texture": "#6"},
				"up": {"uv": [2, 4, 1, 5], "rotation": 180, "texture": "#6"},
				"down": {"uv": [2, 4, 1, 5], "texture": "#6"}
			}
		},
		{
			"name": "1_6",
			"from": [14, 11, 5],
			"to": [17, 12, 15],
			"faces": {
				"north": {"uv": [15, 11, 14, 12], "rotation": 180, "texture": "#6"},
				"east": {"uv": [14, 11, 15, 12], "rotation": 180, "texture": "#6"},
				"south": {"uv": [15, 11, 14, 12], "rotation": 180, "texture": "#6"},
				"west": {"uv": [14, 12, 15, 11], "texture": "#6"},
				"up": {"uv": [14, 12, 15, 11], "rotation": 90, "texture": "#6"},
				"down": {"uv": [15, 12, 14, 11], "rotation": 90, "texture": "#6"}
			}
		},
		{
			"name": "1_7",
			"from": [14, 4, 4],
			"to": [17, 15, 5],
			"faces": {
				"north": {"uv": [5, 14, 4, 15], "rotation": 180, "texture": "#6"},
				"east": {"uv": [4, 14, 5, 15], "rotation": 180, "texture": "#6"},
				"south": {"uv": [5, 14, 4, 15], "rotation": 180, "texture": "#6"},
				"west": {"uv": [4, 15, 5, 14], "texture": "#6"},
				"up": {"uv": [4, 15, 5, 14], "rotation": 90, "texture": "#6"},
				"down": {"uv": [5, 15, 4, 14], "rotation": 90, "texture": "#6"}
			}
		},
		{
			"name": "3_3",
			"from": [4, 1, 15],
			"to": [5, 14, 16],
			"faces": {
				"north": {"uv": [11, 14, 12, 1], "texture": "#6"},
				"east": {"uv": [12, 1, 11, 14], "rotation": 180, "texture": "#6"},
				"south": {"uv": [11, 1, 12, 14], "rotation": 180, "texture": "#6"},
				"west": {"uv": [12, 1, 11, 14], "rotation": 180, "texture": "#6"},
				"up": {"uv": [11, 14, 12, 13], "rotation": 180, "texture": "#6"},
				"down": {"uv": [12, 2, 11, 1], "texture": "#6"}
			}
		},
		{
			"name": "4_4",
			"from": [5, 2, 15],
			"to": [14, 14, 16],
			"faces": {
				"north": {"uv": [2, 14, 11, 2], "texture": "#6"},
				"east": {"uv": [3, 2, 2, 14], "rotation": 180, "texture": "#6"},
				"south": {"uv": [2, 2, 11, 14], "rotation": 180, "texture": "#6"},
				"west": {"uv": [11, 2, 10, 14], "rotation": 180, "texture": "#6"},
				"up": {"uv": [2, 14, 11, 13], "rotation": 180, "texture": "#6"},
				"down": {"uv": [11, 3, 2, 2], "texture": "#6"}
			}
		},
		{
			"name": "1_5",
			"from": [2, 2, 15],
			"to": [4, 14, 16],
			"faces": {
				"north": {"uv": [12, 14, 14, 2], "texture": "#6"},
				"east": {"uv": [13, 2, 12, 14], "rotation": 180, "texture": "#6"},
				"south": {"uv": [12, 2, 14, 14], "rotation": 180, "texture": "#6"},
				"west": {"uv": [14, 2, 13, 14], "rotation": 180, "texture": "#6"},
				"up": {"uv": [12, 14, 14, 13], "rotation": 180, "texture": "#6"},
				"down": {"uv": [14, 3, 12, 2], "texture": "#6"}
			}
		},
		{
			"name": "1_6",
			"from": [4, 4, 14],
			"to": [15, 5, 17],
			"faces": {
				"north": {"uv": [1, 5, 2, 4], "texture": "#6"},
				"east": {"uv": [2, 4, 1, 5], "rotation": 180, "texture": "#6"},
				"south": {"uv": [1, 4, 2, 5], "rotation": 180, "texture": "#6"},
				"west": {"uv": [2, 4, 1, 5], "rotation": 180, "texture": "#6"},
				"up": {"uv": [1, 5, 2, 4], "rotation": 180, "texture": "#6"},
				"down": {"uv": [2, 5, 1, 4], "texture": "#6"}
			}
		},
		{
			"name": "1_7",
			"from": [4, 1, 14],
			"to": [5, 12, 17],
			"faces": {
				"north": {"uv": [2, 4, 1, 5], "rotation": 90, "texture": "#6"},
				"east": {"uv": [1, 5, 2, 4], "rotation": 270, "texture": "#6"},
				"south": {"uv": [2, 5, 1, 4], "rotation": 90, "texture": "#6"},
				"west": {"uv": [2, 5, 1, 4], "rotation": 90, "texture": "#6"},
				"up": {"uv": [2, 4, 1, 5], "rotation": 270, "texture": "#6"},
				"down": {"uv": [2, 4, 1, 5], "rotation": 270, "texture": "#6"}
			}
		},
		{
			"name": "1_7",
			"from": [1, 11, 14],
			"to": [11, 12, 17],
			"faces": {
				"north": {"uv": [14, 12, 15, 11], "texture": "#6"},
				"east": {"uv": [15, 11, 14, 12], "rotation": 180, "texture": "#6"},
				"south": {"uv": [14, 11, 15, 12], "rotation": 180, "texture": "#6"},
				"west": {"uv": [15, 11, 14, 12], "rotation": 180, "texture": "#6"},
				"up": {"uv": [14, 12, 15, 11], "rotation": 180, "texture": "#6"},
				"down": {"uv": [15, 12, 14, 11], "texture": "#6"}
			}
		},
		{
			"name": "1_8",
			"from": [11, 4, 14],
			"to": [12, 15, 17],
			"faces": {
				"north": {"uv": [4, 15, 5, 14], "texture": "#6"},
				"east": {"uv": [5, 14, 4, 15], "rotation": 180, "texture": "#6"},
				"south": {"uv": [4, 14, 5, 15], "rotation": 180, "texture": "#6"},
				"west": {"uv": [5, 14, 4, 15], "rotation": 180, "texture": "#6"},
				"up": {"uv": [4, 15, 5, 14], "rotation": 180, "texture": "#6"},
				"down": {"uv": [5, 15, 4, 14], "texture": "#6"}
			}
		},
		{
			"name": "4_4",
			"from": [0, 1, 4],
			"to": [1, 14, 5],
			"faces": {
				"north": {"uv": [12, 1, 11, 14], "rotation": 180, "texture": "#6"},
				"east": {"uv": [11, 14, 12, 1], "texture": "#6"},
				"south": {"uv": [12, 1, 11, 14], "rotation": 180, "texture": "#6"},
				"west": {"uv": [11, 1, 12, 14], "rotation": 180, "texture": "#6"},
				"up": {"uv": [11, 14, 12, 13], "rotation": 270, "texture": "#6"},
				"down": {"uv": [12, 2, 11, 1], "rotation": 270, "texture": "#6"}
			}
		},
		{
			"name": "5_5",
			"from": [0, 2, 5],
			"to": [1, 14, 14],
			"faces": {
				"north": {"uv": [11, 2, 10, 14], "rotation": 180, "texture": "#6"},
				"east": {"uv": [2, 14, 11, 2], "texture": "#6"},
				"south": {"uv": [3, 2, 2, 14], "rotation": 180, "texture": "#6"},
				"west": {"uv": [2, 2, 11, 14], "rotation": 180, "texture": "#6"},
				"up": {"uv": [2, 14, 11, 13], "rotation": 270, "texture": "#6"},
				"down": {"uv": [11, 3, 2, 2], "rotation": 270, "texture": "#6"}
			}
		},
		{
			"name": "1_6",
			"from": [0, 2, 2],
			"to": [1, 14, 4],
			"faces": {
				"north": {"uv": [14, 2, 13, 14], "rotation": 180, "texture": "#6"},
				"east": {"uv": [12, 14, 14, 2], "texture": "#6"},
				"south": {"uv": [13, 2, 12, 14], "rotation": 180, "texture": "#6"},
				"west": {"uv": [12, 2, 14, 14], "rotation": 180, "texture": "#6"},
				"up": {"uv": [12, 14, 14, 13], "rotation": 270, "texture": "#6"},
				"down": {"uv": [14, 3, 12, 2], "rotation": 270, "texture": "#6"}
			}
		},
		{
			"name": "1_7",
			"from": [-1, 4, 4],
			"to": [2, 5, 15],
			"faces": {
				"north": {"uv": [2, 4, 1, 5], "rotation": 180, "texture": "#6"},
				"east": {"uv": [1, 5, 2, 4], "texture": "#6"},
				"south": {"uv": [2, 4, 1, 5], "rotation": 180, "texture": "#6"},
				"west": {"uv": [1, 4, 2, 5], "rotation": 180, "texture": "#6"},
				"up": {"uv": [1, 5, 2, 4], "rotation": 270, "texture": "#6"},
				"down": {"uv": [2, 5, 1, 4], "rotation": 270, "texture": "#6"}
			}
		},
		{
			"name": "1_8",
			"from": [-1, 1, 4],
			"to": [2, 12, 5],
			"faces": {
				"north": {"uv": [2, 5, 1, 4], "rotation": 90, "texture": "#6"},
				"east": {"uv": [2, 4, 1, 5], "rotation": 90, "texture": "#6"},
				"south": {"uv": [1, 5, 2, 4], "rotation": 270, "texture": "#6"},
				"west": {"uv": [2, 5, 1, 4], "rotation": 90, "texture": "#6"},
				"up": {"uv": [2, 4, 1, 5], "texture": "#6"},
				"down": {"uv": [2, 4, 1, 5], "rotation": 180, "texture": "#6"}
			}
		},
		{
			"name": "1_8",
			"from": [-1, 11, 1],
			"to": [2, 12, 11],
			"faces": {
				"north": {"uv": [15, 11, 14, 12], "rotation": 180, "texture": "#6"},
				"east": {"uv": [14, 12, 15, 11], "texture": "#6"},
				"south": {"uv": [15, 11, 14, 12], "rotation": 180, "texture": "#6"},
				"west": {"uv": [14, 11, 15, 12], "rotation": 180, "texture": "#6"},
				"up": {"uv": [14, 12, 15, 11], "rotation": 270, "texture": "#6"},
				"down": {"uv": [15, 12, 14, 11], "rotation": 270, "texture": "#6"}
			}
		},
		{
			"name": "1_9",
			"from": [-1, 4, 11],
			"to": [2, 15, 12],
			"faces": {
				"north": {"uv": [5, 14, 4, 15], "rotation": 180, "texture": "#6"},
				"east": {"uv": [4, 15, 5, 14], "texture": "#6"},
				"south": {"uv": [5, 14, 4, 15], "rotation": 180, "texture": "#6"},
				"west": {"uv": [4, 14, 5, 15], "rotation": 180, "texture": "#6"},
				"up": {"uv": [4, 15, 5, 14], "rotation": 270, "texture": "#6"},
				"down": {"uv": [5, 15, 4, 14], "rotation": 270, "texture": "#6"}
			}
		},
		{
			"name": "5_5",
			"from": [2, 0, 4],
			"to": [15, 1, 5],
			"faces": {
				"north": {"uv": [12, 1, 11, 14], "rotation": 270, "texture": "#6"},
				"east": {"uv": [12, 2, 11, 1], "rotation": 180, "texture": "#6"},
				"south": {"uv": [12, 1, 11, 14], "rotation": 90, "texture": "#6"},
				"west": {"uv": [11, 14, 12, 13], "rotation": 180, "texture": "#6"},
				"up": {"uv": [11, 14, 12, 1], "rotation": 270, "texture": "#6"},
				"down": {"uv": [11, 1, 12, 14], "rotation": 90, "texture": "#6"}
			}
		},
		{
			"name": "6_6",
			"from": [2, 0, 5],
			"to": [14, 1, 14],
			"faces": {
				"north": {"uv": [11, 2, 10, 14], "rotation": 270, "texture": "#6"},
				"east": {"uv": [11, 3, 2, 2], "rotation": 180, "texture": "#6"},
				"south": {"uv": [3, 2, 2, 14], "rotation": 90, "texture": "#6"},
				"west": {"uv": [2, 14, 11, 13], "rotation": 180, "texture": "#6"},
				"up": {"uv": [2, 14, 11, 2], "rotation": 270, "texture": "#6"},
				"down": {"uv": [2, 2, 11, 14], "rotation": 90, "texture": "#6"}
			}
		},
		{
			"name": "1_7",
			"from": [2, 0, 2],
			"to": [14, 1, 4],
			"faces": {
				"north": {"uv": [14, 2, 13, 14], "rotation": 270, "texture": "#6"},
				"east": {"uv": [14, 3, 12, 2], "rotation": 180, "texture": "#6"},
				"south": {"uv": [13, 2, 12, 14], "rotation": 90, "texture": "#6"},
				"west": {"uv": [12, 14, 14, 13], "rotation": 180, "texture": "#6"},
				"up": {"uv": [12, 14, 14, 2], "rotation": 270, "texture": "#6"},
				"down": {"uv": [12, 2, 14, 14], "rotation": 90, "texture": "#6"}
			}
		},
		{
			"name": "1_8",
			"from": [11, -1, 4],
			"to": [12, 2, 15],
			"faces": {
				"north": {"uv": [2, 4, 1, 5], "rotation": 270, "texture": "#6"},
				"east": {"uv": [2, 5, 1, 4], "rotation": 180, "texture": "#6"},
				"south": {"uv": [2, 4, 1, 5], "rotation": 90, "texture": "#6"},
				"west": {"uv": [1, 5, 2, 4], "rotation": 180, "texture": "#6"},
				"up": {"uv": [1, 5, 2, 4], "rotation": 270, "texture": "#6"},
				"down": {"uv": [1, 4, 2, 5], "rotation": 90, "texture": "#6"}
			}
		},
		{
			"name": "1_9",
			"from": [4, -1, 4],
			"to": [15, 2, 5],
			"faces": {
				"north": {"uv": [2, 5, 1, 4], "rotation": 180, "texture": "#6"},
				"east": {"uv": [2, 4, 1, 5], "rotation": 90, "texture": "#6"},
				"south": {"uv": [1, 5, 2, 4], "rotation": 180, "texture": "#6"},
				"west": {"uv": [2, 4, 1, 5], "rotation": 270, "texture": "#6"},
				"up": {"uv": [2, 4, 1, 5], "texture": "#6"},
				"down": {"uv": [2, 5, 1, 4], "texture": "#6"}
			}
		},
		{
			"name": "1_9",
			"from": [4, -1, 1],
			"to": [5, 2, 11],
			"faces": {
				"north": {"uv": [15, 11, 14, 12], "rotation": 270, "texture": "#6"},
				"east": {"uv": [15, 12, 14, 11], "rotation": 180, "texture": "#6"},
				"south": {"uv": [15, 11, 14, 12], "rotation": 90, "texture": "#6"},
				"west": {"uv": [14, 12, 15, 11], "rotation": 180, "texture": "#6"},
				"up": {"uv": [14, 12, 15, 11], "rotation": 270, "texture": "#6"},
				"down": {"uv": [14, 11, 15, 12], "rotation": 90, "texture": "#6"}
			}
		},
		{
			"name": "1_10",
			"from": [1, -1, 11],
			"to": [12, 2, 12],
			"faces": {
				"north": {"uv": [5, 14, 4, 15], "rotation": 270, "texture": "#6"},
				"east": {"uv": [5, 15, 4, 14], "rotation": 180, "texture": "#6"},
				"south": {"uv": [5, 14, 4, 15], "rotation": 90, "texture": "#6"},
				"west": {"uv": [4, 15, 5, 14], "rotation": 180, "texture": "#6"},
				"up": {"uv": [4, 15, 5, 14], "rotation": 270, "texture": "#6"},
				"down": {"uv": [4, 14, 5, 15], "rotation": 90, "texture": "#6"}
			}
		},
		{
			"name": "1_10",
			"from": [5, 5, 5],
			"to": [11, 11, 11],
			"faces": {
				"north": {"uv": [16, 0, 0, 16], "texture": "#7"},
				"east": {"uv": [16, 0, 0, 16], "texture": "#7"},
				"south": {"uv": [16, 0, 0, 16], "texture": "#7"},
				"west": {"uv": [16, 0, 0, 16], "texture": "#7"},
				"up": {"uv": [16, 0, 0, 16], "texture": "#7"},
				"down": {"uv": [16, 0, 0, 16], "texture": "#7"}
			}
		}
	],
	"groups": [
		{
			"name": "group",
			"origin": [8, 8, 8],
			"children": [
				{
					"name": "1",
					"origin": [8, 8, 8],
					"children": [0, 1, 2, 3, 4, 5, 6]
				},
				{
					"name": "1",
					"origin": [8, 8, 8],
					"children": [7, 8, 9, 10, 11, 12, 13]
				},
				{
					"name": "1",
					"origin": [8, 8, 8],
					"children": [14, 15, 16, 17, 18, 19, 20]
				},
				{
					"name": "1",
					"origin": [8, 8, 8],
					"children": [21, 22, 23, 24, 25, 26, 27]
				},
				{
					"name": "1",
					"origin": [8, 8, 8],
					"children": [28, 29, 30, 31, 32, 33, 34]
				},
				{
					"name": "1",
					"origin": [8, 8, 8],
					"children": [35, 36, 37, 38, 39, 40, 41]
				}
			]
		}, 42]
}