{
  "item_block": {
    "name": "催化核心lv_1",
    "type": "additions:block_simple"
  },
  "name": "催化核心lv_1",
  "material": "minecraft:stone",
  "map_color": "minecraft:yellow_stained_clay",
  "hardness": 30.0,
  "resistance": 1000.0,
  "harvest_level": 3,
  "harvest_tool": "pickaxe",
  "same_collision_bounding_box": false,
  "bounding_box_min_x": 0.10000000149011612,
  "bounding_box_min_y": 0.10000000149011612,
  "bounding_box_min_z": 0.10000000149011612,
  "type": "additions:simple"
}