{
  "item_block": {
    "name": "晶体矿",
    "burn_time": 200,
    "ore_dict": "oreJT",
    "type": "additions:block_simple"
  },
  "name": "晶体矿",
  "material": "minecraft:glass",
  "map_color": "minecraft:light_blue",
  "hardness": 2.0,
  "resistance": 1.0,
  "harvest_level": 2,
  "harvest_tool": "pickaxe",
  "effective_tools": "pickaxe",
  "beacon_color_multiplier": {
    "red": 0.0,
    "green": 0.26,
    "blue": 0.32
  },
  "slipperiness": 0.99,
  "can_pistons_push": false,
  "xp_dropped_min": 1,
  "xp_dropped_max": 2,
  "type": "additions:simple"
}