{
  "variants": {
    "half\u003dfull": {
      "model": "additions:yingyingying-bao_full"
    },
    "half\u003dbottom": {
      "model": "additions:yingyingying-bao"
    },
    "half\u003dtop": {
      "model": "additions:yingyingying-bao_top"
    },
    "half\u003deast": {
      "model": "additions:yingyingying-bao_vertical"
    },
    "half\u003dsouth": {
      "model": "additions:yingyingying-bao_vertical",
      "y": 90
    },
    "half\u003dwest": {
      "model": "additions:yingyingying-bao_vertical",
      "y": 180
    },
    "half\u003dnorth": {
      "model": "additions:yingyingying-bao_vertical",
      "y": 270
    }
  }
}