{
  "name": "a1",
  "target-item": "additions:yingyingying-ys_1",
  "target-count": 1,
  "target-meta": 0,

  "catalyst": "additions:yingyingying-yyq",
  
  "input-types": {
    "a": {
      "id": "additions:yingyingying-yhys",
      "meta": 0
    },
    "b": {
      "id": "minecraft:cobblestone",
      "meta": 0
    }
  },
  "shape": [
    [
      [
        "a",
        "a",
        "a"
      ],
      [
        "a",
        "b",
        "a"
      ],
      [
        "a",
        "a",
        "a"
      ]
    ]
  ]

}