{
  "name": "gyk",
  "target-block": "additions:yingyingying-gyk",
  "target-count": 1,
  "target-meta": 0,

  "catalyst": "additions:yingyingying-chj_4",
  
  "input-types": {
    "a": {
      "id": "extrabotany:blockshadowium",
      "meta": 0
    },
    "b": {
      "id": "extrabotany:blockphotonium",
      "meta": 0
    },
    "c": {
      "id": "extrabotany:blockorichalcos",
      "meta": 0
    },
    "d": {
      "id": "naturalpledge:corporea_resonator",
      "meta": 0
    },
    "e": {
      "id": "extrabotany:dimensioncatalyst",
      "meta": 0
    },
    "f": {
      "id": "additions:yingyingying-jxldgk",
      "meta": 0
    },
    "g": {
      "id": "additions:yingyingying-chj_4",
      "meta": 0
    }
  },
  "shape": [
    [
      [
        "a",
        "b",
        "a",
        "b",
        "a"
      ],
      [
        "b",
        "c",
        "d",
        "c",
        "b"
      ],
      [
        "a",
        "d",
        "e",
        "d",
        "a"
      ],
      [
        "b",
        "c",
        "d",
        "c",
        "b"
      ],
      [
        "a",
        "b",
        "a",
        "b",
        "a"
      ]
    ],
    [
      [
        "b",
        "c",
        "d",
        "c",
        "b"
      ],
      [
        "c",
        "f",
        "f",
        "f",
        "c"
      ],
      [
        "d",
        "f",
        "f",
        "f",
        "d"
      ],
      [
        "c",
        "f",
        "f",
        "f",
        "c"
      ],
      [
        "b",
        "c",
        "d",
        "c",
        "b"
      ]
    ],
    [
      [
        "a",
        "d",
        "e",
        "d",
        "a"
      ],
      [
        "d",
        "f",
        "f",
        "f",
        "d"
      ],
      [
        "e",
        "f",
        "g",
        "f",
        "e"
      ],
      [
        "d",
        "f",
        "f",
        "f",
        "d"
      ],
      [
        "a",
        "d",
        "e",
        "d",
        "a"
      ]
    ],
    [
      [
        "b",
        "c",
        "d",
        "c",
        "b"
      ],
      [
        "c",
        "f",
        "f",
        "f",
        "c"
      ],
      [
        "d",
        "f",
        "f",
        "f",
        "d"
      ],
      [
        "c",
        "f",
        "f",
        "f",
        "c"
      ],
      [
        "b",
        "c",
        "d",
        "c",
        "b"
      ]
    ],
    [
      [
        "a",
        "b",
        "a",
        "b",
        "a"
      ],
      [
        "b",
        "c",
        "d",
        "c",
        "b"
      ],
      [
        "a",
        "d",
        "e",
        "d",
        "a"
      ],
      [
        "b",
        "c",
        "d",
        "c",
        "b"
      ],
      [
        "a",
        "b",
        "a",
        "b",
        "a"
      ]
    ]
  ]

}