{
  "name": "cyberware:surgery",
  "target-item": "cyberware:surgery",
  "target-count": 1,
  "target-meta": 0,
  "symmetrical": true,
  "duration": 300,
  "disabled": false,

  "input-types": {
    "a": {
      "id": "immersiveengineering:sheetmetal",
      "meta": 9
    },
    "b": {
      "id": "additions:yingyingying-ic_resource_12",
      "meta": 0
    },
    "c": {
      "id": "actuallyadditions:block_crystal",
      "meta": 1
    },
    "d": {
      "id": "additions:yingyingying-chj_1",
      "meta": 0
    }
  },
  "shape": [
    [
      [
        "a",
        "b",
        "a"
      ],
      [
        "b",
        "c",
        "b"
      ],
      [
        "a",
        "b",
        "a"
      ]
    ],
    [
      [
        "b",
        "c",
        "b"
      ],
      [
        "c",
        "d",
        "c"
      ],
      [
        "b",
        "c",
        "b"
      ]
    ],
    [
      [
        "a",
        "b",
        "a"
      ],
      [
        "b",
        "c",
        "b"
      ],
      [
        "a",
        "b",
        "a"
      ]
    ]
  ]

}