{
  "name": "extendedcrafting:crafting_core",
  "target-block": "extendedcrafting:crafting_core",
  "target-count": 1,
  "target-meta": 0,

  "input-types": {
    "a": {
      "id": "extendedcrafting:frame",
      "meta": 0
    },
    "b": {
      "id": "extendedcrafting:trimmed",
      "meta": 2
    },
    "c": {
      "id": "additions:yingyingying-chj_1",
      "meta": 0
    }
  },
  "shape": [
    [
      [
        "_",
        "a",
        "_"
      ],
      [
        "a",
        "b",
        "a"
      ],
      [
        "_",
        "a",
        "_"
      ]
    ],
    [
      [
        "a",
        "b",
        "a"
      ],
      [
        "b",
        "c",
        "b"
      ],
      [
        "a",
        "b",
        "a"
      ]
    ],
    [
      [
        "_",
        "a",
        "_"
      ],
      [
        "a",
        "b",
        "a"
      ],
      [
        "_",
        "a",
        "_"
      ]
    ]
  ]

}