{
  "name": "mekanism:basicblock",
  "target-item": "mekanism:basicblock",
  "target-count": 4,
  "target-meta": 8,
  "symmetrical": true,
  "duration": 300,
  "disabled": false,

  "input-types": {
    "a": {
      "id": "enderio:block_alloy",
      "meta": 9
    },
    "b": {
      "id": "additions:yingyingying-ic_resource_12",
      "meta": 0
    },
    "c": {
      "id": "appliedenergistics2:smooth_sky_stone_block",
      "meta": 0
    },
    "d": {
      "id": "hwell:asul_machine_case",
      "meta": 0
    },
    "e": {
      "id": "immersiveengineering:sheetmetal",
      "meta": 6
    }
  },
  "shape": [
    [
      [
        "a",
        "b",
        "b",
        "b",
        "a"
      ],
      [
        "b",
        "d",
        "d",
        "d",
        "b"
      ],
      [
        "b",
        "d",
        "d",
        "d",
        "b"
      ],
      [
        "b",
        "d",
        "d",
        "d",
        "b"
      ],
      [
        "a",
        "b",
        "b",
        "b",
        "a"
      ]
    ],
    [
      [
        "c",
        "d",
        "d",
        "d",
        "c"
      ],
      [
        "d",
        "e",
        "e",
        "e",
        "d"
      ],
      [
        "d",
        "e",
        "e",
        "e",
        "d"
      ],
      [
        "d",
        "e",
        "e",
        "e",
        "d"
      ],
      [
        "c",
        "d",
        "d",
        "d",
        "c"
      ]
    ],
    [
      [
        "c",
        "d",
        "d",
        "d",
        "c"
      ],
      [
        "d",
        "e",
        "e",
        "e",
        "d"
      ],
      [
        "d",
        "e",
        "e",
        "e",
        "d"
      ],
      [
        "d",
        "e",
        "e",
        "e",
        "d"
      ],
      [
        "c",
        "d",
        "d",
        "d",
        "c"
      ]
    ],
    [
      [
        "c",
        "d",
        "d",
        "d",
        "c"
      ],
      [
        "d",
        "e",
        "e",
        "e",
        "d"
      ],
      [
        "d",
        "e",
        "e",
        "e",
        "d"
      ],
      [
        "d",
        "e",
        "e",
        "e",
        "d"
      ],
      [
        "c",
        "d",
        "d",
        "d",
        "c"
      ]
    ],
    [
      [
        "a",
        "b",
        "b",
        "b",
        "a"
      ],
      [
        "b",
        "d",
        "d",
        "d",
        "b"
      ],
      [
        "b",
        "d",
        "d",
        "d",
        "b"
      ],
      [
        "b",
        "d",
        "d",
        "d",
        "b"
      ],
      [
        "a",
        "b",
        "b",
        "b",
        "a"
      ]
    ]
  ]
}