{
  "name": "additions:yingyingying-ic_resource_12",
  "target-item": "additions:yingyingying-ic_resource_12",
  "target-count": 1,
  "target-meta": 0,
  "symmetrical": true,
  "duration": 300,
  "disabled": false,

  "input-types": {
    "a": {
      "id": "immersiveengineering:sheetmetal",
      "meta": 9
    }
  },
  "shape": [
    [
      [
        "a",
        "a",
        "a"
      ],
      [
        "a",
        "_",
        "a"
      ],
      [
        "a",
        "a",
        "a"
      ]
    ],
    [
      [
        "a",
        "_",
        "a"
      ],
      [
        "_",
        "_",
        "_"
      ],
      [
        "a",
        "_",
        "a"
      ]
    ],
    [
      [
        "a",
        "a",
        "a"
      ],
      [
        "a",
        "_",
        "a"
      ],
      [
        "a",
        "a",
        "a"
      ]
    ]
  ]

}