{
  "name": "nuclearcraft:part1",
  "target-item": "nuclearcraft:part",
  "target-count": 1,
  "target-meta": 10,
  "symmetrical": true,
  "duration": 300,
  "disabled": false,

  "input-types": {
    "a": {
      "id": "enderio:block_alloy",
      "meta": 9
    },
    "b": {
      "id": "overloaded:compressed_cobblestone",
      "meta": 0
    }
  },
  "shape": [
    [
      [
        "a",
        "b",
        "a"
      ],
      [
        "b",
        "b",
        "b"
      ],
      [
        "a",
        "b",
        "a"
      ]
    ],
    [
      [
        "a",
        "b",
        "a"
      ],
      [
        "b",
        "b",
        "b"
      ],
      [
        "a",
        "b",
        "a"
      ]
    ],
    [
      [
        "a",
        "b",
        "a"
      ],
      [
        "b",
        "b",
        "b"
      ],
      [
        "a",
        "b",
        "a"
      ]
    ]
  ]

}