{
  "name": "additions:yingyingying-ic_resource_13",
  "target-item": "additions:yingyingying-ic_resource_13",
  "target-count": 2,
  "target-meta": 0,
  "symmetrical": true,
  "duration": 300,
  "disabled": false,
  "input-types": {
    "a": {
      "id": "additions:yingyingying-ic_resource_12",
      "meta": 0
    },
    "b": {
      "id": "immersiveengineering:sheetmetal",
      "meta": 9
    },
    "c": {
      "id": "hwell:asul_machine_case",
      "meta": 0
    }
  },
  "shape": [
    [
      [
        "a",
        "b",
        "a"
      ],
      [
        "b",
        "b",
        "b"
      ],
      [
        "a",
        "b",
        "a"
      ]
    ],
    [
      [
        "b",
        "b",
        "b"
      ],
      [
        "b",
        "c",
        "b"
      ],
      [
        "b",
        "b",
        "b"
      ]
    ],
    [
      [
        "a",
        "b",
        "a"
      ],
      [
        "b",
        "b",
        "b"
      ],
      [
        "a",
        "b",
        "a"
      ]
    ]
  ]

}