{
  "name": "actuallyadditions:block_misc",
  "target-block": "actuallyadditions:block_misc",
  "target-count": 1,
  "target-meta": 4,

  
  "input-types": {
    "a": {
      "id": "hwell:myst_log"
    },
    "b": {
      "id": "minecraft:log"
    },
    "c": {
      "id": "minecraft:log"
    },
    "d": {
      "id": "minecraft:planks"
    },
    "e": {
      "id": "minecraft:log"
    },
    "f": {
      "id": "minecraft:obsidian"
    }
  },
  "shape": [
    [
      [
        "a",
        "b",
        "a"
      ],
      [
        "e",
        "d",
        "e"
      ],
      [
        "a",
        "b",
        "a"
      ]
    ],
    [
      [
        "c",
        "d",
        "c"
      ],
      [
        "d",
        "f",
        "d"
      ],
      [
        "c",
        "d",
        "c"
      ]
    ],
    [
      [
        "a",
        "b",
        "a"
      ],
      [
        "e",
        "d",
        "e"
      ],
      [
        "a",
        "b",
        "a"
      ]
    ]
  ]
}