{
  "name": "actuallyadditions:block_misc9",
  "target-block": "actuallyadditions:block_misc",
  "target-count": 3,
  "target-meta": 9,
  
  "input-types": {
    "a": {
      "id": "immersiveengineering:sheetmetal",
      "meta": 9
    },
    "b": {
      "id": "actuallyadditions:block_misc",
      "meta": 2
    }
  },
  "shape": [
    [
      [
        "a",
        "a",
        "a"
      ],
      [
        "a",
        "a",
        "a"
      ],
      [
        "a",
        "a",
        "a"
      ]
    ],
    [
      [
        "a",
        "a",
        "a"
      ],
      [
        "a",
        "b",
        "a"
      ],
      [
        "a",
        "a",
        "a"
      ]
    ],
    [
      [
        "a",
        "a",
        "a"
      ],
      [
        "a",
        "a",
        "a"
      ],
      [
        "a",
        "a",
        "a"
      ]
    ]
  ]

}