{
  "name": "overloaded:compressed_netherrack14",
  "target-item": "overloaded:compressed_netherrack",
  "target-count": 3,
  "target-meta": 13,
  "disabled": false,
  "duration": 280,
  "symmetrical": true,


  "input-types": {
    "a": {
      "id": "overloaded:compressed_netherrack",
      "meta": 12
    }
  },
  "shape": [
    [
      [
        "a",
        "a",
        "a"
      ],
      [
        "a",
        "a",
        "a"
      ],
      [
        "a",
        "a",
        "a"
      ]
    ],
    [
      [
        "a",
        "a",
        "a"
      ],
      [
        "a",
        "a",
        "a"
      ],
      [
        "a",
        "a",
        "a"
      ]
    ],
    [
      [
        "a",
        "a",
        "a"
      ],
      [
        "a",
        "a",
        "a"
      ],
      [
        "a",
        "a",
        "a"
      ]
    ]
  ]
}