{
  "name": "overloaded:compressed_netherrack9",
  "target-item": "overloaded:compressed_netherrack",
  "target-count": 3,
  "target-meta": 8,
  "disabled": false,
  "duration": 180,
  "symmetrical": true,


  "input-types": {
    "a": {
      "id": "overloaded:compressed_netherrack",
      "meta": 7
    }
  },
  "shape": [
    [
      [
        "a",
        "a",
        "a"
      ],
      [
        "a",
        "a",
        "a"
      ],
      [
        "a",
        "a",
        "a"
      ]
    ],
    [
      [
        "a",
        "a",
        "a"
      ],
      [
        "a",
        "a",
        "a"
      ],
      [
        "a",
        "a",
        "a"
      ]
    ],
    [
      [
        "a",
        "a",
        "a"
      ],
      [
        "a",
        "a",
        "a"
      ],
      [
        "a",
        "a",
        "a"
      ]
    ]
  ]
}