{
  "name": "overloaded:compressed_netherrack12",
  "target-item": "overloaded:compressed_netherrack",
  "target-count": 3,
  "target-meta": 11,
  "disabled": false,
  "duration": 240,
  "symmetrical": true,

  "input-types": {
    "a": {
      "id": "overloaded:compressed_netherrack",
      "meta": 10
    }
  },
  "shape": [
    [
      [
        "a",
        "a",
        "a"
      ],
      [
        "a",
        "a",
        "a"
      ],
      [
        "a",
        "a",
        "a"
      ]
    ],
    [
      [
        "a",
        "a",
        "a"
      ],
      [
        "a",
        "a",
        "a"
      ],
      [
        "a",
        "a",
        "a"
      ]
    ],
    [
      [
        "a",
        "a",
        "a"
      ],
      [
        "a",
        "a",
        "a"
      ],
      [
        "a",
        "a",
        "a"
      ]
    ]
  ]
}