{
  "name": "overloaded:compressed_netherrack2",
  "target-item": "overloaded:compressed_netherrack",
  "target-count": 3,
  "target-meta": 1,
  "disabled": false,
  "duration": 40,
  "symmetrical": true,


  "input-types": {
    "a": {
      "id": "overloaded:compressed_netherrack",
      "meta": 0
    }
  },
  "shape": [
    [
      [
        "a",
        "a",
        "a"
      ],
      [
        "a",
        "a",
        "a"
      ],
      [
        "a",
        "a",
        "a"
      ]
    ],
    [
      [
        "a",
        "a",
        "a"
      ],
      [
        "a",
        "a",
        "a"
      ],
      [
        "a",
        "a",
        "a"
      ]
    ],
    [
      [
        "a",
        "a",
        "a"
      ],
      [
        "a",
        "a",
        "a"
      ],
      [
        "a",
        "a",
        "a"
      ]
    ]
  ]
}