{
  "name": "overloaded:compressed_netherrack",
  "target-item": "overloaded:compressed_netherrack",
  "target-count": 3,
  "target-meta": 0,
  "disabled": false,
  "duration": 20,
  "symmetrical": true,

  "input-types": {
    "a": {
      "id": "minecraft:netherrack",
      "meta": 0
    }
  },
  "shape": [
    [
      [
        "a",
        "a",
        "a"
      ],
      [
        "a",
        "a",
        "a"
      ],
      [
        "a",
        "a",
        "a"
      ]
    ],
    [
      [
        "a",
        "a",
        "a"
      ],
      [
        "a",
        "a",
        "a"
      ],
      [
        "a",
        "a",
        "a"
      ]
    ],
    [
      [
        "a",
        "a",
        "a"
      ],
      [
        "a",
        "a",
        "a"
      ],
      [
        "a",
        "a",
        "a"
      ]
    ]
  ]

}