{
  "name": "overloaded:compressed_obsidian8",
  "target-item": "overloaded:compressed_obsidian",
  "target-count": 3,
  "target-meta": 7,
  "disabled": false,
  "duration": 160,

  "symmetrical": true,


  "input-types": {
    "a": {
      "id": "overloaded:compressed_obsidian",
      "meta": 6
    }
  },
  "shape": [
    [
      [
        "a",
        "a",
        "a"
      ],
      [
        "a",
        "a",
        "a"
      ],
      [
        "a",
        "a",
        "a"
      ]
    ],
    [
      [
        "a",
        "a",
        "a"
      ],
      [
        "a",
        "a",
        "a"
      ],
      [
        "a",
        "a",
        "a"
      ]
    ],
    [
      [
        "a",
        "a",
        "a"
      ],
      [
        "a",
        "a",
        "a"
      ],
      [
        "a",
        "a",
        "a"
      ]
    ]
  ]
}