{
  "name": "overloaded:compressed_obsidian11",
  "target-item": "overloaded:compressed_obsidian",
  "target-count": 3,
  "target-meta": 10,
  "disabled": false,
  "duration": 220,


  "symmetrical": true,

  "input-types": {
    "a": {
      "id": "overloaded:compressed_obsidian",
      "meta": 9
    }
  },
  "shape": [
    [
      [
        "a",
        "a",
        "a"
      ],
      [
        "a",
        "a",
        "a"
      ],
      [
        "a",
        "a",
        "a"
      ]
    ],
    [
      [
        "a",
        "a",
        "a"
      ],
      [
        "a",
        "a",
        "a"
      ],
      [
        "a",
        "a",
        "a"
      ]
    ],
    [
      [
        "a",
        "a",
        "a"
      ],
      [
        "a",
        "a",
        "a"
      ],
      [
        "a",
        "a",
        "a"
      ]
    ]
  ]
}