{
  "name": "overloaded:compressed_obsidian3",
  "target-item": "overloaded:compressed_obsidian",
  "target-count": 3,
  "target-meta": 2,
  "disabled": false,
  "duration": 60,
  "symmetrical": true,

  "input-types": {
    "a": {
      "id": "overloaded:compressed_obsidian",
      "meta": 1
    }
  },
  "shape": [
    [
      [
        "a",
        "a",
        "a"
      ],
      [
        "a",
        "a",
        "a"
      ],
      [
        "a",
        "a",
        "a"
      ]
    ],
    [
      [
        "a",
        "a",
        "a"
      ],
      [
        "a",
        "a",
        "a"
      ],
      [
        "a",
        "a",
        "a"
      ]
    ],
    [
      [
        "a",
        "a",
        "a"
      ],
      [
        "a",
        "a",
        "a"
      ],
      [
        "a",
        "a",
        "a"
      ]
    ]
  ]
}