{
  "name": "overloaded:compressed_sand13",
  "target-item": "overloaded:compressed_sand",
  "target-count": 3,
  "target-meta": 12,
  "disabled": false,
  "duration": 260,
  "symmetrical": true,

  "input-types": {
    "a": {
      "id": "overloaded:compressed_sand",
      "meta": 11
    }
  },
  "shape": [
    [
      [
        "a",
        "a",
        "a"
      ],
      [
        "a",
        "a",
        "a"
      ],
      [
        "a",
        "a",
        "a"
      ]
    ],
    [
      [
        "a",
        "a",
        "a"
      ],
      [
        "a",
        "a",
        "a"
      ],
      [
        "a",
        "a",
        "a"
      ]
    ],
    [
      [
        "a",
        "a",
        "a"
      ],
      [
        "a",
        "a",
        "a"
      ],
      [
        "a",
        "a",
        "a"
      ]
    ]
  ]
}