{
  "name": "overloaded:compressed_sand15",
  "target-item": "overloaded:compressed_sand",
  "target-count": 3,
  "target-meta": 14,
  "disabled": false,
  "duration": 300,
  "symmetrical": true,


  "input-types": {
    "a": {
      "id": "overloaded:compressed_sand",
      "meta": 13
    }
  },
  "shape": [
    [
      [
        "a",
        "a",
        "a"
      ],
      [
        "a",
        "a",
        "a"
      ],
      [
        "a",
        "a",
        "a"
      ]
    ],
    [
      [
        "a",
        "a",
        "a"
      ],
      [
        "a",
        "a",
        "a"
      ],
      [
        "a",
        "a",
        "a"
      ]
    ],
    [
      [
        "a",
        "a",
        "a"
      ],
      [
        "a",
        "a",
        "a"
      ],
      [
        "a",
        "a",
        "a"
      ]
    ]
  ]
}