{
  "name": "overloaded:compressed_sand16",
  "target-item": "overloaded:compressed_sand",
  "target-count": 3,
  "target-meta": 15,
  "symmetrical": true,
  "duration": 320,
  "disabled": false,
  "input-types": {
    "a": {
      "id": "overloaded:compressed_sand",
      "meta": 14
    }
  },
  "shape": [
    [
      [
        "a",
        "a",
        "a"
      ],
      [
        "a",
        "a",
        "a"
      ],
      [
        "a",
        "a",
        "a"
      ]
    ],
    [
      [
        "a",
        "a",
        "a"
      ],
      [
        "a",
        "a",
        "a"
      ],
      [
        "a",
        "a",
        "a"
      ]
    ],
    [
      [
        "a",
        "a",
        "a"
      ],
      [
        "a",
        "a",
        "a"
      ],
      [
        "a",
        "a",
        "a"
      ]
    ]
  ]

}