{
  "item_block": {
    "name": "§4盖 亚 块",
    "tooltip": "盖亚块",
    "type": "additions:block_simple"
  },
  "name": "§4盖 亚 块",
  "material": "minecraft:stone",
  "map_color": "minecraft:lapis",
  "hardness": 30.0,
  "resistance": 3000.0,
  "harvest_level": 3,
  "harvest_tool": "pickaxe",
  "can_pistons_push": false,
  "same_collision_bounding_box": false,
  "bounding_box_min_x": 0.10000000149011612,
  "bounding_box_min_y": 0.10000000149011612,
  "bounding_box_min_z": 0.10000000149011612,
  "type": "additions:simple"
}