{
	"credit": "Made with Blockbench",
	"parent": "yunshi",
	"textures": {
		"2": "additions:blocks/tr2_2"
	},
	"elements": [
		{
			"from": [7, 7, -4],
			"to": [9, 8, -1],
			"shade": false,
			"rotation": {"angle": 45, "axis": "x", "origin": [8, -9, 8]},
			"faces": {
				"north": {"uv": [0, 0, 16, 16], "texture": "#2", "cullface": "up"},
				"east": {"uv": [0, 0, 16, 16], "texture": "#2", "cullface": "up"},
				"south": {"uv": [0, 0, 16, 16], "texture": "#2", "cullface": "up"},
				"west": {"uv": [0, 0, 16, 16], "texture": "#2", "cullface": "up"},
				"up": {"uv": [0, 0, 16, 16], "texture": "#2", "cullface": "up"},
				"down": {"uv": [0, 0, 16, 16], "texture": "#2", "cullface": "up"}
			}
		},
		{
			"from": [7, 7, 17],
			"to": [9, 8, 20],
			"shade": false,
			"rotation": {"angle": -45, "axis": "x", "origin": [8, -9, 8]},
			"faces": {
				"north": {"uv": [0, 0, 16, 16], "texture": "#2", "cullface": "up"},
				"east": {"uv": [0, 0, 16, 16], "texture": "#2", "cullface": "up"},
				"south": {"uv": [0, 0, 16, 16], "texture": "#2", "cullface": "up"},
				"west": {"uv": [0, 0, 16, 16], "texture": "#2", "cullface": "up"},
				"up": {"uv": [0, 0, 16, 16], "texture": "#2", "cullface": "up"},
				"down": {"uv": [0, 0, 16, 16], "texture": "#2", "cullface": "up"}
			}
		},
		{
			"from": [-4, 8, 7],
			"to": [-1, 9, 9],
			"shade": false,
			"rotation": {"angle": -45, "axis": "z", "origin": [8, -9, 8]},
			"faces": {
				"north": {"uv": [0, 0, 16, 16], "texture": "#2", "cullface": "up"},
				"east": {"uv": [0, 0, 16, 16], "texture": "#2", "cullface": "up"},
				"south": {"uv": [0, 0, 16, 16], "texture": "#2", "cullface": "up"},
				"west": {"uv": [0, 0, 16, 16], "texture": "#2", "cullface": "up"},
				"up": {"uv": [0, 0, 16, 16], "texture": "#2", "cullface": "up"},
				"down": {"uv": [0, 0, 16, 16], "texture": "#2", "cullface": "up"}
			}
		},
		{
			"from": [17, 8, 7],
			"to": [20, 9, 9],
			"shade": false,
			"rotation": {"angle": 45, "axis": "z", "origin": [8, -9, 8]},
			"faces": {
				"north": {"uv": [0, 0, 16, 16], "texture": "#2", "cullface": "up"},
				"east": {"uv": [0, 0, 16, 16], "texture": "#2", "cullface": "up"},
				"south": {"uv": [0, 0, 16, 16], "texture": "#2", "cullface": "up"},
				"west": {"uv": [0, 0, 16, 16], "texture": "#2", "cullface": "up"},
				"up": {"uv": [0, 0, 16, 16], "texture": "#2", "cullface": "up"},
				"down": {"uv": [0, 0, 16, 16], "texture": "#2", "cullface": "up"}
			}
		},
		{
			"from": [7, 9, 7],
			"to": [9, 17, 9],
			"shade": false,
			"rotation": {"angle": 0, "axis": "y", "origin": [8, -9, 8]},
			"faces": {
				"north": {"uv": [0, 0, 16, 15.5], "texture": "#2", "cullface": "up"},
				"east": {"uv": [0, 0, 16, 15.5], "texture": "#2", "cullface": "up"},
				"south": {"uv": [0, 0, 16, 15.5], "texture": "#2", "cullface": "up"},
				"west": {"uv": [0, 0, 16, 15.5], "texture": "#2", "cullface": "up"},
				"up": {"uv": [0, 0, 16, 15.5], "texture": "#2", "cullface": "up"},
				"down": {"uv": [0, 0, 16, 15.5], "texture": "#2", "cullface": "up"}
			}
		},
		{
			"from": [7, 10, 6],
			"to": [9, 16, 10],
			"shade": false,
			"rotation": {"angle": 0, "axis": "y", "origin": [8, -9, 8]},
			"faces": {
				"north": {"uv": [0, 0, 16, 15.5], "texture": "#2", "cullface": "up"},
				"east": {"uv": [0, 0, 16, 15.5], "texture": "#2", "cullface": "up"},
				"south": {"uv": [0, 0, 16, 15.5], "texture": "#2", "cullface": "up"},
				"west": {"uv": [0, 0, 16, 15.5], "texture": "#2", "cullface": "up"},
				"up": {"uv": [0, 0, 16, 15.5], "texture": "#2", "cullface": "up"},
				"down": {"uv": [0, 0, 16, 15.5], "texture": "#2", "cullface": "up"}
			}
		},
		{
			"from": [7, 11, 5],
			"to": [9, 15, 11],
			"shade": false,
			"rotation": {"angle": 0, "axis": "y", "origin": [8, -9, 8]},
			"faces": {
				"north": {"uv": [0, 0, 16, 15.5], "texture": "#2", "cullface": "up"},
				"east": {"uv": [0, 0, 16, 15.5], "texture": "#2", "cullface": "up"},
				"south": {"uv": [0, 0, 16, 15.5], "texture": "#2", "cullface": "up"},
				"west": {"uv": [0, 0, 16, 15.5], "texture": "#2", "cullface": "up"},
				"up": {"uv": [0, 0, 16, 15.5], "texture": "#2", "cullface": "up"},
				"down": {"uv": [0, 0, 16, 15.5], "texture": "#2", "cullface": "up"}
			}
		},
		{
			"from": [7, 12, 4],
			"to": [9, 14, 12],
			"shade": false,
			"rotation": {"angle": 0, "axis": "y", "origin": [8, -9, 8]},
			"faces": {
				"north": {"uv": [0, 0, 16, 15.5], "texture": "#2", "cullface": "up"},
				"east": {"uv": [0, 0, 16, 15.5], "texture": "#2", "cullface": "up"},
				"south": {"uv": [0, 0, 16, 15.5], "texture": "#2", "cullface": "up"},
				"west": {"uv": [0, 0, 16, 15.5], "texture": "#2", "cullface": "up"},
				"up": {"uv": [0, 0, 16, 15.5], "texture": "#2", "cullface": "up"},
				"down": {"uv": [0, 0, 16, 15.5], "texture": "#2", "cullface": "up"}
			}
		},
		{
			"from": [6, 12, 5],
			"to": [10, 14, 11],
			"shade": false,
			"rotation": {"angle": 0, "axis": "y", "origin": [8, -9, 8]},
			"faces": {
				"north": {"uv": [0, 0, 16, 15.5], "texture": "#2", "cullface": "up"},
				"east": {"uv": [0, 0, 16, 15.5], "texture": "#2", "cullface": "up"},
				"south": {"uv": [0, 0, 16, 15.5], "texture": "#2", "cullface": "up"},
				"west": {"uv": [0, 0, 16, 15.5], "texture": "#2", "cullface": "up"},
				"up": {"uv": [0, 0, 16, 15.5], "texture": "#2", "cullface": "up"},
				"down": {"uv": [0, 0, 16, 15.5], "texture": "#2", "cullface": "up"}
			}
		},
		{
			"from": [5, 12, 6],
			"to": [11, 14, 10],
			"shade": false,
			"rotation": {"angle": 0, "axis": "y", "origin": [8, -9, 8]},
			"faces": {
				"north": {"uv": [0, 0, 16, 15.5], "rotation": 270, "texture": "#2", "cullface": "up"},
				"east": {"uv": [0, 0, 16, 15.5], "rotation": 270, "texture": "#2", "cullface": "up"},
				"south": {"uv": [0, 0, 16, 15.5], "rotation": 270, "texture": "#2", "cullface": "up"},
				"west": {"uv": [0, 0, 16, 15.5], "rotation": 270, "texture": "#2", "cullface": "up"},
				"up": {"uv": [0, 0, 16, 15.5], "rotation": 270, "texture": "#2", "cullface": "up"},
				"down": {"uv": [0, 0, 16, 15.5], "rotation": 270, "texture": "#2", "cullface": "up"}
			}
		},
		{
			"from": [4, 12, 7],
			"to": [12, 14, 9],
			"shade": false,
			"rotation": {"angle": 0, "axis": "y", "origin": [8, -9, 8]},
			"faces": {
				"north": {"uv": [0, 0, 16, 15.5], "rotation": 270, "texture": "#2", "cullface": "up"},
				"east": {"uv": [0, 0, 16, 15.5], "rotation": 270, "texture": "#2", "cullface": "up"},
				"south": {"uv": [0, 0, 16, 15.5], "rotation": 270, "texture": "#2", "cullface": "up"},
				"west": {"uv": [0, 0, 16, 15.5], "rotation": 270, "texture": "#2", "cullface": "up"},
				"up": {"uv": [0, 0, 16, 15.5], "rotation": 270, "texture": "#2", "cullface": "up"},
				"down": {"uv": [0, 0, 16, 15.5], "rotation": 270, "texture": "#2", "cullface": "up"}
			}
		},
		{
			"from": [5, 11, 7],
			"to": [11, 15, 9],
			"shade": false,
			"rotation": {"angle": 0, "axis": "y", "origin": [8, -9, 8]},
			"faces": {
				"north": {"uv": [0, 0, 16, 15.5], "rotation": 270, "texture": "#2", "cullface": "up"},
				"east": {"uv": [0, 0, 16, 15.5], "rotation": 270, "texture": "#2", "cullface": "up"},
				"south": {"uv": [0, 0, 16, 15.5], "rotation": 270, "texture": "#2", "cullface": "up"},
				"west": {"uv": [0, 0, 16, 15.5], "rotation": 270, "texture": "#2", "cullface": "up"},
				"up": {"uv": [0, 0, 16, 15.5], "rotation": 270, "texture": "#2", "cullface": "up"},
				"down": {"uv": [0, 0, 16, 15.5], "rotation": 270, "texture": "#2", "cullface": "up"}
			}
		},
		{
			"from": [6, 10, 7],
			"to": [10, 16, 9],
			"shade": false,
			"rotation": {"angle": 0, "axis": "y", "origin": [8, -9, 8]},
			"faces": {
				"north": {"uv": [0, 0, 16, 15.5], "texture": "#2", "cullface": "up"},
				"east": {"uv": [0, 0, 16, 15.5], "texture": "#2", "cullface": "up"},
				"south": {"uv": [0, 0, 16, 15.5], "texture": "#2", "cullface": "up"},
				"west": {"uv": [0, 0, 16, 15.5], "texture": "#2", "cullface": "up"},
				"up": {"uv": [0, 0, 16, 15.5], "texture": "#2", "cullface": "up"},
				"down": {"uv": [0, 0, 16, 15.5], "texture": "#2", "cullface": "up"}
			}
		},
		{
			"from": [6, 11, 6],
			"to": [10, 15, 10],
			"shade": false,
			"rotation": {"angle": 0, "axis": "y", "origin": [8, -9, 8]},
			"faces": {
				"north": {"uv": [0, 0, 16, 15.5], "texture": "#2", "cullface": "up"},
				"east": {"uv": [0, 0, 16, 15.5], "texture": "#2", "cullface": "up"},
				"south": {"uv": [0, 0, 16, 15.5], "texture": "#2", "cullface": "up"},
				"west": {"uv": [0, 0, 16, 15.5], "texture": "#2", "cullface": "up"},
				"up": {"uv": [0, 0, 16, 15.5], "texture": "#2", "cullface": "up"},
				"down": {"uv": [0, 0, 16, 15.5], "texture": "#2", "cullface": "up"}
			}
		}
	],
	"display": {
		"thirdperson_righthand": {
			"rotation": [37, 0, 0],
			"translation": [0, 1.5, -1.25],
			"scale": [0.4, 0.4, 0.4]
		},
		"thirdperson_lefthand": {
			"scale": [0.4, 0.4, 0.4]
		},
		"firstperson_righthand": {
			"scale": [0.4, 0.4, 0.4]
		},
		"firstperson_lefthand": {
			"scale": [0.4, 0.4, 0.4]
		},
		"ground": {
			"translation": [0.5, 5.75, 0],
			"scale": [0.4, 0.4, 0.4]
		},
		"gui": {
			"translation": [0, -3.5, 0],
			"scale": [0.8, 0.8, 0.8]
		},
		"head": {
			"rotation": [180, 3, 0],
			"translation": [0, 22.75, 0]
		},
		"fixed": {
			"translation": [0, -1.25, -5],
			"scale": [0.4, 0.4, 0.4]
		}
	},
	"groups": [
		{
			"name": "group",
			"origin": [8, 8, 8],
			"children": [
				{
					"name": "group",
					"origin": [8, 8, 8],
					"children": [0]
				},
				{
					"name": "group",
					"origin": [8, 8, 8],
					"children": [1]
				},
				{
					"name": "group",
					"origin": [8, 8, 8],
					"children": [2]
				},
				{
					"name": "group",
					"origin": [8, 8, 8],
					"children": [3]
				},
				{
					"name": "group",
					"origin": [8, -9, 8],
					"children": [4, 5, 6, 7, 8, 9, 10, 11, 12, 13]
				}
			]
		}
	]
}