{
  "name": "高级打火石",
  "shines": true,
  "burn_time": 10000,
  "tooltip": "§e更高的耐久！",
  "max_stack": 1,
  "attribute_modifiers": [
    {
      "attribute_name": "generic.attackSpeed",
      "amount": 1.0,
      "operation": 1,
      "slot": "mainhand",
      "uuid": "fa233e1c-4180-4865-b01b-bcce9785aca3"
    },
    {
      "attribute_name": "generic.attackDamage",
      "amount": 3.0,
      "operation": 1,
      "slot": "mainhand",
      "uuid": "cb3f55d3-645c-4f38-a497-9c13a33db5cf"
    }
  ],
  "durability": 90000,
  "enchantability": 15,
  "repair_stacks": {
    "ore_name": "ingotIron"
  },
  "type": "additions:firestarter"
}