{
  "name": "§c嘤嘤嘤-基础物品",
  "tab_item": {
    "item": "additions:yingyingying-adtzhong"
  },
  "items": [
    {
      "item": "additions:yingyingying-adtzhong"
    },
    {
      "item": "additions:yingyingying-guzhong"
    },
    {
      "item": "additions:yingyingying-paodan1"
    },
    {
      "item": "additions:yingyingying-yingqiang"
    },
    {
      "item": "additions:yingyingying-liufen"
    },
    {
      "item": "additions:yingyingying-chaijietai"
    },
    {
      "item": "additions:yingyingying-longkuangyuanliao"
    },
    {
      "item": "additions:yingyingying-chongnenglongding"
    },
    {
      "item": "additions:yingyingying-gaojiqihuoqi"
    },
    {
      "item": "additions:yingyingying-suxiao"
    },
    {
      "item": "additions:yingyingying-zhanlip_jisugong"
    },
    {
      "item": "additions:yingyingying-jisugong"
    },
    {
      "item": "additions:yingyingying-xiyanghong"
    },
    {
      "item": "additions:yingyingying-tree_1"
    },
    {
      "item": "additions:yingyingying-tree_2"
    },
    {
      "item": "additions:yingyingying-tree_3"
    },
    {
      "item": "additions:yingyingying-tree_x"
    },
    {
      "item": "additions:yingyingying-smyz"
    },
    {
      "item": "additions:yingyingying-yyq"
    },
    {
      "item": "additions:yingyingying-fl"
    },
    {
      "item": "additions:yingyingying-fl_sp"
    },
    {
      "item": "additions:yingyingying-stone"
    },
    {
      "item": "additions:yingyingying-yunshi"
    },
    {
      "item": "additions:yingyingying-yunshi2"
    },
    {
      "item": "additions:yingyingying-guang"
    },
    {
      "item": "additions:yingyingying-guangqiu"
    },
    {
      "item": "additions:yingyingying-qiu"
    },
    {
      "item": "additions:yingyingying-ys_1"
    }
  ]
}