{
  "cause": {
    "item": {
      "item": "additions:yingyingying-caijiqi",
      "damage": "any"
    },
    "hand": "OFFHAND",
    "type": "additions:item_in_hand"
  },
  "effects": [
    {
      "type": "additions:cancel_normal"
    },
    {
      "type": "additions:consume_item"
    },
    {
      "command": "replaceitem entity @p slot.weapon.mainhand additions:yingyingying-sjq",
      "type": "additions:command"
    },
    {
      "command": "playsound mekanism:etc.hydraulic player @p ~ ~ ~ 0.5",
      "type": "additions:command"
    }
  ]
}