{
  "cause": {
    "item": {
      "item": "additions:yingyingying-inftj",
      "damage": 98
    },
    "type": "additions:item_right_click"
  },
  "effects": [
    {
      "command": "execute @p[score_inf_min\u003d1,score_inf\u003d1,score_inf_min\u003d0,score_inf\u003d1] ~ ~ ~ execute @e[type\u003d!player,r\u003d25,name\u003d!mountdummy,c\u003d10] ~ ~ ~ function additions:infkill",
      "type": "additions:command"
    },
    {
      "command": "execute @p[score_inf_min\u003d1,score_inf\u003d1,score_inf_min\u003d0,score_inf\u003d1] ~ ~ ~ execute @e[type\u003d!player,r\u003d30,name\u003d!mountdummy,c\u003d40] ~ ~ ~ function additions:infkill2",
      "type": "additions:command"
    },
    {
      "command": "execute @p[score_inf_min\u003d1,score_inf\u003d1,score_inf_min\u003d0,score_inf\u003d1] ~ ~ ~ execute @e[type\u003d!player,r\u003d42,name\u003d!mountdummy,c\u003d100] ~ ~ ~ function additions:infkill3",
      "type": "additions:command"
    },
    {
      "command": "execute @p[score_inf_min\u003d1,score_inf\u003d1,score_inf_min\u003d0,score_inf\u003d1] ~ ~ ~ clear @p additions:yingyingying-inftj",
      "type": "additions:command"
    },
    {
      "command": "execute @p[score_inf_min\u003d1,score_inf\u003d1,score_inf_min\u003d0,score_inf\u003d1] ~ ~ ~ give @p additions:yingyingying-inftj",
      "type": "additions:command"
    },
    {
      "command": "execute @p[score_inf3\u003d1,score_inf3_min\u003d0] ~ ~ ~ replaceitem entity @p slot.weapon.mainhand additions:yingyingying-inf_w 1",
      "chance": 0.6,
      "type": "additions:command"
    }
  ]
}