{
  "cause": {
    "item": {
      "item": "additions:yingyingying-caijiqi",
      "damage": "any"
    },
    "against_block": true,
    "except_replaceable": true,
    "type": "additions:item_right_click_block"
  },
  "effects": [
    {
      "command": "summon minecraft:armor_stand ~ ~ ~ {CustomName:\"caijidet\",CustomNameVisible:1,NoGravity:1b,Invisible:1b}",
      "type": "additions:command"
    },
    {
      "command": "execute @e[r\u003d20,c\u003d1,name\u003dcaijidet] ~ ~ ~ function additions:caijidet",
      "chance": 0.5,
      "type": "additions:command"
    },
    {
      "command": "execute @e[r\u003d20,c\u003d1,name\u003dcaijidet] ~ ~ ~ function additions:caijip",
      "type": "additions:command"
    },
    {
      "command": "kill @e[name\u003dcaijidet]",
      "type": "additions:command"
    }
  ]
}