{
  "cause": {
    "item": {
      "item": "hwell:crystal",
      "damage": "any"
    },
    "against_block": true,
    "type": "additions:item_right_click_block"
  },
  "effects": [
    {
      "command": "summon minecraft:armor_stand ~ ~ ~ {CustomName:\"d\",CustomNameVisible:1,Invisible:1b}",
      "type": "additions:command"
    },
    {
      "command": "/execute @e[name\u003dd,r\u003d5] ~ ~ ~ function additions:hys/det2",
      "type": "additions:command"
    },
    {
      "command": "kill @e[name\u003dd,r\u003d5]",
      "type": "additions:command"
    }
  ]
}