{
  "cause": {
    "item": {
      "item": "additions:yingyingying-inftj",
      "damage": 98
    },
    "target_self": true,
    "type": "additions:item_attack"
  },
  "effects": [
    {
      "command": "scoreboard players add @p inf2 1",
      "type": "additions:command"
    },
    {
      "command": "execute @p[score_inf3_min\u003d0,score_inf3\u003d1] ~ ~ ~ replaceitem entity @p slot.weapon.mainhand additions:yingyingying-inftj 1 1",
      "type": "additions:command"
    },
    {
      "command": "execute @p[score_inf2_min\u003d1,score_inf3_min\u003d0,score_inf3\u003d1] ~ ~ ~ replaceitem entity @p slot.weapon.mainhand additions:yingyingying-inftj 1 10",
      "type": "additions:command"
    },
    {
      "command": "execute @p[score_inf2_min\u003d2,score_inf3_min\u003d0,score_inf3\u003d1] ~ ~ ~ replaceitem entity @p slot.weapon.mainhand additions:yingyingying-inftj 1 30",
      "type": "additions:command"
    },
    {
      "command": "execute @p[score_inf2_min\u003d3,score_inf3_min\u003d0,score_inf3\u003d1] ~ ~ ~ replaceitem entity @p slot.weapon.mainhand additions:yingyingying-inftj 1 50",
      "type": "additions:command"
    },
    {
      "command": "execute @p[score_inf2_min\u003d4,score_inf3_min\u003d0,score_inf3\u003d1] ~ ~ ~ replaceitem entity @p slot.weapon.mainhand additions:yingyingying-inftj 1 70",
      "type": "additions:command"
    },
    {
      "command": "execute @p[score_inf2_min\u003d5,score_inf3_min\u003d0,score_inf3\u003d1] ~ ~ ~ replaceitem entity @p slot.weapon.mainhand additions:yingyingying-inftj 1 94",
      "type": "additions:command"
    },
    {
      "command": "execute @p[score_inf3\u003d1,score_inf3_min\u003d0] ~ ~ ~ execute @e[type\u003d!player,r\u003d15,name\u003d!mountdummy,c\u003d3] ~ ~ ~ function additions:infkill",
      "type": "additions:command"
    },
    {
      "command": "execute @p[score_inf3_min\u003d0,score_inf3\u003d1] ~ ~ ~ execute @e[type\u003d!player,r\u003d20,name\u003d!mountdummy,c\u003d1] ~ ~ ~ function additions:infkill2",
      "type": "additions:command"
    },
    {
      "command": "execute @p[score_inf3_min\u003d0,score_inf3\u003d1] ~ ~ ~ execute @e[type\u003d!player,r\u003d22,name\u003d!mountdummy,c\u003d1] ~ ~ ~ function additions:infkill3",
      "type": "additions:command"
    },
    {
      "command": "execute @p[score_inf3_min\u003d0,score_inf3\u003d1] ~ ~ ~ clear @p additions:yingyingying-inftj",
      "type": "additions:command"
    },
    {
      "command": "execute @p[score_inf3_min\u003d0,score_inf3\u003d1] ~ ~ ~ give @p additions:yingyingying-inftj",
      "type": "additions:command"
    },
    {
      "command": "execute @p[score_inf3\u003d1,score_inf3_min\u003d0] ~ ~ ~ replaceitem entity @p slot.weapon.mainhand additions:yingyingying-inf_w 1",
      "chance": 0.6,
      "type": "additions:command"
    }
  ]
}