{
  "cause": {
    "item": {
      "item": "additions:yingyingying-caijiqi",
      "damage": "any"
    },
    "against_block": true,
    "except_replaceable": true,
    "type": "additions:item_right_click_block"
  },
  "effects": [
    {
      "command": "scoreboard players set @p g 1",
      "chance": 0.03,
      "type": "additions:command"
    },
    {
      "command": "summon minecraft:armor_stand ~ ~ ~ {CustomName:\"caijidet\",NoGravity:1b,Invisible:1b}",
      "type": "additions:command"
    },
    {
      "command": "execute @p[score_isengtrue\u003d1,score_isengtrue_min\u003d1] ~ ~ ~ scoreboard players set @e[name\u003dcaijidet,r\u003d10] isengtrue 1",
      "type": "additions:command"
    },
    {
      "command": "execute @p[score_isengtrue\u003d0,score_isengtrue_min\u003d0] ~ ~ ~ scoreboard players set @e[name\u003dcaijidet,r\u003d10] isengtrue 0",
      "type": "additions:command"
    },
    {
      "command": "execute @e[r\u003d20,c\u003d1,name\u003dcaijidet,score_isengtrue\u003d0,score_isengtrue_min\u003d0] ~ ~ ~ function additions:caijidet0",
      "chance": 0.08,
      "type": "additions:command"
    },
    {
      "command": "execute @e[r\u003d20,c\u003d1,name\u003dcaijidet] ~ ~ ~ function additions:caijip",
      "type": "additions:command"
    },
    {
      "command": "execute @e[r\u003d20,c\u003d1,name\u003dcaijidet,score_isengtrue\u003d1,score_isengtrue_min\u003d1] ~ ~ ~ function additions:caijidet",
      "chance": 0.7,
      "type": "additions:command"
    },
    {
      "command": "kill @e[name\u003dcaijidet]",
      "type": "additions:command"
    }
  ]
}