{
  "mod_id": "draconicadditions",
  "0": {
    "file": "http://pi.brandon3055.com/objects/a1/a161ad9acceeb4d1d1993049bc5bafe147cb42d7",
    "mod_version": "1.5.0"
  },
  "1": {
    "file": "http://pi.brandon3055.com/objects/32/321b853de00e8a81344de617b7ec6226f5bf5a91",
    "mod_version": "1.5.0"
  },
  "2": {
    "file": "http://pi.brandon3055.com/objects/53/53eb396d770e83ead3b6a2ca0e0e6320c8885948",
    "mod_version": "1.7.0"
  },
  "3": {
    "file": "http://pi.brandon3055.com/objects/d3/d36fd5b2f1c25001b4594101afbd5bb9797a600d",
    "mod_version": "1.5.0"
  }
}