{
  "name": "§c嘤嘤嘤-替代品",
  "tab_item": {
    "item": "additions:yingyingying-ic2_crafting_3"
  },
  "items": [
    {
      "item": "additions:yingyingying-stone"
    },
    {
      "item": "additions:yingyingying-ic_resource_12"
    },
    {
      "item": "additions:yingyingying-ic_resource_13"
    },
    {
      "item": "additions:yingyingying-ic_resource_9"
    },
    {
      "item": "additions:yingyingying-ic_ingot_0"
    },
    {
      "item": "additions:yingyingying-ht"
    },
    {
      "item": "additions:yingyingying-ic2_crafting_3"
    },
    {
      "item": "additions:yingyingying-chj_1"
    },
    {
      "item": "additions:yingyingying-chj_2"
    },
    {
      "item": "additions:yingyingying-chj_3"
    },
    {
      "item": "additions:yingyingying-chj_4"
    },
    {
      "item": "additions:yingyingying-chj_5"
    },
    {
      "item": "additions:yingyingying-chj_6"
    },
    {
      "item": "additions:yingyingying-zzjd"
    },
    {
      "item": "additions:yingyingying-cz_ct"
    },
    {
      "item": "additions:yingyingying-cz_nldy"
    },
    {
      "item": "additions:yingyingying-cz_ytcg"
    },
    {
      "item": "additions:yingyingying-cz"
    }
  ]
}