{
  "name": "§c阿迪特之种",
  "shines": true,
  "burn_time": 6000,
  "tooltip": [
    "§c阿迪特之种，使用后召唤出一堆阿迪特矿石",
    "§c[右键使用]"
  ],
  "ore_dict": "",
  "hunger": 1,
  "saturation": 0.5,
  "always_edible": true,
  "eaten_effects": [
    {
      "potion_type": "minecraft:night_vision",
      "type": "additions:potion"
    },
    {
      "command": "/function additions:yingyingying-arr",
      "type": "additions:command"
    }
  ],
  "type": "additions:food"
}