{
	"credit": "Made with Blockbench",
	"textures": {
		"0": "additions:blocks/8",
		"1": "additions:blocks/8",
		"particle": "additions:blocks/8"
	},
	"elements": [
		{
			"from": [6, 6.38303, 17.61697],
			"to": [10, 10.38303, 18.01697],
			"rotation": {"angle": 0, "axis": "y", "origin": [8, 8.38303, 15]},
			"faces": {
				"north": {"uv": [0, 1, 1, 16], "rotation": 90, "texture": "#missing"},
				"east": {"uv": [15, 7, 16, 11], "rotation": 180, "texture": "#0"},
				"south": {"uv": [4.75, 4.75, 11, 11.25], "rotation": 270, "texture": "#0"},
				"west": {"uv": [0, 1, 1, 16], "texture": "#0"},
				"up": {"uv": [0, 1, 1, 16], "rotation": 90, "texture": "#0"},
				"down": {"uv": [0, 1, 1, 15], "rotation": 270, "texture": "#0"}
			}
		},
		{
			"from": [1, 2.3757, 10.00733],
			"to": [15, 11.3757, 11.00733],
			"rotation": {"angle": -45, "axis": "x", "origin": [8, 8.38303, 15]},
			"faces": {
				"north": {"uv": [0, 1, 1, 16], "rotation": 270, "texture": "#missing"},
				"east": {"uv": [0, 1.25, 1, 15], "texture": "#0"},
				"south": {"uv": [12, 1.75, 14, 14.25], "rotation": 90, "texture": "#0"},
				"west": {"uv": [0, 2.25, 1, 14.5], "rotation": 180, "texture": "#0"},
				"up": {"uv": [0, 1.25, 1, 14.75], "rotation": 270, "texture": "#0"},
				"down": {"uv": [0, 1, 1.75, 16], "rotation": 90, "texture": "#missing"}
			}
		},
		{
			"from": [5.00733, 1.38303, 10.00733],
			"to": [14.00733, 15.38303, 11.00733],
			"rotation": {"angle": -45, "axis": "y", "origin": [8, 8.38303, 15]},
			"faces": {
				"north": {"uv": [0, 1, 1, 16], "texture": "#missing"},
				"east": {"uv": [0, 1, 1.75, 16], "texture": "#missing"},
				"south": {"uv": [12, 1.75, 14, 14.25], "texture": "#0"},
				"west": {"uv": [0, 1.25, 1, 14.75], "rotation": 180, "texture": "#0"},
				"up": {"uv": [0, 1.25, 1, 15], "rotation": 270, "texture": "#0"},
				"down": {"uv": [0, 2.25, 1, 14.5], "rotation": 90, "texture": "#0"}
			}
		},
		{
			"from": [1.99267, 1.38303, 10.00733],
			"to": [10.99267, 15.38303, 11.00733],
			"rotation": {"angle": 45, "axis": "y", "origin": [8, 8.38303, 15]},
			"faces": {
				"north": {"uv": [0, 1, 1, 16], "rotation": 180, "texture": "#missing"},
				"east": {"uv": [0, 1.25, 1, 14.75], "texture": "#0"},
				"south": {"uv": [12, 1.75, 14, 14.25], "rotation": 180, "texture": "#0"},
				"west": {"uv": [0, 1, 1.75, 16], "rotation": 180, "texture": "#missing"},
				"up": {"uv": [0, 2.25, 1, 14.5], "rotation": 270, "texture": "#0"},
				"down": {"uv": [0, 1.25, 1, 15], "rotation": 90, "texture": "#0"}
			}
		},
		{
			"from": [1, 5.39036, 10.00733],
			"to": [15, 14.39036, 11.00733],
			"rotation": {"angle": 45, "axis": "x", "origin": [8, 8.38303, 15]},
			"faces": {
				"north": {"uv": [0, 1, 1, 16], "rotation": 270, "texture": "#missing"},
				"east": {"uv": [0, 1.25, 1, 15], "texture": "#0"},
				"south": {"uv": [1.75, 1.75, 3.75, 14.25], "rotation": 90, "texture": "#0"},
				"west": {"uv": [0, 2.25, 1, 14.5], "rotation": 180, "texture": "#0"},
				"up": {"uv": [0, 1.25, 1, 14.75], "rotation": 270, "texture": "#missing"},
				"down": {"uv": [0, 1, 1.75, 16], "rotation": 90, "texture": "#0"}
			}
		},
		{
			"from": [0, 0.38303, 15.61697],
			"to": [1, 15.38303, 16.61697],
			"rotation": {"angle": 0, "axis": "y", "origin": [8, 8.38303, 15]},
			"faces": {
				"north": {"uv": [0, 1, 1, 16], "rotation": 180, "texture": "#missing"},
				"east": {"uv": [3.5, 15, 14.25, 16], "rotation": 270, "texture": "#0"},
				"south": {"uv": [0, 1.25, 1, 16], "texture": "#0"},
				"west": {"uv": [1.75, 15, 13, 16], "rotation": 90, "texture": "#0"},
				"up": {"uv": [0, 1.25, 1, 16], "rotation": 180, "texture": "#0"},
				"down": {"uv": [7.25, 15.25, 10.5, 16], "texture": "#0"}
			}
		},
		{
			"from": [5, 5.38303, 15.61697],
			"to": [6, 10.38303, 16.61697],
			"rotation": {"angle": 0, "axis": "y", "origin": [8, 8.38303, 15]},
			"faces": {
				"north": {"uv": [0, 1, 1, 16], "rotation": 180, "texture": "#missing"},
				"east": {"uv": [3.5, 15, 14.25, 16], "rotation": 270, "texture": "#0"},
				"south": {"uv": [0, 11, 1, 16], "texture": "#0"},
				"west": {"uv": [1.75, 15, 13, 16], "rotation": 90, "texture": "#0"},
				"up": {"uv": [0, 1.25, 1, 16], "rotation": 180, "texture": "#0"},
				"down": {"uv": [7.25, 15.25, 10.5, 16], "texture": "#0"}
			}
		},
		{
			"from": [0, 15.38303, 15.61697],
			"to": [15, 16.38303, 16.61697],
			"rotation": {"angle": 0, "axis": "y", "origin": [8, 8.38303, 15]},
			"faces": {
				"north": {"uv": [0, 1, 1, 16], "rotation": 270, "texture": "#missing"},
				"east": {"uv": [0, 1.25, 1, 15], "texture": "#0"},
				"south": {"uv": [0, 1.25, 1, 16], "rotation": 90, "texture": "#0"},
				"west": {"uv": [0, 2.25, 1, 14.5], "rotation": 180, "texture": "#0"},
				"up": {"uv": [0, 1.25, 1, 14.75], "rotation": 270, "texture": "#0"},
				"down": {"uv": [0, 1, 1, 16], "rotation": 90, "texture": "#0"}
			}
		},
		{
			"from": [5, 10.38303, 15.61697],
			"to": [10, 11.38303, 16.61697],
			"rotation": {"angle": 0, "axis": "y", "origin": [8, 8.38303, 15]},
			"faces": {
				"north": {"uv": [0, 1, 1, 16], "rotation": 270, "texture": "#missing"},
				"east": {"uv": [0, 1.25, 1, 15], "texture": "#0"},
				"south": {"uv": [0, 11, 1, 16], "rotation": 90, "texture": "#0"},
				"west": {"uv": [0, 2.25, 1, 14.5], "rotation": 180, "texture": "#0"},
				"up": {"uv": [0, 1.25, 1, 14.75], "rotation": 270, "texture": "#0"},
				"down": {"uv": [0, 1, 1, 16], "rotation": 90, "texture": "#0"}
			}
		},
		{
			"from": [15, 1.38303, 15.61697],
			"to": [16, 16.38303, 16.61697],
			"rotation": {"angle": 0, "axis": "y", "origin": [8, 8.38303, 15]},
			"faces": {
				"north": {"uv": [0, 1, 1, 16], "texture": "#missing"},
				"east": {"uv": [1.25, 15, 14.75, 16], "rotation": 90, "texture": "#0"},
				"south": {"uv": [0, 1.25, 1, 16], "rotation": 180, "texture": "#0"},
				"west": {"uv": [4.5, 15, 9, 16], "rotation": 270, "texture": "#0"},
				"up": {"uv": [8.75, 15, 10, 16], "texture": "#0"},
				"down": {"uv": [0, 1, 1, 16], "rotation": 180, "texture": "#0"}
			}
		},
		{
			"from": [10, 6.38303, 15.61697],
			"to": [11, 11.38303, 16.61697],
			"rotation": {"angle": 0, "axis": "y", "origin": [8, 8.38303, 15]},
			"faces": {
				"north": {"uv": [0, 1, 1, 16], "texture": "#missing"},
				"east": {"uv": [1.25, 15, 14.75, 16], "rotation": 90, "texture": "#0"},
				"south": {"uv": [0, 9.75, 1, 16], "rotation": 180, "texture": "#0"},
				"west": {"uv": [4.5, 15, 9, 16], "rotation": 270, "texture": "#0"},
				"up": {"uv": [8.75, 15, 10, 16], "texture": "#0"},
				"down": {"uv": [0, 1, 1, 16], "rotation": 180, "texture": "#0"}
			}
		},
		{
			"from": [1, 0.38303, 15.61697],
			"to": [16, 1.38303, 16.61697],
			"rotation": {"angle": 0, "axis": "y", "origin": [8, 8.38303, 15]},
			"faces": {
				"north": {"uv": [0, 1, 1, 16], "rotation": 90, "texture": "#missing"},
				"east": {"uv": [15, 7, 16, 11], "rotation": 180, "texture": "#0"},
				"south": {"uv": [0, 1.25, 1, 16], "rotation": 270, "texture": "#0"},
				"west": {"uv": [0, 1, 1, 16], "texture": "#0"},
				"up": {"uv": [0, 1, 1, 16], "rotation": 90, "texture": "#0"},
				"down": {"uv": [0, 1, 1, 15], "rotation": 270, "texture": "#0"}
			}
		},
		{
			"from": [6, 5.38303, 15.61697],
			"to": [11, 6.38303, 16.61697],
			"rotation": {"angle": 0, "axis": "y", "origin": [8, 8.38303, 15]},
			"faces": {
				"north": {"uv": [0, 1, 1, 16], "rotation": 90, "texture": "#missing"},
				"east": {"uv": [15, 7, 16, 11], "rotation": 180, "texture": "#0"},
				"south": {"uv": [0, 11.25, 1, 16], "rotation": 270, "texture": "#0"},
				"west": {"uv": [0, 1, 1, 16], "texture": "#0"},
				"up": {"uv": [0, 1, 1, 16], "rotation": 90, "texture": "#0"},
				"down": {"uv": [0, 1, 1, 15], "rotation": 270, "texture": "#0"}
			}
		},
		{
			"from": [6.8, 7.18303, 16.21697],
			"to": [9.2, 9.58303, 16.45697],
			"rotation": {"angle": 0, "axis": "y", "origin": [8, 8.38303, 15]},
			"faces": {
				"north": {"uv": [0, 1, 1, 16], "rotation": 90, "texture": "#missing"},
				"east": {"uv": [15, 7, 16, 11], "rotation": 180, "texture": "#0"},
				"south": {"uv": [4.75, 4.75, 11, 11.25], "rotation": 270, "texture": "#0"},
				"west": {"uv": [0, 1, 1, 16], "texture": "#0"},
				"up": {"uv": [0, 1, 1, 16], "rotation": 90, "texture": "#0"},
				"down": {"uv": [0, 1, 1, 15], "rotation": 270, "texture": "#0"}
			}
		},
		{
			"from": [7.28, 7.66303, 15.37697],
			"to": [8.72, 9.10303, 15.52097],
			"rotation": {"angle": 0, "axis": "y", "origin": [8, 8.38303, 15]},
			"faces": {
				"north": {"uv": [0, 1, 1, 16], "rotation": 90, "texture": "#missing"},
				"east": {"uv": [15, 7, 16, 11], "rotation": 180, "texture": "#0"},
				"south": {"uv": [4.75, 4.75, 11, 11.25], "rotation": 270, "texture": "#0"},
				"west": {"uv": [0, 1, 1, 16], "texture": "#0"},
				"up": {"uv": [0, 1, 1, 16], "rotation": 90, "texture": "#0"},
				"down": {"uv": [0, 1, 1, 15], "rotation": 270, "texture": "#0"}
			}
		},
		{
			"from": [7.28, 7.66303, 9.91697],
			"to": [8.72, 9.10303, 10.06097],
			"rotation": {"angle": 0, "axis": "y", "origin": [8, 8.38303, 15]},
			"faces": {
				"north": {"uv": [0, 1, 1, 16], "rotation": 90, "texture": "#missing"},
				"east": {"uv": [15, 7, 16, 11], "rotation": 180, "texture": "#0"},
				"south": {"uv": [14.25, 2.25, 14.75, 5], "rotation": 270, "texture": "#0"},
				"west": {"uv": [0, 1, 1, 16], "texture": "#0"},
				"up": {"uv": [0, 1, 1, 16], "rotation": 90, "texture": "#0"},
				"down": {"uv": [0, 1, 1, 15], "rotation": 270, "texture": "#0"}
			}
		},
		{
			"from": [7.568, 7.95103, 14.87297],
			"to": [8.432, 8.81503, 14.95937],
			"rotation": {"angle": 0, "axis": "y", "origin": [8, 8.38303, 15]},
			"faces": {
				"north": {"uv": [0, 1, 1, 16], "rotation": 90, "texture": "#missing"},
				"east": {"uv": [15, 7, 16, 11], "rotation": 180, "texture": "#0"},
				"south": {"uv": [4.75, 4.75, 11, 11.25], "rotation": 270, "texture": "#0"},
				"west": {"uv": [0, 1, 1, 16], "texture": "#0"},
				"up": {"uv": [0, 1, 1, 16], "rotation": 90, "texture": "#0"},
				"down": {"uv": [0, 1, 1, 15], "rotation": 270, "texture": "#0"}
			}
		},
		{
			"from": [0, 16, 1],
			"to": [1, 17, 16],
			"rotation": {"angle": 0, "axis": "y", "origin": [8, 15.38303, 8]},
			"faces": {
				"north": {"uv": [0, 1.25, 1, 16], "texture": "#0"},
				"east": {"uv": [3.5, 15, 14.25, 16], "texture": "#0"},
				"south": {"uv": [7.25, 15.25, 10.5, 16], "texture": "#0"},
				"west": {"uv": [1.75, 15, 13, 16], "texture": "#0"},
				"up": {"uv": [0, 1.25, 1, 16], "texture": "#0"},
				"down": {"uv": [0, 1, 1, 16], "texture": "#missing"}
			}
		},
		{
			"from": [5, 16, 6],
			"to": [6, 17, 11],
			"rotation": {"angle": 0, "axis": "y", "origin": [8, 15.38303, 8]},
			"faces": {
				"north": {"uv": [0, 1.25, 1, 16], "texture": "#0"},
				"east": {"uv": [3.5, 15, 14.25, 16], "texture": "#0"},
				"south": {"uv": [7.25, 15.25, 10.5, 16], "texture": "#0"},
				"west": {"uv": [1.75, 15, 13, 16], "texture": "#0"},
				"up": {"uv": [0, 11, 1, 16], "texture": "#0"},
				"down": {"uv": [0, 1, 1, 16], "texture": "#missing"}
			}
		},
		{
			"from": [0, 16, 0],
			"to": [15, 17, 1],
			"rotation": {"angle": 0, "axis": "y", "origin": [8, 15.38303, 8]},
			"faces": {
				"north": {"uv": [0, 1.25, 1, 14.75], "rotation": 90, "texture": "#0"},
				"east": {"uv": [0, 1.25, 1, 15], "rotation": 90, "texture": "#0"},
				"south": {"uv": [0, 1, 1, 16], "rotation": 90, "texture": "#0"},
				"west": {"uv": [0, 2.25, 1, 14.5], "rotation": 90, "texture": "#0"},
				"up": {"uv": [0, 1.25, 1, 16], "rotation": 90, "texture": "#0"},
				"down": {"uv": [0, 1, 1, 16], "rotation": 90, "texture": "#missing"}
			}
		},
		{
			"from": [5, 16, 5],
			"to": [10, 17, 6],
			"rotation": {"angle": 0, "axis": "y", "origin": [8, 15.38303, 8]},
			"faces": {
				"north": {"uv": [0, 1.25, 1, 14.75], "rotation": 90, "texture": "#0"},
				"east": {"uv": [0, 1.25, 1, 15], "rotation": 90, "texture": "#0"},
				"south": {"uv": [0, 1, 1, 16], "rotation": 90, "texture": "#0"},
				"west": {"uv": [0, 2.25, 1, 14.5], "rotation": 90, "texture": "#0"},
				"up": {"uv": [0, 11, 1, 16], "rotation": 90, "texture": "#0"},
				"down": {"uv": [0, 1, 1, 16], "rotation": 90, "texture": "#missing"}
			}
		},
		{
			"from": [15, 16, 0],
			"to": [16, 17, 15],
			"rotation": {"angle": 0, "axis": "y", "origin": [8, 15.38303, 8]},
			"faces": {
				"north": {"uv": [8.75, 15, 10, 16], "rotation": 180, "texture": "#0"},
				"east": {"uv": [1.25, 15, 14.75, 16], "rotation": 180, "texture": "#0"},
				"south": {"uv": [0, 1, 1, 16], "rotation": 180, "texture": "#0"},
				"west": {"uv": [4.5, 15, 9, 16], "rotation": 180, "texture": "#0"},
				"up": {"uv": [0, 1.25, 1, 16], "rotation": 180, "texture": "#0"},
				"down": {"uv": [0, 1, 1, 16], "rotation": 180, "texture": "#missing"}
			}
		},
		{
			"from": [10, 16, 5],
			"to": [11, 17, 10],
			"rotation": {"angle": 0, "axis": "y", "origin": [8, 15.38303, 8]},
			"faces": {
				"north": {"uv": [8.75, 15, 10, 16], "rotation": 180, "texture": "#0"},
				"east": {"uv": [1.25, 15, 14.75, 16], "rotation": 180, "texture": "#0"},
				"south": {"uv": [0, 1, 1, 16], "rotation": 180, "texture": "#0"},
				"west": {"uv": [4.5, 15, 9, 16], "rotation": 180, "texture": "#0"},
				"up": {"uv": [0, 9.75, 1, 16], "rotation": 180, "texture": "#0"},
				"down": {"uv": [0, 1, 1, 16], "rotation": 180, "texture": "#missing"}
			}
		},
		{
			"from": [1, 16, 15],
			"to": [16, 17, 16],
			"rotation": {"angle": 0, "axis": "y", "origin": [8, 15.38303, 8]},
			"faces": {
				"north": {"uv": [0, 1, 1, 16], "rotation": 270, "texture": "#0"},
				"east": {"uv": [15, 7, 16, 11], "rotation": 270, "texture": "#0"},
				"south": {"uv": [0, 1, 1, 15], "rotation": 270, "texture": "#0"},
				"west": {"uv": [0, 1, 1, 16], "rotation": 270, "texture": "#0"},
				"up": {"uv": [0, 1.25, 1, 16], "rotation": 270, "texture": "#0"},
				"down": {"uv": [0, 1, 1, 16], "rotation": 270, "texture": "#missing"}
			}
		},
		{
			"from": [6, 16, 10],
			"to": [11, 17, 11],
			"rotation": {"angle": 0, "axis": "y", "origin": [8, 15.38303, 8]},
			"faces": {
				"north": {"uv": [0, 1, 1, 16], "rotation": 270, "texture": "#0"},
				"east": {"uv": [15, 7, 16, 11], "rotation": 270, "texture": "#0"},
				"south": {"uv": [0, 1, 1, 15], "rotation": 270, "texture": "#0"},
				"west": {"uv": [0, 1, 1, 16], "rotation": 270, "texture": "#0"},
				"up": {"uv": [0, 11.25, 1, 16], "rotation": 270, "texture": "#0"},
				"down": {"uv": [0, 1, 1, 16], "rotation": 270, "texture": "#missing"}
			}
		},
		{
			"from": [6.8, 16.6, 6.8],
			"to": [9.2, 16.84, 9.2],
			"rotation": {"angle": 0, "axis": "y", "origin": [8, 15.38303, 8]},
			"faces": {
				"north": {"uv": [0, 1, 1, 16], "rotation": 270, "texture": "#0"},
				"east": {"uv": [15, 7, 16, 11], "rotation": 270, "texture": "#0"},
				"south": {"uv": [0, 1, 1, 15], "rotation": 270, "texture": "#0"},
				"west": {"uv": [0, 1, 1, 16], "rotation": 270, "texture": "#0"},
				"up": {"uv": [4.75, 4.75, 11, 11.25], "rotation": 270, "texture": "#0"},
				"down": {"uv": [0, 1, 1, 16], "rotation": 270, "texture": "#missing"}
			}
		},
		{
			"from": [7.28, 10.3, 7.28],
			"to": [8.72, 10.444, 8.72],
			"rotation": {"angle": 0, "axis": "y", "origin": [8, 15.38303, 8]},
			"faces": {
				"north": {"uv": [0, 1, 1, 16], "rotation": 270, "texture": "#0"},
				"east": {"uv": [15, 7, 16, 11], "rotation": 270, "texture": "#0"},
				"south": {"uv": [0, 1, 1, 15], "rotation": 270, "texture": "#0"},
				"west": {"uv": [0, 1, 1, 16], "rotation": 270, "texture": "#0"},
				"up": {"uv": [14.25, 2.25, 14.75, 5], "rotation": 270, "texture": "#0"},
				"down": {"uv": [0, 1, 1, 16], "rotation": 270, "texture": "#missing"}
			}
		},
		{
			"from": [7.28, 15.76, 7.28],
			"to": [8.72, 15.904, 8.72],
			"rotation": {"angle": 0, "axis": "y", "origin": [8, 15.38303, 8]},
			"faces": {
				"north": {"uv": [0, 1, 1, 16], "rotation": 270, "texture": "#0"},
				"east": {"uv": [15, 7, 16, 11], "rotation": 270, "texture": "#0"},
				"south": {"uv": [0, 1, 1, 15], "rotation": 270, "texture": "#0"},
				"west": {"uv": [0, 1, 1, 16], "rotation": 270, "texture": "#0"},
				"up": {"uv": [4.75, 4.75, 11, 11.25], "rotation": 270, "texture": "#0"},
				"down": {"uv": [0, 1, 1, 16], "rotation": 270, "texture": "#missing"}
			}
		},
		{
			"from": [7.568, 15.256, 7.568],
			"to": [8.432, 15.3424, 8.432],
			"rotation": {"angle": 0, "axis": "y", "origin": [8, 15.38303, 8]},
			"faces": {
				"north": {"uv": [0, 1, 1, 16], "rotation": 270, "texture": "#0"},
				"east": {"uv": [15, 7, 16, 11], "rotation": 270, "texture": "#0"},
				"south": {"uv": [0, 1, 1, 15], "rotation": 270, "texture": "#0"},
				"west": {"uv": [0, 1, 1, 16], "rotation": 270, "texture": "#0"},
				"up": {"uv": [4.75, 4.75, 11, 11.25], "rotation": 270, "texture": "#0"},
				"down": {"uv": [0, 1, 1, 16], "rotation": 270, "texture": "#missing"}
			}
		},
		{
			"from": [6, 18, 6],
			"to": [10, 18.4, 10],
			"rotation": {"angle": 0, "axis": "y", "origin": [8, 15.38303, 8]},
			"faces": {
				"north": {"uv": [0, 1, 1, 16], "rotation": 270, "texture": "#0"},
				"east": {"uv": [15, 7, 16, 11], "rotation": 270, "texture": "#0"},
				"south": {"uv": [0, 1, 1, 15], "rotation": 270, "texture": "#0"},
				"west": {"uv": [0, 1, 1, 16], "rotation": 270, "texture": "#0"},
				"up": {"uv": [4.75, 4.75, 11, 11.25], "rotation": 270, "texture": "#0"},
				"down": {"uv": [0, 1, 1, 16], "rotation": 270, "texture": "#missing"}
			}
		},
		{
			"from": [1, 10.39036, 5.00733],
			"to": [15, 11.39036, 14.00733],
			"rotation": {"angle": -45, "axis": "x", "origin": [8, 15.38303, 8]},
			"faces": {
				"north": {"uv": [0, 1.25, 1, 14.75], "rotation": 90, "texture": "#0"},
				"east": {"uv": [0, 1.25, 1, 15], "rotation": 90, "texture": "#0"},
				"south": {"uv": [0, 1, 1.75, 16], "rotation": 90, "texture": "#0"},
				"west": {"uv": [0, 2.25, 1, 14.5], "rotation": 90, "texture": "#0"},
				"up": {"uv": [12, 1.75, 14, 14.25], "rotation": 90, "texture": "#0"},
				"down": {"uv": [0, 1, 1, 16], "rotation": 90, "texture": "#missing"}
			}
		},
		{
			"from": [5.00733, 10.39036, 1],
			"to": [14.00733, 11.39036, 15],
			"rotation": {"angle": 45, "axis": "z", "origin": [8, 15.38303, 8]},
			"faces": {
				"north": {"uv": [0, 1.25, 1, 15], "rotation": 90, "texture": "#0"},
				"east": {"uv": [0, 1, 1.75, 16], "rotation": 90, "texture": "#0"},
				"south": {"uv": [0, 2.25, 1, 14.5], "rotation": 90, "texture": "#0"},
				"west": {"uv": [0, 1.25, 1, 14.75], "rotation": 90, "texture": "#0"},
				"up": {"uv": [12, 1.75, 14, 14.25], "texture": "#0"},
				"down": {"uv": [0, 1, 1, 16], "rotation": 180, "texture": "#0"}
			}
		},
		{
			"from": [1.99267, 10.39036, 1],
			"to": [10.99267, 11.39036, 15],
			"rotation": {"angle": -45, "axis": "z", "origin": [8, 15.38303, 8]},
			"faces": {
				"north": {"uv": [0, 2.25, 1, 14.5], "rotation": 90, "texture": "#0"},
				"east": {"uv": [0, 1.25, 1, 14.75], "rotation": 90, "texture": "#0"},
				"south": {"uv": [0, 1.25, 1, 15], "rotation": 90, "texture": "#0"},
				"west": {"uv": [0, 1, 1.75, 16], "rotation": 90, "texture": "#0"},
				"up": {"uv": [12, 1.75, 14, 14.25], "rotation": 180, "texture": "#0"},
				"down": {"uv": [0, 1, 1, 16], "texture": "#0"}
			}
		},
		{
			"from": [1, 10.39036, 1.99267],
			"to": [15, 11.39036, 10.99267],
			"rotation": {"angle": 45, "axis": "x", "origin": [8, 15.38303, 8]},
			"faces": {
				"north": {"uv": [0, 1.25, 1, 14.75], "rotation": 90, "texture": "#missing"},
				"east": {"uv": [0, 1.25, 1, 15], "rotation": 90, "texture": "#0"},
				"south": {"uv": [0, 1, 1.75, 16], "rotation": 90, "texture": "#0"},
				"west": {"uv": [0, 2.25, 1, 14.5], "rotation": 90, "texture": "#0"},
				"up": {"uv": [1.75, 1.75, 3.75, 14.25], "rotation": 90, "texture": "#0"},
				"down": {"uv": [0, 1, 1, 16], "rotation": 90, "texture": "#missing"}
			}
		},
		{
			"from": [0, -0.23394, 0],
			"to": [1, 0.76606, 15],
			"rotation": {"angle": 0, "axis": "y", "origin": [8, 1.38303, 8]},
			"faces": {
				"north": {"uv": [7.25, 15.25, 10.5, 16], "rotation": 180, "texture": "#0"},
				"east": {"uv": [3.5, 15, 14.25, 16], "rotation": 180, "texture": "#0"},
				"south": {"uv": [0, 1.25, 1, 16], "rotation": 180, "texture": "#0"},
				"west": {"uv": [1.75, 15, 13, 16], "rotation": 180, "texture": "#0"},
				"up": {"uv": [0, 1, 1, 16], "texture": "#missing"},
				"down": {"uv": [0, 1.25, 1, 16], "texture": "#0"}
			}
		},
		{
			"from": [5, -0.23394, 5],
			"to": [6, 0.76606, 10],
			"rotation": {"angle": 0, "axis": "y", "origin": [8, 1.38303, 8]},
			"faces": {
				"north": {"uv": [7.25, 15.25, 10.5, 16], "rotation": 180, "texture": "#0"},
				"east": {"uv": [3.5, 15, 14.25, 16], "rotation": 180, "texture": "#0"},
				"south": {"uv": [0, 1.25, 1, 16], "rotation": 180, "texture": "#0"},
				"west": {"uv": [1.75, 15, 13, 16], "rotation": 180, "texture": "#0"},
				"up": {"uv": [0, 1, 1, 16], "texture": "#missing"},
				"down": {"uv": [0, 11, 1, 16], "texture": "#0"}
			}
		},
		{
			"from": [0, -0.23394, 15],
			"to": [15, 0.76606, 16],
			"rotation": {"angle": 0, "axis": "y", "origin": [8, 1.38303, 8]},
			"faces": {
				"north": {"uv": [0, 1, 1, 16], "rotation": 270, "texture": "#0"},
				"east": {"uv": [0, 1.25, 1, 15], "rotation": 270, "texture": "#0"},
				"south": {"uv": [0, 1.25, 1, 14.75], "rotation": 270, "texture": "#0"},
				"west": {"uv": [0, 2.25, 1, 14.5], "rotation": 270, "texture": "#0"},
				"up": {"uv": [0, 1, 1, 16], "rotation": 90, "texture": "#missing"},
				"down": {"uv": [0, 1.25, 1, 16], "rotation": 90, "texture": "#0"}
			}
		},
		{
			"from": [5, -0.23394, 10],
			"to": [10, 0.76606, 11],
			"rotation": {"angle": 0, "axis": "y", "origin": [8, 1.38303, 8]},
			"faces": {
				"north": {"uv": [0, 1, 1, 16], "rotation": 270, "texture": "#0"},
				"east": {"uv": [0, 1.25, 1, 15], "rotation": 270, "texture": "#0"},
				"south": {"uv": [0, 1.25, 1, 14.75], "rotation": 270, "texture": "#0"},
				"west": {"uv": [0, 2.25, 1, 14.5], "rotation": 270, "texture": "#0"},
				"up": {"uv": [0, 1, 1, 16], "rotation": 90, "texture": "#missing"},
				"down": {"uv": [0, 11, 1, 16], "rotation": 90, "texture": "#0"}
			}
		},
		{
			"from": [15, -0.23394, 1],
			"to": [16, 0.76606, 16],
			"rotation": {"angle": 0, "axis": "y", "origin": [8, 1.38303, 8]},
			"faces": {
				"north": {"uv": [0, 1, 1, 16], "texture": "#0"},
				"east": {"uv": [1.25, 15, 14.75, 16], "texture": "#0"},
				"south": {"uv": [8.75, 15, 10, 16], "texture": "#0"},
				"west": {"uv": [4.5, 15, 9, 16], "texture": "#0"},
				"up": {"uv": [0, 1, 1, 16], "rotation": 180, "texture": "#missing"},
				"down": {"uv": [0, 1.25, 1, 16], "rotation": 180, "texture": "#0"}
			}
		},
		{
			"from": [10, -0.23394, 6],
			"to": [11, 0.76606, 11],
			"rotation": {"angle": 0, "axis": "y", "origin": [8, 1.38303, 8]},
			"faces": {
				"north": {"uv": [0, 1, 1, 16], "texture": "#0"},
				"east": {"uv": [1.25, 15, 14.75, 16], "texture": "#0"},
				"south": {"uv": [8.75, 15, 10, 16], "texture": "#0"},
				"west": {"uv": [4.5, 15, 9, 16], "texture": "#0"},
				"up": {"uv": [0, 1, 1, 16], "rotation": 180, "texture": "#missing"},
				"down": {"uv": [0, 9.75, 1, 16], "rotation": 180, "texture": "#0"}
			}
		},
		{
			"from": [1, -0.23394, 0],
			"to": [16, 0.76606, 1],
			"rotation": {"angle": 0, "axis": "y", "origin": [8, 1.38303, 8]},
			"faces": {
				"north": {"uv": [0, 1, 1, 15], "rotation": 90, "texture": "#0"},
				"east": {"uv": [15, 7, 16, 11], "rotation": 90, "texture": "#0"},
				"south": {"uv": [0, 1, 1, 16], "rotation": 90, "texture": "#0"},
				"west": {"uv": [0, 1, 1, 16], "rotation": 90, "texture": "#0"},
				"up": {"uv": [0, 1, 1, 16], "rotation": 270, "texture": "#missing"},
				"down": {"uv": [0, 1.25, 1, 16], "rotation": 270, "texture": "#0"}
			}
		},
		{
			"from": [6, -0.23394, 5],
			"to": [11, 0.76606, 6],
			"rotation": {"angle": 0, "axis": "y", "origin": [8, 1.38303, 8]},
			"faces": {
				"north": {"uv": [0, 1, 1, 15], "rotation": 90, "texture": "#0"},
				"east": {"uv": [15, 7, 16, 11], "rotation": 90, "texture": "#0"},
				"south": {"uv": [0, 1, 1, 16], "rotation": 90, "texture": "#0"},
				"west": {"uv": [0, 1, 1, 16], "rotation": 90, "texture": "#0"},
				"up": {"uv": [0, 1, 1, 16], "rotation": 270, "texture": "#missing"},
				"down": {"uv": [0, 11.25, 1, 16], "rotation": 270, "texture": "#0"}
			}
		},
		{
			"from": [6.8, -0.07394, 6.8],
			"to": [9.2, 0.16606, 9.2],
			"rotation": {"angle": 0, "axis": "y", "origin": [8, 1.38303, 8]},
			"faces": {
				"north": {"uv": [0, 1, 1, 15], "rotation": 90, "texture": "#0"},
				"east": {"uv": [15, 7, 16, 11], "rotation": 90, "texture": "#0"},
				"south": {"uv": [0, 1, 1, 16], "rotation": 90, "texture": "#0"},
				"west": {"uv": [0, 1, 1, 16], "rotation": 90, "texture": "#0"},
				"up": {"uv": [0, 1, 1, 16], "rotation": 270, "texture": "#missing"},
				"down": {"uv": [4.75, 4.75, 11, 11.25], "rotation": 270, "texture": "#0"}
			}
		},
		{
			"from": [7.28, 0.86206, 7.28],
			"to": [8.72, 1.00606, 8.72],
			"rotation": {"angle": 0, "axis": "y", "origin": [8, 1.38303, 8]},
			"faces": {
				"north": {"uv": [0, 1, 1, 15], "rotation": 90, "texture": "#0"},
				"east": {"uv": [15, 7, 16, 11], "rotation": 90, "texture": "#0"},
				"south": {"uv": [0, 1, 1, 16], "rotation": 90, "texture": "#0"},
				"west": {"uv": [0, 1, 1, 16], "rotation": 90, "texture": "#0"},
				"up": {"uv": [0, 1, 1, 16], "rotation": 270, "texture": "#missing"},
				"down": {"uv": [4.75, 4.75, 11, 11.25], "rotation": 270, "texture": "#0"}
			}
		},
		{
			"from": [7.28, 6.32206, 7.28],
			"to": [8.72, 6.46606, 8.72],
			"rotation": {"angle": 0, "axis": "y", "origin": [8, 1.38303, 8]},
			"faces": {
				"north": {"uv": [0, 1, 1, 15], "rotation": 90, "texture": "#0"},
				"east": {"uv": [15, 7, 16, 11], "rotation": 90, "texture": "#0"},
				"south": {"uv": [0, 1, 1, 16], "rotation": 90, "texture": "#0"},
				"west": {"uv": [0, 1, 1, 16], "rotation": 90, "texture": "#0"},
				"up": {"uv": [0, 1, 1, 16], "rotation": 270, "texture": "#missing"},
				"down": {"uv": [14.25, 2.25, 14.75, 5], "rotation": 270, "texture": "#0"}
			}
		},
		{
			"from": [7.568, 1.42366, 7.568],
			"to": [8.432, 1.51006, 8.432],
			"rotation": {"angle": 0, "axis": "y", "origin": [8, 1.38303, 8]},
			"faces": {
				"north": {"uv": [0, 1, 1, 15], "rotation": 90, "texture": "#0"},
				"east": {"uv": [15, 7, 16, 11], "rotation": 90, "texture": "#0"},
				"south": {"uv": [0, 1, 1, 16], "rotation": 90, "texture": "#0"},
				"west": {"uv": [0, 1, 1, 16], "rotation": 90, "texture": "#0"},
				"up": {"uv": [0, 1, 1, 16], "rotation": 270, "texture": "#missing"},
				"down": {"uv": [4.75, 4.75, 11, 11.25], "rotation": 270, "texture": "#0"}
			}
		},
		{
			"from": [6, -1.63394, 6],
			"to": [10, -1.23394, 10],
			"rotation": {"angle": 0, "axis": "y", "origin": [8, 1.38303, 8]},
			"faces": {
				"north": {"uv": [0, 1, 1, 15], "rotation": 90, "texture": "#0"},
				"east": {"uv": [15, 7, 16, 11], "rotation": 90, "texture": "#0"},
				"south": {"uv": [0, 1, 1, 16], "rotation": 90, "texture": "#0"},
				"west": {"uv": [0, 1, 1, 16], "rotation": 90, "texture": "#0"},
				"up": {"uv": [0, 1, 1, 16], "rotation": 270, "texture": "#missing"},
				"down": {"uv": [4.75, 4.75, 11, 11.25], "rotation": 270, "texture": "#0"}
			}
		},
		{
			"from": [1, 5.3757, 1.99267],
			"to": [15, 6.3757, 10.99267],
			"rotation": {"angle": -45, "axis": "x", "origin": [8, 1.38303, 8]},
			"faces": {
				"north": {"uv": [0, 1, 1.75, 16], "rotation": 270, "texture": "#missing"},
				"east": {"uv": [0, 1.25, 1, 15], "rotation": 270, "texture": "#0"},
				"south": {"uv": [0, 1.25, 1, 14.75], "rotation": 270, "texture": "#0"},
				"west": {"uv": [0, 2.25, 1, 14.5], "rotation": 270, "texture": "#0"},
				"up": {"uv": [0, 1, 1, 16], "rotation": 90, "texture": "#missing"},
				"down": {"uv": [12, 1.75, 14, 14.25], "rotation": 90, "texture": "#0"}
			}
		},
		{
			"from": [5.00733, 5.3757, 1],
			"to": [14.00733, 6.3757, 15],
			"rotation": {"angle": -45, "axis": "z", "origin": [8, 1.38303, 8]},
			"faces": {
				"north": {"uv": [0, 2.25, 1, 14.5], "rotation": 270, "texture": "#0"},
				"east": {"uv": [0, 1, 1.75, 16], "rotation": 270, "texture": "#missing"},
				"south": {"uv": [0, 1.25, 1, 15], "rotation": 270, "texture": "#0"},
				"west": {"uv": [0, 1.25, 1, 14.75], "rotation": 270, "texture": "#0"},
				"up": {"uv": [0, 1, 1, 16], "rotation": 180, "texture": "#missing"},
				"down": {"uv": [12, 1.75, 14, 14.25], "texture": "#0"}
			}
		},
		{
			"from": [1.99267, 5.3757, 1],
			"to": [10.99267, 6.3757, 15],
			"rotation": {"angle": 45, "axis": "z", "origin": [8, 1.38303, 8]},
			"faces": {
				"north": {"uv": [0, 1.25, 1, 15], "rotation": 270, "texture": "#0"},
				"east": {"uv": [0, 1.25, 1, 14.75], "rotation": 270, "texture": "#0"},
				"south": {"uv": [0, 2.25, 1, 14.5], "rotation": 270, "texture": "#0"},
				"west": {"uv": [0, 1, 1.75, 16], "rotation": 270, "texture": "#missing"},
				"up": {"uv": [0, 1, 1, 16], "texture": "#missing"},
				"down": {"uv": [12, 1.75, 14, 14.25], "rotation": 180, "texture": "#0"}
			}
		},
		{
			"from": [1, 5.3757, 5.00733],
			"to": [15, 6.3757, 14.00733],
			"rotation": {"angle": 45, "axis": "x", "origin": [8, 1.38303, 8]},
			"faces": {
				"north": {"uv": [0, 1, 1.75, 16], "rotation": 270, "texture": "#0"},
				"east": {"uv": [0, 1.25, 1, 15], "rotation": 270, "texture": "#0"},
				"south": {"uv": [0, 1.25, 1, 14.75], "rotation": 270, "texture": "#0"},
				"west": {"uv": [0, 2.25, 1, 14.5], "rotation": 270, "texture": "#0"},
				"up": {"uv": [0, 1, 1, 16], "rotation": 90, "texture": "#missing"},
				"down": {"uv": [1.75, 1.75, 3.75, 14.25], "rotation": 90, "texture": "#0"}
			}
		},
		{
			"from": [17.61697, 6.38303, 6],
			"to": [18.01697, 10.38303, 10],
			"rotation": {"angle": 0, "axis": "y", "origin": [15, 8.38303, 8]},
			"faces": {
				"north": {"uv": [0, 1, 1, 16], "rotation": 180, "texture": "#0"},
				"east": {"uv": [4.75, 4.75, 11, 11.25], "rotation": 90, "texture": "#0"},
				"south": {"uv": [15, 7, 16, 11], "texture": "#0"},
				"west": {"uv": [0, 1, 1, 16], "rotation": 270, "texture": "#missing"},
				"up": {"uv": [0, 1, 1, 15], "texture": "#0"},
				"down": {"uv": [0, 1, 1, 16], "texture": "#0"}
			}
		},
		{
			"from": [10.00733, 5.39036, 1],
			"to": [11.00733, 14.39036, 15],
			"rotation": {"angle": -45, "axis": "z", "origin": [15, 8.38303, 8]},
			"faces": {
				"north": {"uv": [0, 2.25, 1, 14.5], "texture": "#0"},
				"east": {"uv": [12, 1.75, 14, 14.25], "rotation": 270, "texture": "#0"},
				"south": {"uv": [0, 1.25, 1, 15], "rotation": 180, "texture": "#0"},
				"west": {"uv": [0, 1, 1, 16], "rotation": 90, "texture": "#missing"},
				"up": {"uv": [0, 1, 1.75, 16], "rotation": 180, "texture": "#missing"},
				"down": {"uv": [0, 1.25, 1, 14.75], "rotation": 180, "texture": "#0"}
			}
		},
		{
			"from": [10.00733, 1.38303, 5.00733],
			"to": [11.00733, 15.38303, 14.00733],
			"rotation": {"angle": 45, "axis": "y", "origin": [15, 8.38303, 8]},
			"faces": {
				"north": {"uv": [0, 1.25, 1, 14.75], "texture": "#1"},
				"east": {"uv": [12, 1.75, 14, 14.25], "rotation": 180, "texture": "#0"},
				"south": {"uv": [0, 1, 1.75, 16], "rotation": 180, "texture": "#missing"},
				"west": {"uv": [0, 1, 1, 16], "rotation": 180, "texture": "#0"},
				"up": {"uv": [0, 2.25, 1, 14.5], "rotation": 180, "texture": "#0"},
				"down": {"uv": [0, 1.25, 1, 15], "rotation": 180, "texture": "#0"}
			}
		},
		{
			"from": [10.00733, 1.38303, 1.99267],
			"to": [11.00733, 15.38303, 10.99267],
			"rotation": {"angle": -45, "axis": "y", "origin": [15, 8.38303, 8]},
			"faces": {
				"north": {"uv": [0, 1, 1.75, 16], "texture": "#missing"},
				"east": {"uv": [12, 1.75, 14, 14.25], "texture": "#0"},
				"south": {"uv": [0, 1.25, 1, 14.75], "rotation": 180, "texture": "#0"},
				"west": {"uv": [0, 1, 1, 16], "texture": "#missing"},
				"up": {"uv": [0, 1.25, 1, 15], "rotation": 180, "texture": "#0"},
				"down": {"uv": [0, 2.25, 1, 14.5], "rotation": 180, "texture": "#0"}
			}
		},
		{
			"from": [10.00733, 2.3757, 1],
			"to": [11.00733, 11.3757, 15],
			"rotation": {"angle": 45, "axis": "z", "origin": [15, 8.38303, 8]},
			"faces": {
				"north": {"uv": [0, 2.25, 1, 14.5], "texture": "#0"},
				"east": {"uv": [1.75, 1.75, 3.75, 14.25], "rotation": 270, "texture": "#0"},
				"south": {"uv": [0, 1.25, 1, 15], "rotation": 180, "texture": "#0"},
				"west": {"uv": [0, 1, 1, 16], "rotation": 90, "texture": "#0"},
				"up": {"uv": [0, 1, 1.75, 16], "rotation": 180, "texture": "#0"},
				"down": {"uv": [0, 1.25, 1, 14.75], "rotation": 180, "texture": "#0"}
			}
		},
		{
			"from": [15.61697, 1.38303, 0],
			"to": [16.61697, 16.38303, 1],
			"rotation": {"angle": 0, "axis": "y", "origin": [15, 8.38303, 8]},
			"faces": {
				"north": {"uv": [1.75, 15, 13, 16], "rotation": 270, "texture": "#0"},
				"east": {"uv": [0, 1.25, 1, 16], "rotation": 180, "texture": "#0"},
				"south": {"uv": [3.5, 15, 14.25, 16], "rotation": 90, "texture": "#0"},
				"west": {"uv": [0, 1, 1, 16], "texture": "#missing"},
				"up": {"uv": [7.25, 15.25, 10.5, 16], "rotation": 90, "texture": "#0"},
				"down": {"uv": [0, 1.25, 1, 16], "rotation": 90, "texture": "#0"}
			}
		},
		{
			"from": [15.61697, 6.38303, 5],
			"to": [16.61697, 11.38303, 6],
			"rotation": {"angle": 0, "axis": "y", "origin": [15, 8.38303, 8]},
			"faces": {
				"north": {"uv": [1.75, 15, 13, 16], "rotation": 270, "texture": "#0"},
				"east": {"uv": [0, 11, 1, 16], "rotation": 180, "texture": "#0"},
				"south": {"uv": [3.5, 15, 14.25, 16], "rotation": 90, "texture": "#0"},
				"west": {"uv": [0, 1, 1, 16], "texture": "#missing"},
				"up": {"uv": [7.25, 15.25, 10.5, 16], "rotation": 90, "texture": "#0"},
				"down": {"uv": [0, 1.25, 1, 16], "rotation": 90, "texture": "#0"}
			}
		},
		{
			"from": [15.61697, 0.38303, 0],
			"to": [16.61697, 1.38303, 15],
			"rotation": {"angle": 0, "axis": "y", "origin": [15, 8.38303, 8]},
			"faces": {
				"north": {"uv": [0, 2.25, 1, 14.5], "texture": "#0"},
				"east": {"uv": [0, 1.25, 1, 16], "rotation": 270, "texture": "#0"},
				"south": {"uv": [0, 1.25, 1, 15], "rotation": 180, "texture": "#0"},
				"west": {"uv": [0, 1, 1, 16], "rotation": 90, "texture": "#missing"},
				"up": {"uv": [0, 1, 1, 16], "rotation": 180, "texture": "#0"},
				"down": {"uv": [0, 1.25, 1, 14.75], "rotation": 180, "texture": "#0"}
			}
		},
		{
			"from": [15.61697, 5.38303, 5],
			"to": [16.61697, 6.38303, 10],
			"rotation": {"angle": 0, "axis": "y", "origin": [15, 8.38303, 8]},
			"faces": {
				"north": {"uv": [0, 2.25, 1, 14.5], "texture": "#0"},
				"east": {"uv": [0, 11, 1, 16], "rotation": 270, "texture": "#0"},
				"south": {"uv": [0, 1.25, 1, 15], "rotation": 180, "texture": "#0"},
				"west": {"uv": [0, 1, 1, 16], "rotation": 90, "texture": "#missing"},
				"up": {"uv": [0, 1, 1, 16], "rotation": 180, "texture": "#0"},
				"down": {"uv": [0, 1.25, 1, 14.75], "rotation": 180, "texture": "#0"}
			}
		},
		{
			"from": [15.61697, 0.38303, 15],
			"to": [16.61697, 15.38303, 16],
			"rotation": {"angle": 0, "axis": "y", "origin": [15, 8.38303, 8]},
			"faces": {
				"north": {"uv": [4.5, 15, 9, 16], "rotation": 90, "texture": "#0"},
				"east": {"uv": [0, 1.25, 1, 16], "texture": "#0"},
				"south": {"uv": [1.25, 15, 14.75, 16], "rotation": 270, "texture": "#0"},
				"west": {"uv": [0, 1, 1, 16], "rotation": 180, "texture": "#missing"},
				"up": {"uv": [0, 1, 1, 16], "rotation": 270, "texture": "#0"},
				"down": {"uv": [8.75, 15, 10, 16], "rotation": 270, "texture": "#0"}
			}
		},
		{
			"from": [15.61697, 5.38303, 10],
			"to": [16.61697, 10.38303, 11],
			"rotation": {"angle": 0, "axis": "y", "origin": [15, 8.38303, 8]},
			"faces": {
				"north": {"uv": [4.5, 15, 9, 16], "rotation": 90, "texture": "#0"},
				"east": {"uv": [0, 9.75, 1, 16], "texture": "#0"},
				"south": {"uv": [1.25, 15, 14.75, 16], "rotation": 270, "texture": "#0"},
				"west": {"uv": [0, 1, 1, 16], "rotation": 180, "texture": "#missing"},
				"up": {"uv": [0, 1, 1, 16], "rotation": 270, "texture": "#0"},
				"down": {"uv": [8.75, 15, 10, 16], "rotation": 270, "texture": "#0"}
			}
		},
		{
			"from": [15.61697, 15.38303, 1],
			"to": [16.61697, 16.38303, 16],
			"rotation": {"angle": 0, "axis": "y", "origin": [15, 8.38303, 8]},
			"faces": {
				"north": {"uv": [0, 1, 1, 16], "rotation": 180, "texture": "#0"},
				"east": {"uv": [0, 1.25, 1, 16], "rotation": 90, "texture": "#0"},
				"south": {"uv": [15, 7, 16, 11], "texture": "#0"},
				"west": {"uv": [0, 1, 1, 16], "rotation": 270, "texture": "#missing"},
				"up": {"uv": [0, 1, 1, 15], "texture": "#0"},
				"down": {"uv": [0, 1, 1, 16], "texture": "#0"}
			}
		},
		{
			"from": [15.61697, 10.38303, 6],
			"to": [16.61697, 11.38303, 11],
			"rotation": {"angle": 0, "axis": "y", "origin": [15, 8.38303, 8]},
			"faces": {
				"north": {"uv": [0, 1, 1, 16], "rotation": 180, "texture": "#0"},
				"east": {"uv": [0, 11.25, 1, 16], "rotation": 90, "texture": "#0"},
				"south": {"uv": [15, 7, 16, 11], "texture": "#0"},
				"west": {"uv": [0, 1, 1, 16], "rotation": 270, "texture": "#missing"},
				"up": {"uv": [0, 1, 1, 15], "texture": "#0"},
				"down": {"uv": [0, 1, 1, 16], "texture": "#0"}
			}
		},
		{
			"from": [16.21697, 7.18303, 6.8],
			"to": [16.45697, 9.58303, 9.2],
			"rotation": {"angle": 0, "axis": "y", "origin": [15, 8.38303, 8]},
			"faces": {
				"north": {"uv": [0, 1, 1, 16], "rotation": 180, "texture": "#0"},
				"east": {"uv": [4.75, 4.75, 11, 11.25], "rotation": 90, "texture": "#0"},
				"south": {"uv": [15, 7, 16, 11], "texture": "#0"},
				"west": {"uv": [0, 1, 1, 16], "rotation": 270, "texture": "#missing"},
				"up": {"uv": [0, 1, 1, 15], "texture": "#0"},
				"down": {"uv": [0, 1, 1, 16], "texture": "#0"}
			}
		},
		{
			"from": [15.37697, 7.66303, 7.28],
			"to": [15.52097, 9.10303, 8.72],
			"rotation": {"angle": 0, "axis": "y", "origin": [15, 8.38303, 8]},
			"faces": {
				"north": {"uv": [0, 1, 1, 16], "rotation": 180, "texture": "#0"},
				"east": {"uv": [4.75, 4.75, 11, 11.25], "rotation": 90, "texture": "#0"},
				"south": {"uv": [15, 7, 16, 11], "texture": "#0"},
				"west": {"uv": [0, 1, 1, 16], "rotation": 270, "texture": "#missing"},
				"up": {"uv": [0, 1, 1, 15], "texture": "#0"},
				"down": {"uv": [0, 1, 1, 16], "texture": "#0"}
			}
		},
		{
			"from": [9.91697, 7.66303, 7.28],
			"to": [10.06097, 9.10303, 8.72],
			"rotation": {"angle": 0, "axis": "y", "origin": [15, 8.38303, 8]},
			"faces": {
				"north": {"uv": [0, 1, 1, 16], "rotation": 180, "texture": "#0"},
				"east": {"uv": [14.25, 2.25, 14.75, 5], "rotation": 90, "texture": "#0"},
				"south": {"uv": [15, 7, 16, 11], "texture": "#0"},
				"west": {"uv": [0, 1, 1, 16], "rotation": 270, "texture": "#missing"},
				"up": {"uv": [0, 1, 1, 15], "texture": "#0"},
				"down": {"uv": [0, 1, 1, 16], "texture": "#0"}
			}
		},
		{
			"from": [14.87297, 7.95103, 7.568],
			"to": [14.95937, 8.81503, 8.432],
			"rotation": {"angle": 0, "axis": "y", "origin": [15, 8.38303, 8]},
			"faces": {
				"north": {"uv": [0, 1, 1, 16], "rotation": 180, "texture": "#0"},
				"east": {"uv": [4.75, 4.75, 11, 11.25], "rotation": 90, "texture": "#0"},
				"south": {"uv": [15, 7, 16, 11], "texture": "#0"},
				"west": {"uv": [0, 1, 1, 16], "rotation": 270, "texture": "#missing"},
				"up": {"uv": [0, 1, 1, 15], "texture": "#0"},
				"down": {"uv": [0, 1, 1, 16], "texture": "#0"}
			}
		},
		{
			"from": [-2.01697, 6.38303, 6],
			"to": [-1.61697, 10.38303, 10],
			"rotation": {"angle": 0, "axis": "y", "origin": [1, 8.38303, 8]},
			"faces": {
				"north": {"uv": [0, 1, 1, 16], "texture": "#0"},
				"east": {"uv": [0, 1, 1, 16], "rotation": 180, "texture": "#missing"},
				"south": {"uv": [0, 1, 1, 15], "rotation": 180, "texture": "#0"},
				"west": {"uv": [4.75, 4.75, 11, 11.25], "rotation": 180, "texture": "#0"},
				"up": {"uv": [15, 7, 16, 11], "rotation": 180, "texture": "#0"},
				"down": {"uv": [0, 1, 1, 16], "rotation": 180, "texture": "#0"}
			}
		},
		{
			"from": [4.99267, 1.38303, 5.00733],
			"to": [5.99267, 15.38303, 14.00733],
			"rotation": {"angle": -45, "axis": "y", "origin": [1, 8.38303, 8]},
			"faces": {
				"north": {"uv": [0, 1.25, 1, 14.75], "rotation": 180, "texture": "#1"},
				"east": {"uv": [0, 1, 1, 16], "texture": "#0"},
				"south": {"uv": [0, 1, 1.75, 16], "texture": "#missing"},
				"west": {"uv": [12, 1.75, 14, 14.25], "texture": "#0"},
				"up": {"uv": [0, 1.25, 1, 15], "texture": "#0"},
				"down": {"uv": [0, 2.25, 1, 14.5], "texture": "#0"}
			}
		},
		{
			"from": [4.99267, 5.39036, 1],
			"to": [5.99267, 14.39036, 15],
			"rotation": {"angle": 45, "axis": "z", "origin": [1, 8.38303, 8]},
			"faces": {
				"north": {"uv": [0, 1.25, 1, 15], "rotation": 180, "texture": "#0"},
				"east": {"uv": [0, 1, 1, 16], "rotation": 90, "texture": "#missing"},
				"south": {"uv": [0, 2.25, 1, 14.5], "texture": "#0"},
				"west": {"uv": [12, 1.75, 14, 14.25], "rotation": 270, "texture": "#0"},
				"up": {"uv": [0, 1, 1.75, 16], "texture": "#missing"},
				"down": {"uv": [0, 1.25, 1, 14.75], "texture": "#0"}
			}
		},
		{
			"from": [4.99267, 2.3757, 1],
			"to": [5.99267, 11.3757, 15],
			"rotation": {"angle": -45, "axis": "z", "origin": [1, 8.38303, 8]},
			"faces": {
				"north": {"uv": [0, 2.25, 1, 14.5], "rotation": 180, "texture": "#0"},
				"east": {"uv": [0, 1, 1, 16], "rotation": 270, "texture": "#0"},
				"south": {"uv": [0, 1.25, 1, 15], "texture": "#0"},
				"west": {"uv": [12, 1.75, 14, 14.25], "rotation": 90, "texture": "#0"},
				"up": {"uv": [0, 1.25, 1, 14.75], "texture": "#0"},
				"down": {"uv": [0, 1, 1.75, 16], "texture": "#0"}
			}
		},
		{
			"from": [4.99267, 1.38303, 1.99267],
			"to": [5.99267, 15.38303, 10.99267],
			"rotation": {"angle": 45, "axis": "y", "origin": [1, 8.38303, 8]},
			"faces": {
				"north": {"uv": [0, 1.25, 1, 14.75], "rotation": 180, "texture": "#missing"},
				"east": {"uv": [0, 1, 1, 16], "texture": "#missing"},
				"south": {"uv": [0, 1, 1.75, 16], "texture": "#0"},
				"west": {"uv": [1.75, 1.75, 3.75, 14.25], "texture": "#0"},
				"up": {"uv": [0, 1.25, 1, 15], "texture": "#0"},
				"down": {"uv": [0, 2.25, 1, 14.5], "texture": "#0"}
			}
		},
		{
			"from": [-0.61697, 0.38303, 1],
			"to": [0.38303, 1.38303, 16],
			"rotation": {"angle": 0, "axis": "y", "origin": [1, 8.38303, 8]},
			"faces": {
				"north": {"uv": [0, 1.25, 1, 16], "rotation": 90, "texture": "#0"},
				"east": {"uv": [0, 1, 1, 16], "rotation": 270, "texture": "#missing"},
				"south": {"uv": [7.25, 15.25, 10.5, 16], "rotation": 270, "texture": "#0"},
				"west": {"uv": [0, 1.25, 1, 16], "rotation": 270, "texture": "#0"},
				"up": {"uv": [3.5, 15, 14.25, 16], "rotation": 270, "texture": "#0"},
				"down": {"uv": [1.75, 15, 13, 16], "rotation": 270, "texture": "#0"}
			}
		},
		{
			"from": [-0.61697, 5.38303, 6],
			"to": [0.38303, 6.38303, 11],
			"rotation": {"angle": 0, "axis": "y", "origin": [1, 8.38303, 8]},
			"faces": {
				"north": {"uv": [0, 1.25, 1, 16], "rotation": 90, "texture": "#0"},
				"east": {"uv": [0, 1, 1, 16], "rotation": 270, "texture": "#missing"},
				"south": {"uv": [7.25, 15.25, 10.5, 16], "rotation": 270, "texture": "#0"},
				"west": {"uv": [0, 11, 1, 16], "rotation": 270, "texture": "#0"},
				"up": {"uv": [3.5, 15, 14.25, 16], "rotation": 270, "texture": "#0"},
				"down": {"uv": [1.75, 15, 13, 16], "rotation": 270, "texture": "#0"}
			}
		},
		{
			"from": [-0.61697, 0.38303, 0],
			"to": [0.38303, 15.38303, 1],
			"rotation": {"angle": 0, "axis": "y", "origin": [1, 8.38303, 8]},
			"faces": {
				"north": {"uv": [0, 1.25, 1, 14.75], "rotation": 180, "texture": "#0"},
				"east": {"uv": [0, 1, 1, 16], "texture": "#missing"},
				"south": {"uv": [0, 1, 1, 16], "texture": "#0"},
				"west": {"uv": [0, 1.25, 1, 16], "texture": "#0"},
				"up": {"uv": [0, 1.25, 1, 15], "texture": "#0"},
				"down": {"uv": [0, 2.25, 1, 14.5], "texture": "#0"}
			}
		},
		{
			"from": [-0.61697, 5.38303, 5],
			"to": [0.38303, 10.38303, 6],
			"rotation": {"angle": 0, "axis": "y", "origin": [1, 8.38303, 8]},
			"faces": {
				"north": {"uv": [0, 1.25, 1, 14.75], "rotation": 180, "texture": "#0"},
				"east": {"uv": [0, 1, 1, 16], "texture": "#missing"},
				"south": {"uv": [0, 1, 1, 16], "texture": "#0"},
				"west": {"uv": [0, 11, 1, 16], "texture": "#0"},
				"up": {"uv": [0, 1.25, 1, 15], "texture": "#0"},
				"down": {"uv": [0, 2.25, 1, 14.5], "texture": "#0"}
			}
		},
		{
			"from": [-0.61697, 15.38303, 0],
			"to": [0.38303, 16.38303, 15],
			"rotation": {"angle": 0, "axis": "y", "origin": [1, 8.38303, 8]},
			"faces": {
				"north": {"uv": [8.75, 15, 10, 16], "rotation": 270, "texture": "#0"},
				"east": {"uv": [0, 1, 1, 16], "rotation": 90, "texture": "#missing"},
				"south": {"uv": [0, 1, 1, 16], "rotation": 90, "texture": "#0"},
				"west": {"uv": [0, 1.25, 1, 16], "rotation": 90, "texture": "#0"},
				"up": {"uv": [1.25, 15, 14.75, 16], "rotation": 90, "texture": "#0"},
				"down": {"uv": [4.5, 15, 9, 16], "rotation": 90, "texture": "#0"}
			}
		},
		{
			"from": [-0.61697, 10.38303, 5],
			"to": [0.38303, 11.38303, 10],
			"rotation": {"angle": 0, "axis": "y", "origin": [1, 8.38303, 8]},
			"faces": {
				"north": {"uv": [8.75, 15, 10, 16], "rotation": 270, "texture": "#0"},
				"east": {"uv": [0, 1, 1, 16], "rotation": 90, "texture": "#missing"},
				"south": {"uv": [0, 1, 1, 16], "rotation": 90, "texture": "#0"},
				"west": {"uv": [0, 9.75, 1, 16], "rotation": 90, "texture": "#0"},
				"up": {"uv": [1.25, 15, 14.75, 16], "rotation": 90, "texture": "#0"},
				"down": {"uv": [4.5, 15, 9, 16], "rotation": 90, "texture": "#0"}
			}
		},
		{
			"from": [-0.61697, 1.38303, 15],
			"to": [0.38303, 16.38303, 16],
			"rotation": {"angle": 0, "axis": "y", "origin": [1, 8.38303, 8]},
			"faces": {
				"north": {"uv": [0, 1, 1, 16], "texture": "#0"},
				"east": {"uv": [0, 1, 1, 16], "rotation": 180, "texture": "#missing"},
				"south": {"uv": [0, 1, 1, 15], "rotation": 180, "texture": "#0"},
				"west": {"uv": [0, 1.25, 1, 16], "rotation": 180, "texture": "#0"},
				"up": {"uv": [15, 7, 16, 11], "rotation": 180, "texture": "#0"},
				"down": {"uv": [0, 1, 1, 16], "rotation": 180, "texture": "#0"}
			}
		},
		{
			"from": [-0.61697, 6.38303, 10],
			"to": [0.38303, 11.38303, 11],
			"rotation": {"angle": 0, "axis": "y", "origin": [1, 8.38303, 8]},
			"faces": {
				"north": {"uv": [0, 1, 1, 16], "texture": "#0"},
				"east": {"uv": [0, 1, 1, 16], "rotation": 180, "texture": "#missing"},
				"south": {"uv": [0, 1, 1, 15], "rotation": 180, "texture": "#0"},
				"west": {"uv": [0, 11.25, 1, 16], "rotation": 180, "texture": "#0"},
				"up": {"uv": [15, 7, 16, 11], "rotation": 180, "texture": "#0"},
				"down": {"uv": [0, 1, 1, 16], "rotation": 180, "texture": "#0"}
			}
		},
		{
			"from": [-0.45697, 7.18303, 6.8],
			"to": [-0.21697, 9.58303, 9.2],
			"rotation": {"angle": 0, "axis": "y", "origin": [1, 8.38303, 8]},
			"faces": {
				"north": {"uv": [0, 1, 1, 16], "texture": "#0"},
				"east": {"uv": [0, 1, 1, 16], "rotation": 180, "texture": "#missing"},
				"south": {"uv": [0, 1, 1, 15], "rotation": 180, "texture": "#0"},
				"west": {"uv": [4.75, 4.75, 11, 11.25], "rotation": 180, "texture": "#0"},
				"up": {"uv": [15, 7, 16, 11], "rotation": 180, "texture": "#0"},
				"down": {"uv": [0, 1, 1, 16], "rotation": 180, "texture": "#0"}
			}
		},
		{
			"from": [0.47903, 7.66303, 7.28],
			"to": [0.62303, 9.10303, 8.72],
			"rotation": {"angle": 0, "axis": "y", "origin": [1, 8.38303, 8]},
			"faces": {
				"north": {"uv": [0, 1, 1, 16], "texture": "#0"},
				"east": {"uv": [0, 1, 1, 16], "rotation": 180, "texture": "#missing"},
				"south": {"uv": [0, 1, 1, 15], "rotation": 180, "texture": "#0"},
				"west": {"uv": [4.75, 4.75, 11, 11.25], "rotation": 180, "texture": "#0"},
				"up": {"uv": [15, 7, 16, 11], "rotation": 180, "texture": "#0"},
				"down": {"uv": [0, 1, 1, 16], "rotation": 180, "texture": "#0"}
			}
		},
		{
			"from": [5.93903, 7.66303, 7.28],
			"to": [6.08303, 9.10303, 8.72],
			"rotation": {"angle": 0, "axis": "y", "origin": [1, 8.38303, 8]},
			"faces": {
				"north": {"uv": [0, 1, 1, 16], "texture": "#0"},
				"east": {"uv": [0, 1, 1, 16], "rotation": 180, "texture": "#missing"},
				"south": {"uv": [0, 1, 1, 15], "rotation": 180, "texture": "#0"},
				"west": {"uv": [14.25, 2.25, 14.75, 5], "rotation": 180, "texture": "#0"},
				"up": {"uv": [15, 7, 16, 11], "rotation": 180, "texture": "#0"},
				"down": {"uv": [0, 1, 1, 16], "rotation": 180, "texture": "#0"}
			}
		},
		{
			"from": [1.04063, 7.95103, 7.568],
			"to": [1.12703, 8.81503, 8.432],
			"rotation": {"angle": 0, "axis": "y", "origin": [1, 8.38303, 8]},
			"faces": {
				"north": {"uv": [0, 1, 1, 16], "texture": "#0"},
				"east": {"uv": [0, 1, 1, 16], "rotation": 180, "texture": "#missing"},
				"south": {"uv": [0, 1, 1, 15], "rotation": 180, "texture": "#0"},
				"west": {"uv": [4.75, 4.75, 11, 11.25], "rotation": 180, "texture": "#0"},
				"up": {"uv": [15, 7, 16, 11], "rotation": 180, "texture": "#0"},
				"down": {"uv": [0, 1, 1, 16], "rotation": 180, "texture": "#0"}
			}
		},
		{
			"from": [6, 6.38303, -2.01697],
			"to": [10, 10.38303, -1.61697],
			"rotation": {"angle": 0, "axis": "y", "origin": [8, 8.38303, 1]},
			"faces": {
				"north": {"uv": [4.75, 4.75, 11, 11.25], "rotation": 90, "texture": "#0"},
				"east": {"uv": [15, 7, 16, 11], "texture": "#0"},
				"south": {"uv": [0, 1, 1, 16], "rotation": 270, "texture": "#missing"},
				"west": {"uv": [0, 1, 1, 16], "rotation": 180, "texture": "#0"},
				"up": {"uv": [0, 1, 1, 15], "rotation": 270, "texture": "#0"},
				"down": {"uv": [0, 1, 1, 16], "rotation": 90, "texture": "#0"}
			}
		},
		{
			"from": [1, 5.39036, 4.99267],
			"to": [15, 14.39036, 5.99267],
			"rotation": {"angle": -45, "axis": "x", "origin": [8, 8.38303, 1]},
			"faces": {
				"north": {"uv": [12, 1.75, 14, 14.25], "rotation": 270, "texture": "#0"},
				"east": {"uv": [0, 1.25, 1, 15], "rotation": 180, "texture": "#0"},
				"south": {"uv": [0, 1, 1, 16], "rotation": 90, "texture": "#0"},
				"west": {"uv": [0, 2.25, 1, 14.5], "texture": "#0"},
				"up": {"uv": [0, 1, 1.75, 16], "rotation": 90, "texture": "#missing"},
				"down": {"uv": [0, 1.25, 1, 14.75], "rotation": 270, "texture": "#0"}
			}
		},
		{
			"from": [5.00733, 1.38303, 4.99267],
			"to": [14.00733, 15.38303, 5.99267],
			"rotation": {"angle": 45, "axis": "y", "origin": [8, 8.38303, 1]},
			"faces": {
				"north": {"uv": [12, 1.75, 14, 14.25], "rotation": 180, "texture": "#0"},
				"east": {"uv": [0, 1, 1.75, 16], "rotation": 180, "texture": "#missing"},
				"south": {"uv": [0, 1, 1, 16], "rotation": 180, "texture": "#missing"},
				"west": {"uv": [0, 1.25, 1, 14.75], "texture": "#0"},
				"up": {"uv": [0, 2.25, 1, 14.5], "rotation": 90, "texture": "#0"},
				"down": {"uv": [0, 1.25, 1, 15], "rotation": 270, "texture": "#0"}
			}
		},
		{
			"from": [1.99267, 1.38303, 4.99267],
			"to": [10.99267, 15.38303, 5.99267],
			"rotation": {"angle": -45, "axis": "y", "origin": [8, 8.38303, 1]},
			"faces": {
				"north": {"uv": [12, 1.75, 14, 14.25], "texture": "#0"},
				"east": {"uv": [0, 1.25, 1, 14.75], "rotation": 180, "texture": "#0"},
				"south": {"uv": [0, 1, 1, 16], "texture": "#0"},
				"west": {"uv": [0, 1, 1.75, 16], "texture": "#missing"},
				"up": {"uv": [0, 1.25, 1, 15], "rotation": 90, "texture": "#0"},
				"down": {"uv": [0, 2.25, 1, 14.5], "rotation": 270, "texture": "#0"}
			}
		},
		{
			"from": [1, 2.3757, 4.99267],
			"to": [15, 11.3757, 5.99267],
			"rotation": {"angle": 45, "axis": "x", "origin": [8, 8.38303, 1]},
			"faces": {
				"north": {"uv": [1.75, 1.75, 3.75, 14.25], "rotation": 270, "texture": "#0"},
				"east": {"uv": [0, 1.25, 1, 15], "rotation": 180, "texture": "#0"},
				"south": {"uv": [0, 1, 1, 16], "rotation": 90, "texture": "#0"},
				"west": {"uv": [0, 2.25, 1, 14.5], "texture": "#0"},
				"up": {"uv": [0, 1, 1.75, 16], "rotation": 90, "texture": "#0"},
				"down": {"uv": [0, 1.25, 1, 14.75], "rotation": 270, "texture": "#missing"}
			}
		},
		{
			"from": [0, 1.38303, -0.61697],
			"to": [1, 16.38303, 0.38303],
			"rotation": {"angle": 0, "axis": "y", "origin": [8, 8.38303, 1]},
			"faces": {
				"north": {"uv": [0, 1.25, 1, 16], "rotation": 180, "texture": "#0"},
				"east": {"uv": [3.5, 15, 14.25, 16], "rotation": 90, "texture": "#0"},
				"south": {"uv": [0, 1, 1, 16], "texture": "#missing"},
				"west": {"uv": [1.75, 15, 13, 16], "rotation": 270, "texture": "#0"},
				"up": {"uv": [7.25, 15.25, 10.5, 16], "texture": "#0"},
				"down": {"uv": [0, 1.25, 1, 16], "rotation": 180, "texture": "#0"}
			}
		},
		{
			"from": [5, 6.38303, -0.61697],
			"to": [6, 11.38303, 0.38303],
			"rotation": {"angle": 0, "axis": "y", "origin": [8, 8.38303, 1]},
			"faces": {
				"north": {"uv": [0, 11, 1, 16], "rotation": 180, "texture": "#0"},
				"east": {"uv": [3.5, 15, 14.25, 16], "rotation": 90, "texture": "#0"},
				"south": {"uv": [0, 1, 1, 16], "texture": "#missing"},
				"west": {"uv": [1.75, 15, 13, 16], "rotation": 270, "texture": "#0"},
				"up": {"uv": [7.25, 15.25, 10.5, 16], "texture": "#0"},
				"down": {"uv": [0, 1.25, 1, 16], "rotation": 180, "texture": "#0"}
			}
		},
		{
			"from": [0, 0.38303, -0.61697],
			"to": [15, 1.38303, 0.38303],
			"rotation": {"angle": 0, "axis": "y", "origin": [8, 8.38303, 1]},
			"faces": {
				"north": {"uv": [0, 1.25, 1, 16], "rotation": 270, "texture": "#0"},
				"east": {"uv": [0, 1.25, 1, 15], "rotation": 180, "texture": "#0"},
				"south": {"uv": [0, 1, 1, 16], "rotation": 90, "texture": "#missing"},
				"west": {"uv": [0, 2.25, 1, 14.5], "texture": "#0"},
				"up": {"uv": [0, 1, 1, 16], "rotation": 90, "texture": "#0"},
				"down": {"uv": [0, 1.25, 1, 14.75], "rotation": 270, "texture": "#0"}
			}
		},
		{
			"from": [5, 5.38303, -0.61697],
			"to": [10, 6.38303, 0.38303],
			"rotation": {"angle": 0, "axis": "y", "origin": [8, 8.38303, 1]},
			"faces": {
				"north": {"uv": [0, 11, 1, 16], "rotation": 270, "texture": "#0"},
				"east": {"uv": [0, 1.25, 1, 15], "rotation": 180, "texture": "#0"},
				"south": {"uv": [0, 1, 1, 16], "rotation": 90, "texture": "#missing"},
				"west": {"uv": [0, 2.25, 1, 14.5], "texture": "#0"},
				"up": {"uv": [0, 1, 1, 16], "rotation": 90, "texture": "#0"},
				"down": {"uv": [0, 1.25, 1, 14.75], "rotation": 270, "texture": "#0"}
			}
		},
		{
			"from": [15, 0.38303, -0.61697],
			"to": [16, 15.38303, 0.38303],
			"rotation": {"angle": 0, "axis": "y", "origin": [8, 8.38303, 1]},
			"faces": {
				"north": {"uv": [0, 1.25, 1, 16], "texture": "#0"},
				"east": {"uv": [1.25, 15, 14.75, 16], "rotation": 270, "texture": "#0"},
				"south": {"uv": [0, 1, 1, 16], "rotation": 180, "texture": "#missing"},
				"west": {"uv": [4.5, 15, 9, 16], "rotation": 90, "texture": "#0"},
				"up": {"uv": [0, 1, 1, 16], "rotation": 180, "texture": "#0"},
				"down": {"uv": [8.75, 15, 10, 16], "texture": "#0"}
			}
		},
		{
			"from": [10, 5.38303, -0.61697],
			"to": [11, 10.38303, 0.38303],
			"rotation": {"angle": 0, "axis": "y", "origin": [8, 8.38303, 1]},
			"faces": {
				"north": {"uv": [0, 9.75, 1, 16], "texture": "#0"},
				"east": {"uv": [1.25, 15, 14.75, 16], "rotation": 270, "texture": "#0"},
				"south": {"uv": [0, 1, 1, 16], "rotation": 180, "texture": "#missing"},
				"west": {"uv": [4.5, 15, 9, 16], "rotation": 90, "texture": "#0"},
				"up": {"uv": [0, 1, 1, 16], "rotation": 180, "texture": "#0"},
				"down": {"uv": [8.75, 15, 10, 16], "texture": "#0"}
			}
		},
		{
			"from": [1, 15.38303, -0.61697],
			"to": [16, 16.38303, 0.38303],
			"rotation": {"angle": 0, "axis": "y", "origin": [8, 8.38303, 1]},
			"faces": {
				"north": {"uv": [0, 1.25, 1, 16], "rotation": 90, "texture": "#0"},
				"east": {"uv": [15, 7, 16, 11], "texture": "#0"},
				"south": {"uv": [0, 1, 1, 16], "rotation": 270, "texture": "#missing"},
				"west": {"uv": [0, 1, 1, 16], "rotation": 180, "texture": "#0"},
				"up": {"uv": [0, 1, 1, 15], "rotation": 270, "texture": "#0"},
				"down": {"uv": [0, 1, 1, 16], "rotation": 90, "texture": "#0"}
			}
		},
		{
			"from": [6, 10.38303, -0.61697],
			"to": [11, 11.38303, 0.38303],
			"rotation": {"angle": 0, "axis": "y", "origin": [8, 8.38303, 1]},
			"faces": {
				"north": {"uv": [0, 11.25, 1, 16], "rotation": 90, "texture": "#0"},
				"east": {"uv": [15, 7, 16, 11], "texture": "#0"},
				"south": {"uv": [0, 1, 1, 16], "rotation": 270, "texture": "#missing"},
				"west": {"uv": [0, 1, 1, 16], "rotation": 180, "texture": "#0"},
				"up": {"uv": [0, 1, 1, 15], "rotation": 270, "texture": "#0"},
				"down": {"uv": [0, 1, 1, 16], "rotation": 90, "texture": "#0"}
			}
		},
		{
			"from": [6.8, 7.18303, -0.45697],
			"to": [9.2, 9.58303, -0.21697],
			"rotation": {"angle": 0, "axis": "y", "origin": [8, 8.38303, 1]},
			"faces": {
				"north": {"uv": [4.75, 4.75, 11, 11.25], "rotation": 90, "texture": "#0"},
				"east": {"uv": [15, 7, 16, 11], "texture": "#0"},
				"south": {"uv": [0, 1, 1, 16], "rotation": 270, "texture": "#missing"},
				"west": {"uv": [0, 1, 1, 16], "rotation": 180, "texture": "#0"},
				"up": {"uv": [0, 1, 1, 15], "rotation": 270, "texture": "#0"},
				"down": {"uv": [0, 1, 1, 16], "rotation": 90, "texture": "#0"}
			}
		},
		{
			"from": [7.28, 7.66303, 0.47903],
			"to": [8.72, 9.10303, 0.62303],
			"rotation": {"angle": 0, "axis": "y", "origin": [8, 8.38303, 1]},
			"faces": {
				"north": {"uv": [4.75, 4.75, 11, 11.25], "rotation": 90, "texture": "#0"},
				"east": {"uv": [15, 7, 16, 11], "texture": "#0"},
				"south": {"uv": [0, 1, 1, 16], "rotation": 270, "texture": "#missing"},
				"west": {"uv": [0, 1, 1, 16], "rotation": 180, "texture": "#0"},
				"up": {"uv": [0, 1, 1, 15], "rotation": 270, "texture": "#0"},
				"down": {"uv": [0, 1, 1, 16], "rotation": 90, "texture": "#0"}
			}
		},
		{
			"from": [7.28, 7.66303, 5.93903],
			"to": [8.72, 9.10303, 6.08303],
			"rotation": {"angle": 0, "axis": "y", "origin": [8, 8.38303, 1]},
			"faces": {
				"north": {"uv": [14.25, 2.25, 14.75, 5], "rotation": 90, "texture": "#0"},
				"east": {"uv": [15, 7, 16, 11], "texture": "#0"},
				"south": {"uv": [0, 1, 1, 16], "rotation": 270, "texture": "#missing"},
				"west": {"uv": [0, 1, 1, 16], "rotation": 180, "texture": "#0"},
				"up": {"uv": [0, 1, 1, 15], "rotation": 270, "texture": "#0"},
				"down": {"uv": [0, 1, 1, 16], "rotation": 90, "texture": "#0"}
			}
		},
		{
			"from": [7.568, 7.95103, 1.04063],
			"to": [8.432, 8.81503, 1.12703],
			"rotation": {"angle": 0, "axis": "y", "origin": [8, 8.38303, 1]},
			"faces": {
				"north": {"uv": [4.75, 4.75, 11, 11.25], "rotation": 90, "texture": "#0"},
				"east": {"uv": [15, 7, 16, 11], "texture": "#0"},
				"south": {"uv": [0, 1, 1, 16], "rotation": 270, "texture": "#missing"},
				"west": {"uv": [0, 1, 1, 16], "rotation": 180, "texture": "#0"},
				"up": {"uv": [0, 1, 1, 15], "rotation": 270, "texture": "#0"},
				"down": {"uv": [0, 1, 1, 16], "rotation": 90, "texture": "#0"}
			}
		}
	],
	"groups": [
		{
			"name": "4KRC}K}B7F{SZS6_Z[P4CAB",
			"origin": [8, 8, 8],
			"children": [
				{
					"name": "4KRC}K}B7F{SZS6_Z[P4CAB",
					"origin": [8, 8, 8],
					"children": [0, 1, 2, 3, 4,
						{
							"name": "group",
							"origin": [8, 8, 8],
							"children": [5, 6, 7, 8, 9, 10, 11, 12, 13, 14, 15, 16]
						},
						{
							"name": "group",
							"origin": [8, 8, 8],
							"children": [17, 18, 19, 20, 21, 22, 23, 24, 25, 26, 27, 28, 29, 30, 31, 32, 33]
						},
						{
							"name": "group",
							"origin": [8, 8, 8],
							"children": [34, 35, 36, 37, 38, 39, 40, 41, 42, 43, 44, 45]
						}, 46, 47, 48, 49, 50,
						{
							"name": "4KRC}K}B7F{SZS6_Z[P4CAB",
							"origin": [8, 8, 8],
							"children": [51, 52, 53, 54, 55,
								{
									"name": "group",
									"origin": [8, 8, 8],
									"children": [56, 57, 58, 59, 60, 61, 62, 63, 64, 65, 66, 67]
								}
							]
						},
						{
							"name": "4KRC}K}B7F{SZS6_Z[P4CAB",
							"origin": [8, 8, 8],
							"children": [68, 69, 70, 71, 72,
								{
									"name": "group",
									"origin": [8, 8, 8],
									"children": [73, 74, 75, 76, 77, 78, 79, 80, 81, 82, 83, 84]
								}
							]
						}
					]
				}, 85, 86, 87, 88, 89,
				{
					"name": "group",
					"origin": [8, 8, 8],
					"children": [90, 91, 92, 93, 94, 95, 96, 97, 98, 99, 100, 101]
				}
			]
		}
	]
}