{
  "name": "§4§k§l§n§oINFINFSADWADSAER",
  "shines": true,
  "tooltip": [
    "§1§k§l§n§m§oWQEQW RWQRQWSD AFSAD",
    "§6§k§l§n§m§oQWEQWEQWEQWRQ",
    "§4此武器已经损坏",
    "§6但他现在成为了一个全能工具，范围5x5x2,可锄地/挖方块等",
    "§1按住shift使他范围变成1x1"
  ],
  "container": "minecraft:stone",
  "max_stack": 1,
  "attribute_modifiers": [
    {
      "attribute_name": "generic.attackSpeed",
      "amount": 4.0,
      "slot": "mainhand",
      "uuid": "fa233e1c-4180-4865-b01b-bcce9785aca3"
    },
    {
      "attribute_name": "generic.attackDamage",
      "amount": 6.0,
      "slot": "mainhand",
      "uuid": "cb3f55d3-645c-4f38-a497-9c13a33db5cf"
    }
  ],
  "ore_dict": "INFPOWER",
  "durability": 4000,
  "harvest_level": 50,
  "harvest_radius_width": 2,
  "harvest_depth": 1,
  "efficiency": 40.0,
  "enchantability": 50,
  "repair_stacks": {
    "ore_name": "blockIron"
  },
  "tool_classes": [
    "sword",
    "shears",
    "pickaxe",
    "shovel",
    "axe",
    "hoe"
  ],
  "type": "additions:multitool"
}