{
	"credit": "Made with Blockbench",
	"parent": "yunshi",
	"ambientocclusion": false,
	"textures": {
		"0": "additions:blocks/yingyingying-meikuang",
		"particle": "additions:blocks/yingyingying-meikuang"
	},
	"elements": [
		{
			"from": [5.32786, -5.65241, 5.87321],
			"to": [10.66857, 15.71041, 11.21391],
			"rotation": {"angle": -22.5, "axis": "x", "origin": [7.97067, 5.96432, 7.76343]},
			"faces": {
				"north": {"uv": [5, 4, 13, 11], "rotation": 270, "texture": "#0"},
				"down": {"uv": [5, 4, 13, 11], "rotation": 270, "texture": "#0", "cullface": "down"}
			}
		},
		{
			"from": [5.31934, -6.09219, 6.49969],
			"to": [10.66004, 15.27063, 11.8404],
			"rotation": {"angle": -45, "axis": "x", "origin": [7.97067, 5.96432, 7.76343]},
			"faces": {
				"north": {"uv": [5, 4, 13, 11], "rotation": 270, "texture": "#0", "cullface": "down"},
				"down": {"uv": [5, 4, 13, 11], "rotation": 270, "texture": "#0"}
			}
		},
		{
			"from": [5.31069, 5.10935, -0.89769],
			"to": [10.65139, 10.45005, 20.46513],
			"rotation": {"angle": 22.5, "axis": "x", "origin": [7.97067, 5.96432, 7.76343]},
			"faces": {
				"north": {"uv": [5, 4, 13, 11], "texture": "#0", "cullface": "north"},
				"south": {"uv": [5, 4, 13, 11], "texture": "#0", "cullface": "south"},
				"up": {"uv": [5, 4, 13, 11], "texture": "#0", "cullface": "south"},
				"down": {"uv": [5, 4, 13, 11], "texture": "#0"}
			}
		},
		{
			"from": [5.36496, 6.36831, -0.08793],
			"to": [10.70566, 11.70902, 21.27489],
			"rotation": {"angle": -22.5, "axis": "x", "origin": [8.05455, 8.36507, 10.62886]},
			"faces": {
				"south": {"uv": [5, 4, 13, 11], "texture": "#0", "cullface": "south"},
				"down": {"uv": [5, 4, 13, 11], "texture": "#0"}
			}
		},
		{
			"from": [5.3606, 7.41639, -0.46797],
			"to": [10.7013, 12.7571, 20.89485],
			"rotation": {"angle": -45, "axis": "x", "origin": [8.05019, 9.41315, 10.24882]},
			"faces": {
				"south": {"uv": [5, 4, 13, 11], "texture": "#0"},
				"down": {"uv": [5, 4, 13, 11], "texture": "#0", "cullface": "south"}
			}
		},
		{
			"from": [5.35784, -0.48144, 6.15084],
			"to": [10.69855, 20.88138, 11.49154],
			"rotation": {"angle": 22.5, "axis": "x", "origin": [8.04744, 10.23535, 9.49479]},
			"faces": {
				"north": {"uv": [5, 4, 13, 11], "rotation": 90, "texture": "#0", "cullface": "up"},
				"south": {"uv": [5, 4, 13, 11], "rotation": 90, "texture": "#0"},
				"up": {"uv": [5, 4, 13, 11], "rotation": 90, "texture": "#0", "cullface": "up"},
				"down": {"uv": [5, 4, 13, 11], "rotation": 90, "texture": "#0", "cullface": "down"}
			}
		},
		{
			"from": [5.34514, 0.04219, 4.02872],
			"to": [10.68585, 21.40501, 9.36942],
			"rotation": {"angle": -22.5, "axis": "x", "origin": [8.03474, 10.75898, 7.37267]},
			"faces": {
				"south": {"uv": [5, 4, 13, 11], "rotation": 90, "texture": "#0"},
				"up": {"uv": [5, 4, 13, 11], "rotation": 90, "texture": "#0", "cullface": "up"}
			}
		},
		{
			"from": [5.33662, -0.33482, 2.98293],
			"to": [10.67732, 21.028, 8.32364],
			"rotation": {"angle": -45, "axis": "x", "origin": [8.02622, 10.38197, 6.32688]},
			"faces": {
				"south": {"uv": [5, 4, 13, 11], "rotation": 90, "texture": "#0", "cullface": "up"},
				"up": {"uv": [5, 4, 13, 11], "rotation": 90, "texture": "#0"}
			}
		},
		{
			"from": [5.32797, 6.29079, -5.1396],
			"to": [10.66867, 11.63149, 16.22322],
			"rotation": {"angle": 22.5, "axis": "x", "origin": [8.01757, 9.63474, 5.50643]},
			"faces": {
				"north": {"uv": [5, 4, 13, 11], "rotation": 180, "texture": "#0", "cullface": "north"},
				"south": {"uv": [5, 4, 13, 11], "rotation": 180, "texture": "#0", "cullface": "south"},
				"up": {"uv": [5, 4, 13, 11], "rotation": 180, "texture": "#0"},
				"down": {"uv": [5, 4, 13, 11], "rotation": 180, "texture": "#0", "cullface": "north"}
			}
		},
		{
			"from": [5.34768, 5.10745, -4.86828],
			"to": [10.68838, 10.44815, 16.49453],
			"rotation": {"angle": -22.5, "axis": "x", "origin": [7.97067, 5.96432, 7.76343]},
			"faces": {
				"north": {"uv": [5, 4, 13, 11], "rotation": 180, "texture": "#0", "cullface": "north"},
				"up": {"uv": [5, 4, 13, 11], "rotation": 180, "texture": "#0"}
			}
		},
		{
			"from": [5.34332, 4.66818, -4.23774],
			"to": [10.68402, 10.00889, 17.12507],
			"rotation": {"angle": -45, "axis": "x", "origin": [7.97067, 5.96432, 7.76343]},
			"faces": {
				"north": {"uv": [5, 4, 13, 11], "rotation": 180, "texture": "#0"},
				"up": {"uv": [5, 4, 13, 11], "rotation": 180, "texture": "#0", "cullface": "north"}
			}
		},
		{
			"from": [5.34056, -5.6211, 4.36743],
			"to": [10.68127, 15.74172, 9.70813],
			"rotation": {"angle": 22.5, "axis": "x", "origin": [7.97067, 5.96432, 7.76343]},
			"faces": {
				"north": {"uv": [5, 4, 13, 11], "rotation": 270, "texture": "#0"},
				"south": {"uv": [5, 4, 13, 11], "rotation": 270, "texture": "#0", "cullface": "down"},
				"up": {"uv": [5, 4, 13, 11], "rotation": 270, "texture": "#0", "cullface": "up"},
				"down": {"uv": [5, 4, 13, 11], "rotation": 270, "texture": "#0", "cullface": "down"}
			}
		},
		{
			"from": [10.66004, -6.09219, 6.49969],
			"to": [16.00075, 15.27063, 11.8404],
			"rotation": {"angle": -45, "axis": "x", "origin": [13.31138, 5.96432, 7.76343]},
			"faces": {
				"north": {"uv": [5, 4, 13, 11], "rotation": 270, "texture": "#0", "cullface": "down"},
				"east": {"uv": [5, 4, 13, 11], "rotation": 270, "texture": "#0", "cullface": "east"},
				"south": {"uv": [5, 4, 13, 11], "rotation": 270, "texture": "#0"},
				"down": {"uv": [5, 4, 13, 11], "rotation": 270, "texture": "#0"}
			}
		},
		{
			"from": [10.7013, 7.41639, -0.46797],
			"to": [16.042, 12.7571, 20.89485],
			"rotation": {"angle": -45, "axis": "x", "origin": [13.3909, 9.41315, 10.24882]},
			"faces": {
				"north": {"uv": [5, 4, 13, 11], "texture": "#0", "cullface": "east"},
				"east": {"uv": [5, 4, 13, 11], "texture": "#0", "cullface": "east"},
				"south": {"uv": [5, 4, 13, 11], "texture": "#0"},
				"up": {"uv": [5, 4, 13, 11], "texture": "#0", "cullface": "east"},
				"down": {"uv": [5, 4, 13, 11], "texture": "#0"}
			}
		},
		{
			"from": [10.67732, -0.33482, 2.98293],
			"to": [16.01802, 21.028, 8.32364],
			"rotation": {"angle": -45, "axis": "x", "origin": [13.36692, 10.38197, 6.32688]},
			"faces": {
				"north": {"uv": [5, 4, 13, 11], "rotation": 90, "texture": "#0", "cullface": "east"},
				"east": {"uv": [5, 4, 13, 11], "rotation": 90, "texture": "#0", "cullface": "east"},
				"south": {"uv": [5, 4, 13, 11], "rotation": 90, "texture": "#0"},
				"up": {"uv": [5, 4, 13, 11], "rotation": 90, "texture": "#0"},
				"down": {"uv": [5, 4, 13, 11], "rotation": 90, "texture": "#0"}
			}
		},
		{
			"from": [10.68402, 4.66818, -4.23774],
			"to": [16.02472, 10.00889, 17.12507],
			"rotation": {"angle": -45, "axis": "x", "origin": [13.31138, 5.96432, 7.76343]},
			"faces": {
				"north": {"uv": [5, 4, 13, 11], "rotation": 180, "texture": "#0"},
				"east": {"uv": [5, 4, 13, 11], "rotation": 180, "texture": "#0", "cullface": "east"},
				"up": {"uv": [5, 4, 13, 11], "rotation": 180, "texture": "#0", "cullface": "north"},
				"down": {"uv": [5, 4, 13, 11], "rotation": 180, "texture": "#0", "cullface": "east"}
			}
		},
		{
			"from": [-0.02137, -6.09219, 6.49969],
			"to": [5.31934, 15.27063, 11.8404],
			"rotation": {"angle": -45, "axis": "x", "origin": [2.62997, 5.96432, 7.76343]},
			"faces": {
				"north": {"uv": [5, 4, 13, 11], "rotation": 270, "texture": "#0"},
				"south": {"uv": [5, 4, 13, 11], "rotation": 270, "texture": "#0", "cullface": "west"},
				"west": {"uv": [5, 4, 13, 11], "rotation": 270, "texture": "#0", "cullface": "west"},
				"up": {"uv": [5, 4, 13, 11], "rotation": 270, "texture": "#0", "cullface": "west"},
				"down": {"uv": [5, 4, 13, 11], "rotation": 270, "texture": "#0"}
			}
		},
		{
			"from": [0.01989, 7.41639, -0.46797],
			"to": [5.3606, 12.7571, 20.89485],
			"rotation": {"angle": -45, "axis": "x", "origin": [2.70949, 9.41315, 10.24882]},
			"faces": {
				"south": {"uv": [5, 4, 13, 11], "texture": "#0"},
				"west": {"uv": [5, 4, 13, 11], "texture": "#0"},
				"down": {"uv": [5, 4, 13, 11], "texture": "#0"}
			}
		},
		{
			"from": [-0.00409, -0.33482, 2.98293],
			"to": [5.33662, 21.028, 8.32364],
			"rotation": {"angle": -45, "axis": "x", "origin": [2.68551, 10.38197, 6.32688]},
			"faces": {
				"south": {"uv": [5, 4, 13, 11], "rotation": 90, "texture": "#0"},
				"west": {"uv": [5, 4, 13, 11], "rotation": 90, "texture": "#0", "cullface": "west"},
				"up": {"uv": [5, 4, 13, 11], "rotation": 90, "texture": "#0"}
			}
		},
		{
			"from": [0.00261, 4.66818, -4.23774],
			"to": [5.34332, 10.00889, 17.12507],
			"rotation": {"angle": -45, "axis": "x", "origin": [2.62997, 5.96432, 7.76343]},
			"faces": {
				"north": {"uv": [5, 4, 13, 11], "rotation": 180, "texture": "#0"},
				"south": {"uv": [5, 4, 13, 11], "rotation": 180, "texture": "#0"},
				"west": {"uv": [5, 4, 13, 11], "rotation": 180, "texture": "#0"},
				"up": {"uv": [5, 4, 13, 11], "rotation": 180, "texture": "#0"},
				"down": {"uv": [5, 4, 13, 11], "rotation": 180, "texture": "#0"}
			}
		},
		{
			"from": [-5.44066, 6.36496, 5.13848],
			"to": [15.92216, 11.70567, 10.47918],
			"rotation": {"angle": -22.5, "axis": "z", "origin": [5.2136, 8.36318, 7.84052]},
			"faces": {
				"west": {"uv": [5, 4, 13, 11], "texture": "#0", "cullface": "west"},
				"down": {"uv": [5, 4, 13, 11], "texture": "#0"}
			}
		},
		{
			"from": [-5.0619, 7.41006, 5.14167],
			"to": [16.30091, 12.75076, 10.48237],
			"rotation": {"angle": -45, "axis": "z", "origin": [5.59235, 9.40827, 7.84371]},
			"faces": {
				"west": {"uv": [5, 4, 13, 11], "texture": "#0"},
				"down": {"uv": [5, 4, 13, 11], "texture": "#0", "cullface": "west"}
			}
		},
		{
			"from": [4.34207, -0.47979, 5.14498],
			"to": [9.68277, 20.88303, 10.48568],
			"rotation": {"angle": 22.5, "axis": "z", "origin": [6.34028, 10.22878, 7.84702]},
			"faces": {
				"east": {"uv": [5, 4, 13, 11], "rotation": 270, "texture": "#0", "cullface": "up"},
				"west": {"uv": [5, 4, 13, 11], "rotation": 270, "texture": "#0"},
				"up": {"uv": [5, 4, 13, 11], "rotation": 270, "texture": "#0", "cullface": "up"},
				"down": {"uv": [5, 4, 13, 11], "rotation": 270, "texture": "#0", "cullface": "down"}
			}
		},
		{
			"from": [6.21082, -0.57062, 5.14159],
			"to": [11.55152, 20.7922, 10.4823],
			"rotation": {"angle": -22.5, "axis": "z", "origin": [9.86221, 9.80562, 7.8497]},
			"faces": {
				"east": {"uv": [5, 4, 13, 11], "rotation": 270, "texture": "#0"},
				"west": {"uv": [5, 4, 13, 11], "rotation": 270, "texture": "#0", "cullface": "up"},
				"up": {"uv": [5, 4, 13, 11], "rotation": 270, "texture": "#0", "cullface": "up"},
				"down": {"uv": [5, 4, 13, 11], "rotation": 270, "texture": "#0", "cullface": "down"}
			}
		},
		{
			"from": [7.2163, -0.75738, 5.14478],
			"to": [12.557, 20.60543, 10.48548],
			"rotation": {"angle": -45, "axis": "z", "origin": [9.86221, 9.80562, 7.8497]},
			"faces": {
				"west": {"uv": [5, 4, 13, 11], "rotation": 270, "texture": "#0", "cullface": "up"},
				"up": {"uv": [5, 4, 13, 11], "rotation": 270, "texture": "#0"}
			}
		},
		{
			"from": [-0.48792, 6.11224, 5.14809],
			"to": [20.8749, 11.45294, 10.4888],
			"rotation": {"angle": 22.5, "axis": "z", "origin": [9.86221, 9.80562, 7.8497]},
			"faces": {
				"east": {"uv": [5, 4, 13, 11], "rotation": 180, "texture": "#0", "cullface": "east"},
				"west": {"uv": [5, 4, 13, 11], "rotation": 180, "texture": "#0", "cullface": "west"},
				"up": {"uv": [5, 4, 13, 11], "rotation": 180, "texture": "#0"},
				"down": {"uv": [5, 4, 13, 11], "rotation": 180, "texture": "#0", "cullface": "east"}
			}
		},
		{
			"from": [-0.62637, 5.11811, 5.1342],
			"to": [20.73644, 10.45881, 10.47491],
			"rotation": {"angle": -22.5, "axis": "z", "origin": [8.05247, 6.09666, 7.84067]},
			"faces": {
				"east": {"uv": [5, 4, 13, 11], "rotation": 180, "texture": "#0", "cullface": "east"},
				"up": {"uv": [5, 4, 13, 11], "rotation": 180, "texture": "#0"}
			}
		},
		{
			"from": [6.6639, -5.99935, 5.13739],
			"to": [12.00461, 15.36347, 10.47809],
			"rotation": {"angle": 45, "axis": "z", "origin": [8.05247, 6.09666, 7.84067]},
			"faces": {
				"east": {"uv": [5, 4, 13, 11], "rotation": 90, "texture": "#0", "cullface": "east"},
				"down": {"uv": [5, 4, 13, 11], "rotation": 90, "texture": "#0"}
			}
		},
		{
			"from": [6.06191, -5.61369, 5.1407],
			"to": [11.40262, 15.74912, 10.48141],
			"rotation": {"angle": 22.5, "axis": "z", "origin": [8.05247, 6.09666, 7.84067]},
			"faces": {
				"east": {"uv": [5, 4, 13, 11], "rotation": 90, "texture": "#0", "cullface": "down"},
				"west": {"uv": [5, 4, 13, 11], "rotation": 90, "texture": "#0", "cullface": "down"},
				"down": {"uv": [5, 4, 13, 11], "rotation": 90, "texture": "#0", "cullface": "down"}
			}
		},
		{
			"from": [4.65012, -5.63757, 5.13732],
			"to": [9.99082, 15.72525, 10.47802],
			"rotation": {"angle": -22.5, "axis": "z", "origin": [8.05247, 6.09666, 7.84067]},
			"faces": {
				"east": {"uv": [5, 4, 13, 11], "rotation": 90, "texture": "#0", "cullface": "down"},
				"down": {"uv": [5, 4, 13, 11], "rotation": 90, "texture": "#0", "cullface": "down"}
			}
		},
		{
			"from": [-4.09363, 4.74727, 5.14051],
			"to": [17.26918, 10.08797, 10.48121],
			"rotation": {"angle": 45, "axis": "z", "origin": [8.05247, 6.09666, 7.84067]},
			"faces": {
				"west": {"uv": [5, 4, 13, 11], "texture": "#0"},
				"down": {"uv": [5, 4, 13, 11], "texture": "#0", "cullface": "down"}
			}
		},
		{
			"from": [-4.70019, 5.13197, 5.14382],
			"to": [16.66262, 10.47267, 10.48452],
			"rotation": {"angle": 22.5, "axis": "z", "origin": [8.05247, 6.09666, 7.84067]},
			"faces": {
				"east": {"uv": [5, 4, 13, 11], "texture": "#0", "cullface": "east"},
				"west": {"uv": [5, 4, 13, 11], "texture": "#0", "cullface": "west"},
				"up": {"uv": [5, 4, 13, 11], "texture": "#0", "cullface": "west"},
				"down": {"uv": [5, 4, 13, 11], "texture": "#0"}
			}
		},
		{
			"from": [-5.0619, 7.41006, -0.19904],
			"to": [16.30091, 12.75076, 5.14166],
			"rotation": {"angle": -45, "axis": "z", "origin": [5.59235, 9.40827, 2.503]},
			"faces": {
				"north": {"uv": [5, 4, 13, 11], "texture": "#0"},
				"west": {"uv": [5, 4, 13, 11], "texture": "#0"},
				"up": {"uv": [5, 4, 13, 11], "texture": "#0"},
				"down": {"uv": [5, 4, 13, 11], "texture": "#0", "cullface": "west"}
			}
		},
		{
			"from": [7.2163, -0.75738, -0.19593],
			"to": [12.557, 20.60543, 5.14478],
			"rotation": {"angle": -45, "axis": "z", "origin": [9.86221, 9.80562, 2.50899]},
			"faces": {
				"north": {"uv": [5, 4, 13, 11], "rotation": 270, "texture": "#0"},
				"east": {"uv": [5, 4, 13, 11], "rotation": 270, "texture": "#0"},
				"west": {"uv": [5, 4, 13, 11], "rotation": 270, "texture": "#0", "cullface": "up"},
				"up": {"uv": [5, 4, 13, 11], "rotation": 270, "texture": "#0"}
			}
		},
		{
			"from": [6.6639, -5.99935, -0.20332],
			"to": [12.00461, 15.36347, 5.13739],
			"rotation": {"angle": 45, "axis": "z", "origin": [8.05247, 6.09666, 2.49996]},
			"faces": {
				"north": {"uv": [5, 4, 13, 11], "rotation": 90, "texture": "#0"},
				"east": {"uv": [5, 4, 13, 11], "rotation": 90, "texture": "#0"},
				"west": {"uv": [5, 4, 13, 11], "rotation": 90, "texture": "#0"},
				"up": {"uv": [5, 4, 13, 11], "rotation": 90, "texture": "#0"},
				"down": {"uv": [5, 4, 13, 11], "rotation": 90, "texture": "#0"}
			}
		},
		{
			"from": [-4.09363, 4.74727, -0.2002],
			"to": [17.26918, 10.08797, 5.1405],
			"rotation": {"angle": 45, "axis": "z", "origin": [8.05247, 6.09666, 2.49996]},
			"faces": {
				"north": {"uv": [5, 4, 13, 11], "texture": "#0"},
				"east": {"uv": [5, 4, 13, 11], "texture": "#0"},
				"west": {"uv": [5, 4, 13, 11], "texture": "#0"},
				"up": {"uv": [5, 4, 13, 11], "texture": "#0"},
				"down": {"uv": [5, 4, 13, 11], "texture": "#0"}
			}
		},
		{
			"from": [-5.0619, 7.41006, 10.48237],
			"to": [16.30091, 12.75076, 15.82307],
			"rotation": {"angle": -45, "axis": "z", "origin": [5.59235, 9.40827, 13.18442]},
			"faces": {
				"east": {"uv": [5, 4, 13, 11], "texture": "#0"},
				"south": {"uv": [5, 4, 13, 11], "texture": "#0"},
				"west": {"uv": [5, 4, 13, 11], "texture": "#0"},
				"up": {"uv": [5, 4, 13, 11], "texture": "#0"},
				"down": {"uv": [5, 4, 13, 11], "texture": "#0"}
			}
		},
		{
			"from": [7.2163, -0.75738, 10.48548],
			"to": [12.557, 20.60543, 15.82619],
			"rotation": {"angle": -45, "axis": "z", "origin": [9.86221, 9.80562, 13.1904]},
			"faces": {
				"east": {"uv": [5, 4, 13, 11], "rotation": 270, "texture": "#0"},
				"south": {"uv": [5, 4, 13, 11], "rotation": 270, "texture": "#0"},
				"west": {"uv": [5, 4, 13, 11], "rotation": 270, "texture": "#0"},
				"up": {"uv": [5, 4, 13, 11], "rotation": 270, "texture": "#0"},
				"down": {"uv": [5, 4, 13, 11], "rotation": 270, "texture": "#0"}
			}
		},
		{
			"from": [6.6639, -5.99935, 10.47809],
			"to": [12.00461, 15.36347, 15.8188],
			"rotation": {"angle": 45, "axis": "z", "origin": [8.05247, 6.09666, 13.18137]},
			"faces": {
				"east": {"uv": [5, 4, 13, 11], "rotation": 90, "texture": "#0"},
				"south": {"uv": [5, 4, 13, 11], "rotation": 90, "texture": "#0"},
				"down": {"uv": [5, 4, 13, 11], "rotation": 90, "texture": "#0"}
			}
		},
		{
			"from": [-4.09363, 4.74727, 10.48121],
			"to": [17.26918, 10.08797, 15.82191],
			"rotation": {"angle": 45, "axis": "z", "origin": [8.05247, 6.09666, 13.18137]},
			"faces": {
				"south": {"uv": [5, 4, 13, 11], "texture": "#0"},
				"west": {"uv": [5, 4, 13, 11], "texture": "#0"},
				"down": {"uv": [5, 4, 13, 11], "texture": "#0"}
			}
		},
		{
			"from": [-4.5615, 10.5924, 7.09423],
			"to": [16.80131, 15.9331, 12.43493],
			"rotation": {"angle": 45, "axis": "y", "origin": [6.08453, 12.58915, 9.78383]},
			"faces": {
				"south": {"uv": [5, 4, 13, 11], "texture": "#0", "cullface": "south"},
				"west": {"uv": [5, 4, 13, 11], "texture": "#0"},
				"up": {"uv": [5, 4, 13, 11], "texture": "#0"}
			}
		},
		{
			"from": [7.31905, 10.60991, -0.97205],
			"to": [12.65976, 15.95061, 20.39076],
			"rotation": {"angle": 45, "axis": "y", "origin": [10.00865, 12.60666, 9.74473]},
			"faces": {
				"east": {"uv": [5, 4, 13, 11], "texture": "#0", "cullface": "east"},
				"south": {"uv": [5, 4, 13, 11], "texture": "#0"},
				"west": {"uv": [5, 4, 13, 11], "texture": "#0"},
				"up": {"uv": [5, 4, 13, 11], "texture": "#0"}
			}
		},
		{
			"from": [-1.00479, 10.61143, 4.64913],
			"to": [20.35803, 15.95213, 9.98983],
			"rotation": {"angle": 45, "axis": "y", "origin": [8.05146, 12.61948, 6.23963]},
			"faces": {
				"north": {"uv": [5, 4, 13, 11], "texture": "#0"},
				"east": {"uv": [5, 4, 13, 11], "texture": "#0"},
				"south": {"uv": [5, 4, 13, 11], "texture": "#0"},
				"west": {"uv": [5, 4, 13, 11], "texture": "#0"},
				"up": {"uv": [5, 4, 13, 11], "texture": "#0"}
			}
		},
		{
			"from": [4.25847, 10.62894, -6.09293],
			"to": [9.59918, 15.96964, 15.26989],
			"rotation": {"angle": 45, "axis": "y", "origin": [8.05146, 12.61948, 6.23963]},
			"faces": {
				"north": {"uv": [5, 4, 13, 11], "texture": "#0"},
				"east": {"uv": [5, 4, 13, 11], "texture": "#0"},
				"south": {"uv": [5, 4, 13, 11], "texture": "#0"},
				"west": {"uv": [5, 4, 13, 11], "texture": "#0"},
				"up": {"uv": [5, 4, 13, 11], "texture": "#0"}
			}
		},
		{
			"from": [-4.5615, -0.08901, 7.09423],
			"to": [16.80131, 5.2517, 12.43493],
			"rotation": {"angle": 45, "axis": "y", "origin": [6.08453, 1.90775, 9.78383]},
			"faces": {
				"north": {"uv": [5, 4, 13, 11], "texture": "#0", "cullface": "down"},
				"east": {"uv": [5, 4, 13, 11], "texture": "#0", "cullface": "down"},
				"south": {"uv": [5, 4, 13, 11], "texture": "#0"},
				"west": {"uv": [5, 4, 13, 11], "texture": "#0"},
				"down": {"uv": [5, 4, 13, 11], "texture": "#0", "cullface": "down"}
			}
		},
		{
			"from": [7.31905, -0.0715, -0.97205],
			"to": [12.65976, 5.2692, 20.39076],
			"rotation": {"angle": 45, "axis": "y", "origin": [10.00865, 1.92525, 9.74473]},
			"faces": {
				"north": {"uv": [5, 4, 13, 11], "texture": "#0", "cullface": "down"},
				"east": {"uv": [5, 4, 13, 11], "texture": "#0"},
				"south": {"uv": [5, 4, 13, 11], "texture": "#0"},
				"west": {"uv": [5, 4, 13, 11], "texture": "#0", "cullface": "down"},
				"down": {"uv": [5, 4, 13, 11], "texture": "#0", "cullface": "down"}
			}
		},
		{
			"from": [-1.00479, -0.06998, 4.64913],
			"to": [20.35803, 5.27073, 9.98983],
			"rotation": {"angle": 45, "axis": "y", "origin": [8.05146, 1.93808, 6.23963]},
			"faces": {
				"north": {"uv": [5, 4, 13, 11], "texture": "#0"},
				"east": {"uv": [5, 4, 13, 11], "texture": "#0"},
				"south": {"uv": [5, 4, 13, 11], "texture": "#0", "cullface": "down"},
				"down": {"uv": [5, 4, 13, 11], "texture": "#0", "cullface": "down"}
			}
		},
		{
			"from": [4.25847, -0.05247, -6.09293],
			"to": [9.59918, 5.28823, 15.26989],
			"rotation": {"angle": 45, "axis": "y", "origin": [8.05146, 1.93808, 6.23963]},
			"faces": {
				"north": {"uv": [5, 4, 13, 11], "texture": "#0"},
				"west": {"uv": [5, 4, 13, 11], "texture": "#0"},
				"down": {"uv": [5, 4, 13, 11], "texture": "#0", "cullface": "down"}
			}
		},
		{
			"from": [-5.17166, 5.2522, 6.19797],
			"to": [16.19115, 10.5929, 11.53868],
			"rotation": {"angle": 22.5, "axis": "y", "origin": [5.47436, 7.24895, 8.88757]},
			"faces": {
				"north": {"uv": [5, 4, 13, 11], "texture": "#0", "cullface": "west"},
				"east": {"uv": [5, 4, 13, 11], "texture": "#0", "cullface": "east"},
				"south": {"uv": [5, 4, 13, 11], "texture": "#0"},
				"west": {"uv": [5, 4, 13, 11], "texture": "#0", "cullface": "west"}
			}
		},
		{
			"from": [-4.5615, 5.2517, 7.09423],
			"to": [16.80131, 10.5924, 12.43493],
			"rotation": {"angle": 45, "axis": "y", "origin": [6.08453, 7.24845, 9.78383]},
			"faces": {
				"south": {"uv": [5, 4, 13, 11], "texture": "#0", "cullface": "south"},
				"west": {"uv": [5, 4, 13, 11], "texture": "#0"}
			}
		},
		{
			"from": [4.30162, 5.25224, -0.33843],
			"to": [9.64233, 10.59294, 21.02438],
			"rotation": {"angle": -22.5, "axis": "y", "origin": [6.99122, 7.24899, 10.37836]},
			"faces": {
				"east": {"uv": [5, 4, 13, 11], "texture": "#0"},
				"south": {"uv": [5, 4, 13, 11], "texture": "#0", "cullface": "south"}
			}
		},
		{
			"from": [6.42835, 5.25598, -0.35687],
			"to": [11.76905, 10.59669, 21.00595],
			"rotation": {"angle": 22.5, "axis": "y", "origin": [9.11795, 7.25274, 10.35992]},
			"faces": {
				"north": {"uv": [5, 4, 13, 11], "texture": "#0", "cullface": "north"},
				"east": {"uv": [5, 4, 13, 11], "texture": "#0"},
				"south": {"uv": [5, 4, 13, 11], "texture": "#0", "cullface": "south"},
				"west": {"uv": [5, 4, 13, 11], "texture": "#0", "cullface": "south"}
			}
		},
		{
			"from": [7.31905, 5.2692, -0.97205],
			"to": [12.65976, 10.60991, 20.39076],
			"rotation": {"angle": 45, "axis": "y", "origin": [10.00865, 7.26596, 9.74473]},
			"faces": {
				"east": {"uv": [5, 4, 13, 11], "texture": "#0", "cullface": "east"},
				"south": {"uv": [5, 4, 13, 11], "texture": "#0"}
			}
		},
		{
			"from": [-0.11364, 5.27182, 6.18696],
			"to": [21.24918, 10.61253, 11.52767],
			"rotation": {"angle": -22.5, "axis": "y", "origin": [10.60315, 7.26858, 8.83807]},
			"faces": {
				"north": {"uv": [5, 4, 13, 11], "texture": "#0"},
				"east": {"uv": [5, 4, 13, 11], "texture": "#0", "cullface": "east"}
			}
		},
		{
			"from": [-0.50458, 5.27123, 4.99446],
			"to": [20.85824, 10.61193, 10.33517],
			"rotation": {"angle": 22.5, "axis": "y", "origin": [8.05146, 7.27878, 6.23963]},
			"faces": {
				"north": {"uv": [5, 4, 13, 11], "texture": "#0"},
				"east": {"uv": [5, 4, 13, 11], "texture": "#0", "cullface": "east"},
				"south": {"uv": [5, 4, 13, 11], "texture": "#0", "cullface": "east"},
				"west": {"uv": [5, 4, 13, 11], "texture": "#0", "cullface": "west"}
			}
		},
		{
			"from": [-1.00479, 5.27073, 4.64913],
			"to": [20.35803, 10.61143, 9.98983],
			"rotation": {"angle": 45, "axis": "y", "origin": [8.05146, 7.27878, 6.23963]},
			"faces": {
				"north": {"uv": [5, 4, 13, 11], "texture": "#0", "cullface": "north"},
				"east": {"uv": [5, 4, 13, 11], "texture": "#0"}
			}
		},
		{
			"from": [5.95049, 5.27127, -5.73696],
			"to": [11.29119, 10.61197, 15.62585],
			"rotation": {"angle": -22.5, "axis": "y", "origin": [8.05146, 7.27878, 6.23963]},
			"faces": {
				"north": {"uv": [5, 4, 13, 11], "texture": "#0", "cullface": "north"},
				"west": {"uv": [5, 4, 13, 11], "texture": "#0", "cullface": "north"}
			}
		},
		{
			"from": [4.75831, 5.27501, -5.75507],
			"to": [10.09902, 10.61572, 15.60774],
			"rotation": {"angle": 22.5, "axis": "y", "origin": [8.05146, 7.27878, 6.23963]},
			"faces": {
				"north": {"uv": [5, 4, 13, 11], "texture": "#0", "cullface": "north"},
				"east": {"uv": [5, 4, 13, 11], "texture": "#0", "cullface": "north"},
				"south": {"uv": [5, 4, 13, 11], "texture": "#0", "cullface": "south"},
				"west": {"uv": [5, 4, 13, 11], "texture": "#0"}
			}
		},
		{
			"from": [4.25847, 5.28823, -6.09293],
			"to": [9.59918, 10.62894, 15.26989],
			"rotation": {"angle": 45, "axis": "y", "origin": [8.05146, 7.27878, 6.23963]},
			"faces": {
				"north": {"uv": [5, 4, 13, 11], "texture": "#0"},
				"west": {"uv": [5, 4, 13, 11], "texture": "#0", "cullface": "west"}
			}
		},
		{
			"from": [-4.79198, 5.29085, 5.02474],
			"to": [16.57084, 10.63156, 10.36544],
			"rotation": {"angle": -22.5, "axis": "y", "origin": [8.05146, 7.27878, 6.23963]},
			"faces": {
				"south": {"uv": [5, 4, 13, 11], "texture": "#0"},
				"west": {"uv": [5, 4, 13, 11], "texture": "#0", "cullface": "west"}
			}
		},
		{
			"from": [0.0897, 5.27268, 5.12208],
			"to": [21.45252, 10.61339, 10.46278],
			"rotation": {"angle": 0, "axis": "y", "origin": [8.05146, 7.27878, 6.23963]},
			"faces": {
				"north": {"uv": [5, 4, 13, 11], "texture": "#0", "cullface": "east"},
				"east": {"uv": [5, 4, 13, 11], "texture": "#0", "cullface": "east"},
				"up": {"uv": [5, 4, 13, 11], "texture": "#0", "cullface": "east"},
				"down": {"uv": [5, 4, 13, 11], "texture": "#0", "cullface": "east"}
			}
		},
		{
			"from": [5.36682, 5.25374, -0.13613],
			"to": [10.70752, 10.59445, 21.22668],
			"rotation": {"angle": 0, "axis": "y", "origin": [8.05642, 7.2505, 10.58065]},
			"faces": {
				"east": {"uv": [5, 4, 13, 11], "texture": "#0", "cullface": "south"},
				"south": {"uv": [5, 4, 13, 11], "texture": "#0", "cullface": "south"},
				"down": {"uv": [5, 4, 13, 11], "texture": "#0", "cullface": "south"}
			}
		},
		{
			"from": [-5.39239, 5.25365, 5.13645],
			"to": [15.97042, 10.59436, 10.47716],
			"rotation": {"angle": 0, "axis": "y", "origin": [5.26186, 7.25187, 7.8385]},
			"faces": {
				"south": {"uv": [5, 4, 13, 11], "texture": "#0", "cullface": "west"},
				"west": {"uv": [5, 4, 13, 11], "texture": "#0", "cullface": "west"}
			}
		},
		{
			"from": [5.3526, 5.27277, -5.62745],
			"to": [10.6933, 10.61348, 15.73537],
			"rotation": {"angle": 0, "axis": "y", "origin": [8.05146, 7.27878, 6.23963]},
			"faces": {
				"north": {"uv": [5, 4, 13, 11], "texture": "#0", "cullface": "north"},
				"west": {"uv": [5, 4, 13, 11], "texture": "#0", "cullface": "north"},
				"up": {"uv": [5, 4, 13, 11], "texture": "#0", "cullface": "north"},
				"down": {"uv": [5, 4, 13, 11], "texture": "#0", "cullface": "north"}
			}
		},
		{
			"from": [5.35251, -0.00907, 5.141],
			"to": [10.69321, 21.35374, 10.48171],
			"rotation": {"angle": 0, "axis": "x", "origin": [8.04211, 10.70772, 8.48495]},
			"faces": {
				"east": {"uv": [5, 4, 13, 11], "rotation": 90, "texture": "#0", "cullface": "up"},
				"south": {"uv": [5, 4, 13, 11], "rotation": 90, "texture": "#0", "cullface": "up"},
				"west": {"uv": [5, 4, 13, 11], "rotation": 90, "texture": "#0", "cullface": "up"},
				"up": {"uv": [5, 4, 13, 11], "rotation": 90, "texture": "#0", "cullface": "up"}
			}
		},
		{
			"from": [5.33523, -5.48649, 5.12428],
			"to": [10.67593, 15.87633, 10.46499],
			"rotation": {"angle": 0, "axis": "x", "origin": [7.97067, 5.96432, 7.76343]},
			"faces": {
				"north": {"uv": [5, 4, 13, 11], "rotation": 270, "texture": "#0", "cullface": "down"},
				"east": {"uv": [5, 4, 13, 11], "rotation": 270, "texture": "#0", "cullface": "down"},
				"west": {"uv": [5, 4, 13, 11], "rotation": 270, "texture": "#0", "cullface": "down"},
				"down": {"uv": [5, 4, 13, 11], "rotation": 270, "texture": "#0", "cullface": "down"}
			}
		},
		{
			"from": [6.42835, 10.59669, -0.35687],
			"to": [11.76905, 15.93739, 21.00595],
			"rotation": {"angle": 22.5, "axis": "y", "origin": [9.11795, 12.59344, 10.35992]},
			"faces": {
				"north": {"uv": [5, 11, 15, 15], "texture": "#0", "cullface": "north"},
				"east": {"uv": [5, 11, 15, 15], "texture": "#0"},
				"south": {"uv": [5, 11, 15, 15], "texture": "#0", "cullface": "south"},
				"west": {"uv": [5, 11, 15, 15], "texture": "#0", "cullface": "south"},
				"up": {"uv": [5, 11, 15, 15], "texture": "#0"}
			}
		},
		{
			"from": [10.70566, 6.36831, -0.08793],
			"to": [16.04636, 11.70902, 21.27489],
			"rotation": {"angle": -22.5, "axis": "x", "origin": [13.39526, 8.36507, 10.62886]},
			"faces": {
				"north": {"uv": [5, 11, 15, 15], "texture": "#0", "cullface": "east"},
				"east": {"uv": [5, 11, 15, 15], "texture": "#0", "cullface": "east"},
				"south": {"uv": [6, 2, 16, 6], "texture": "#0", "cullface": "south"},
				"up": {"uv": [5, 11, 15, 15], "texture": "#0", "cullface": "east"},
				"down": {"uv": [5, 11, 15, 15], "texture": "#0"}
			}
		},
		{
			"from": [-0.11364, 10.61253, 6.18696],
			"to": [21.24918, 15.95323, 11.52767],
			"rotation": {"angle": -22.5, "axis": "y", "origin": [10.60315, 12.60928, 8.83807]},
			"faces": {
				"north": {"uv": [5, 11, 15, 15], "texture": "#0"},
				"east": {"uv": [5, 11, 15, 15], "texture": "#0", "cullface": "east"},
				"south": {"uv": [5, 11, 15, 15], "texture": "#0"},
				"up": {"uv": [5, 11, 15, 15], "texture": "#0"}
			}
		},
		{
			"from": [-0.48792, 6.11224, 10.4888],
			"to": [20.8749, 11.45294, 15.8295],
			"rotation": {"angle": 22.5, "axis": "z", "origin": [9.86221, 9.80562, 13.1904]},
			"faces": {
				"east": {"uv": [5, 11, 15, 15], "rotation": 180, "texture": "#0", "cullface": "east"},
				"south": {"uv": [5, 11, 15, 15], "rotation": 180, "texture": "#0"},
				"west": {"uv": [5, 11, 15, 15], "rotation": 180, "texture": "#0"},
				"up": {"uv": [5, 11, 15, 15], "rotation": 180, "texture": "#0"},
				"down": {"uv": [5, 11, 15, 15], "rotation": 180, "texture": "#0"}
			}
		},
		{
			"from": [-0.50458, 10.61193, 4.99446],
			"to": [20.85824, 15.95264, 10.33517],
			"rotation": {"angle": 22.5, "axis": "y", "origin": [8.05146, 12.61948, 6.23963]},
			"faces": {
				"north": {"uv": [5, 11, 15, 15], "texture": "#0"},
				"east": {"uv": [5, 11, 15, 15], "texture": "#0", "cullface": "east"},
				"south": {"uv": [5, 11, 15, 15], "texture": "#0"},
				"west": {"uv": [5, 11, 15, 15], "texture": "#0"},
				"up": {"uv": [5, 11, 15, 15], "texture": "#0"}
			}
		},
		{
			"from": [-0.48792, 6.11224, -0.19261],
			"to": [20.8749, 11.45294, 5.14809],
			"rotation": {"angle": 22.5, "axis": "z", "origin": [9.86221, 9.80562, 2.50899]},
			"faces": {
				"north": {"uv": [5, 11, 15, 15], "rotation": 180, "texture": "#0"},
				"east": {"uv": [5, 11, 15, 15], "rotation": 180, "texture": "#0", "cullface": "east"},
				"west": {"uv": [5, 11, 15, 15], "rotation": 180, "texture": "#0", "cullface": "west"},
				"up": {"uv": [5, 11, 15, 15], "rotation": 180, "texture": "#0"},
				"down": {"uv": [5, 11, 15, 15], "rotation": 180, "texture": "#0", "cullface": "east"}
			}
		},
		{
			"from": [5.95049, 10.61197, -5.73696],
			"to": [11.29119, 15.95268, 15.62585],
			"rotation": {"angle": -22.5, "axis": "y", "origin": [8.05146, 12.61948, 6.23963]},
			"faces": {
				"north": {"uv": [6, 6, 16, 10], "texture": "#0", "cullface": "north"},
				"east": {"uv": [5, 11, 15, 15], "texture": "#0"},
				"south": {"uv": [5, 11, 15, 15], "texture": "#0"},
				"west": {"uv": [5, 11, 15, 15], "texture": "#0"},
				"up": {"uv": [5, 11, 15, 15], "texture": "#0"}
			}
		},
		{
			"from": [10.66867, 6.29079, -5.1396],
			"to": [16.00937, 11.63149, 16.22322],
			"rotation": {"angle": 22.5, "axis": "x", "origin": [13.35827, 9.63474, 5.50643]},
			"faces": {
				"north": {"uv": [0, 12, 10, 16], "rotation": 180, "texture": "#0", "cullface": "north"},
				"east": {"uv": [5, 11, 15, 15], "rotation": 180, "texture": "#0", "cullface": "east"},
				"south": {"uv": [5, 11, 15, 15], "rotation": 180, "texture": "#0"},
				"up": {"uv": [5, 11, 15, 15], "rotation": 180, "texture": "#0"},
				"down": {"uv": [5, 11, 15, 15], "rotation": 180, "texture": "#0"}
			}
		},
		{
			"from": [4.75831, 10.61572, -5.75507],
			"to": [10.09902, 15.95642, 15.60774],
			"rotation": {"angle": 22.5, "axis": "y", "origin": [8.05146, 12.61948, 6.23963]},
			"faces": {
				"north": {"uv": [5, 11, 15, 15], "texture": "#0", "cullface": "north"},
				"east": {"uv": [5, 11, 15, 15], "texture": "#0"},
				"south": {"uv": [5, 11, 15, 15], "texture": "#0"},
				"west": {"uv": [5, 11, 15, 15], "texture": "#0"},
				"up": {"uv": [5, 11, 15, 15], "texture": "#0"}
			}
		},
		{
			"from": [-0.01274, 6.29079, -5.1396],
			"to": [5.32797, 11.63149, 16.22322],
			"rotation": {"angle": 22.5, "axis": "x", "origin": [2.67686, 9.63474, 5.50643]},
			"faces": {
				"north": {"uv": [3, 4, 13, 8], "rotation": 180, "texture": "#0", "cullface": "north"},
				"south": {"uv": [5, 11, 15, 15], "rotation": 180, "texture": "#0", "cullface": "south"},
				"west": {"uv": [5, 11, 15, 15], "rotation": 180, "texture": "#0", "cullface": "west"},
				"up": {"uv": [5, 11, 15, 15], "rotation": 180, "texture": "#0"},
				"down": {"uv": [5, 11, 15, 15], "rotation": 180, "texture": "#0", "cullface": "north"}
			}
		},
		{
			"from": [-4.79198, 10.63156, 5.02474],
			"to": [16.57084, 15.97226, 10.36544],
			"rotation": {"angle": -22.5, "axis": "y", "origin": [8.05146, 12.61948, 6.23963]},
			"faces": {
				"north": {"uv": [5, 11, 15, 15], "texture": "#0"},
				"east": {"uv": [5, 11, 15, 15], "texture": "#0"},
				"south": {"uv": [6, 4, 16, 8], "texture": "#0"},
				"west": {"uv": [5, 11, 15, 15], "texture": "#0", "cullface": "west"},
				"up": {"uv": [5, 11, 15, 15], "texture": "#0"}
			}
		},
		{
			"from": [-5.44066, 6.36496, -0.20223],
			"to": [15.92216, 11.70567, 5.13847],
			"rotation": {"angle": -22.5, "axis": "z", "origin": [5.2136, 8.36318, 2.49982]},
			"faces": {
				"north": {"uv": [5, 11, 15, 15], "texture": "#0"},
				"west": {"uv": [5, 11, 15, 15], "texture": "#0", "cullface": "west"},
				"up": {"uv": [5, 11, 15, 15], "texture": "#0"},
				"down": {"uv": [5, 11, 15, 15], "texture": "#0"}
			}
		},
		{
			"from": [-5.17166, 10.5929, 6.19797],
			"to": [16.19115, 15.93361, 11.53868],
			"rotation": {"angle": 22.5, "axis": "y", "origin": [5.47436, 12.58966, 8.88757]},
			"faces": {
				"north": {"uv": [5, 11, 15, 15], "texture": "#0", "cullface": "west"},
				"east": {"uv": [5, 11, 15, 15], "texture": "#0", "cullface": "east"},
				"south": {"uv": [5, 11, 15, 15], "texture": "#0"},
				"west": {"uv": [6, 2, 16, 6], "texture": "#0", "cullface": "west"},
				"up": {"uv": [5, 11, 15, 15], "texture": "#0"}
			}
		},
		{
			"from": [-5.44066, 6.36496, 10.47918],
			"to": [15.92216, 11.70567, 15.81989],
			"rotation": {"angle": -22.5, "axis": "z", "origin": [5.2136, 8.36318, 13.18123]},
			"faces": {
				"east": {"uv": [5, 11, 15, 15], "texture": "#0"},
				"south": {"uv": [5, 11, 15, 15], "texture": "#0"},
				"west": {"uv": [0, 5, 10, 9], "texture": "#0", "cullface": "west"},
				"up": {"uv": [5, 11, 15, 15], "texture": "#0"},
				"down": {"uv": [5, 11, 15, 15], "texture": "#0"}
			}
		},
		{
			"from": [0.02425, 6.36831, -0.08793],
			"to": [5.36496, 11.70902, 21.27489],
			"rotation": {"angle": -22.5, "axis": "x", "origin": [2.71385, 8.36507, 10.62886]},
			"faces": {
				"south": {"uv": [3, 4, 13, 8], "texture": "#0", "cullface": "south"},
				"west": {"uv": [5, 11, 15, 15], "texture": "#0"},
				"down": {"uv": [5, 11, 15, 15], "texture": "#0"}
			}
		},
		{
			"from": [4.30162, 10.59294, -0.33843],
			"to": [9.64233, 15.93365, 21.02438],
			"rotation": {"angle": -22.5, "axis": "y", "origin": [6.99122, 12.5897, 10.37836]},
			"faces": {
				"east": {"uv": [5, 11, 15, 15], "texture": "#0"},
				"south": {"uv": [5, 6, 15, 10], "texture": "#0", "cullface": "south"},
				"west": {"uv": [5, 11, 15, 15], "texture": "#0"},
				"up": {"uv": [5, 11, 15, 15], "texture": "#0"}
			}
		},
		{
			"from": [10.65139, 5.10935, -0.89769],
			"to": [15.9921, 10.45005, 20.46513],
			"rotation": {"angle": 22.5, "axis": "x", "origin": [13.31138, 5.96432, 7.76343]},
			"faces": {
				"north": {"uv": [5, 11, 15, 15], "texture": "#0", "cullface": "north"},
				"east": {"uv": [5, 11, 15, 15], "texture": "#0"},
				"south": {"uv": [6, 6, 16, 10], "texture": "#0", "cullface": "south"},
				"up": {"uv": [5, 11, 15, 15], "texture": "#0", "cullface": "south"},
				"down": {"uv": [5, 11, 15, 15], "texture": "#0"}
			}
		},
		{
			"from": [6.42835, -0.08472, -0.35687],
			"to": [11.76905, 5.25598, 21.00595],
			"rotation": {"angle": 22.5, "axis": "y", "origin": [9.11795, 1.91203, 10.35992]},
			"faces": {
				"north": {"uv": [5, 11, 15, 15], "texture": "#0"},
				"east": {"uv": [5, 11, 15, 15], "texture": "#0"},
				"south": {"uv": [6, 4, 16, 8], "texture": "#0", "cullface": "south"},
				"west": {"uv": [5, 11, 15, 15], "texture": "#0"},
				"down": {"uv": [5, 11, 15, 15], "texture": "#0", "cullface": "down"}
			}
		},
		{
			"from": [-0.03002, 5.10935, -0.89769],
			"to": [5.31069, 10.45005, 20.46513],
			"rotation": {"angle": 22.5, "axis": "x", "origin": [2.62997, 5.96432, 7.76343]},
			"faces": {
				"north": {"uv": [5, 11, 15, 15], "texture": "#0"},
				"south": {"uv": [0, 0, 10, 4], "texture": "#0", "cullface": "south"},
				"west": {"uv": [5, 11, 15, 15], "texture": "#0", "cullface": "west"},
				"up": {"uv": [5, 11, 15, 15], "texture": "#0"},
				"down": {"uv": [5, 11, 15, 15], "texture": "#0"}
			}
		},
		{
			"from": [4.30162, -0.08847, -0.33843],
			"to": [9.64233, 5.25224, 21.02438],
			"rotation": {"angle": -22.5, "axis": "y", "origin": [6.99122, 1.90829, 10.37836]},
			"faces": {
				"north": {"uv": [5, 11, 15, 15], "texture": "#0", "cullface": "down"},
				"east": {"uv": [5, 11, 15, 15], "texture": "#0"},
				"south": {"uv": [0, 0, 10, 4], "texture": "#0", "cullface": "south"},
				"west": {"uv": [5, 11, 15, 15], "texture": "#0", "cullface": "down"},
				"down": {"uv": [5, 11, 15, 15], "texture": "#0", "cullface": "down"}
			}
		},
		{
			"from": [-4.70019, 5.13197, 10.48452],
			"to": [16.66262, 10.47267, 15.82523],
			"rotation": {"angle": 22.5, "axis": "z", "origin": [8.05247, 6.09666, 13.18137]},
			"faces": {
				"east": {"uv": [5, 11, 15, 15], "texture": "#0", "cullface": "east"},
				"south": {"uv": [5, 11, 15, 15], "texture": "#0"},
				"west": {"uv": [5, 11, 15, 15], "texture": "#0", "cullface": "west"},
				"up": {"uv": [5, 11, 15, 15], "texture": "#0", "cullface": "west"},
				"down": {"uv": [5, 11, 15, 15], "texture": "#0"}
			}
		},
		{
			"from": [-5.17166, -0.08851, 6.19797],
			"to": [16.19115, 5.2522, 11.53868],
			"rotation": {"angle": 22.5, "axis": "y", "origin": [5.47436, 1.90825, 8.88757]},
			"faces": {
				"north": {"uv": [5, 11, 15, 15], "texture": "#0"},
				"east": {"uv": [5, 11, 15, 15], "texture": "#0"},
				"south": {"uv": [5, 11, 15, 15], "texture": "#0"},
				"west": {"uv": [4, 6, 14, 10], "texture": "#0", "cullface": "west"},
				"down": {"uv": [5, 11, 15, 15], "texture": "#0", "cullface": "down"}
			}
		},
		{
			"from": [-4.70019, 5.13197, -0.19689],
			"to": [16.66262, 10.47267, 5.14382],
			"rotation": {"angle": 22.5, "axis": "z", "origin": [8.05247, 6.09666, 2.49996]},
			"faces": {
				"north": {"uv": [5, 11, 15, 15], "texture": "#0"},
				"east": {"uv": [5, 11, 15, 15], "texture": "#0"},
				"west": {"uv": [5, 11, 15, 15], "texture": "#0", "cullface": "west"},
				"up": {"uv": [5, 11, 15, 15], "texture": "#0"},
				"down": {"uv": [5, 11, 15, 15], "texture": "#0"}
			}
		},
		{
			"from": [-4.79198, -0.04985, 5.02474],
			"to": [16.57084, 5.29085, 10.36544],
			"rotation": {"angle": -22.5, "axis": "y", "origin": [8.05146, 1.93808, 6.23963]},
			"faces": {
				"south": {"uv": [5, 11, 15, 15], "texture": "#0"},
				"west": {"uv": [5, 11, 15, 15], "texture": "#0", "cullface": "west"},
				"down": {"uv": [5, 11, 15, 15], "texture": "#0", "cullface": "down"}
			}
		},
		{
			"from": [0.00697, 5.10745, -4.86828],
			"to": [5.34768, 10.44815, 16.49453],
			"rotation": {"angle": -22.5, "axis": "x", "origin": [2.62997, 5.96432, 7.76343]},
			"faces": {
				"north": {"uv": [3, 3, 13, 7], "rotation": 180, "texture": "#0", "cullface": "north"},
				"south": {"uv": [5, 11, 15, 15], "rotation": 180, "texture": "#0"},
				"west": {"uv": [1, 6, 11, 10], "rotation": 180, "texture": "#0"},
				"up": {"uv": [5, 11, 15, 15], "rotation": 180, "texture": "#0"},
				"down": {"uv": [5, 11, 15, 15], "rotation": 180, "texture": "#0"}
			}
		},
		{
			"from": [4.75831, -0.06569, -5.75507],
			"to": [10.09902, 5.27501, 15.60774],
			"rotation": {"angle": 22.5, "axis": "y", "origin": [8.05146, 1.93808, 6.23963]},
			"faces": {
				"north": {"uv": [6, 2, 16, 6], "texture": "#0", "cullface": "north"},
				"east": {"uv": [5, 11, 15, 15], "texture": "#0", "cullface": "north"},
				"south": {"uv": [5, 11, 15, 15], "texture": "#0", "cullface": "south"},
				"west": {"uv": [5, 11, 15, 15], "texture": "#0"},
				"down": {"uv": [5, 11, 15, 15], "texture": "#0", "cullface": "down"}
			}
		},
		{
			"from": [10.68838, 5.10745, -4.86828],
			"to": [16.02908, 10.44815, 16.49453],
			"rotation": {"angle": -22.5, "axis": "x", "origin": [13.31138, 5.96432, 7.76343]},
			"faces": {
				"north": {"uv": [6, 4, 16, 8], "rotation": 180, "texture": "#0", "cullface": "north"},
				"east": {"uv": [5, 11, 15, 15], "rotation": 180, "texture": "#0", "cullface": "east"},
				"up": {"uv": [5, 11, 15, 15], "rotation": 180, "texture": "#0"},
				"down": {"uv": [5, 11, 15, 15], "rotation": 180, "texture": "#0", "cullface": "east"}
			}
		},
		{
			"from": [5.95049, -0.06943, -5.73696],
			"to": [11.29119, 5.27127, 15.62585],
			"rotation": {"angle": -22.5, "axis": "y", "origin": [8.05146, 1.93808, 6.23963]},
			"faces": {
				"north": {"uv": [2, 6, 12, 10], "texture": "#0", "cullface": "north"},
				"west": {"uv": [5, 11, 15, 15], "texture": "#0"},
				"down": {"uv": [5, 11, 15, 15], "texture": "#0", "cullface": "down"}
			}
		},
		{
			"from": [-0.62637, 5.11811, -0.2065],
			"to": [20.73644, 10.45881, 5.1342],
			"rotation": {"angle": -22.5, "axis": "z", "origin": [8.05247, 6.09666, 2.49996]},
			"faces": {
				"north": {"uv": [5, 11, 15, 15], "rotation": 180, "texture": "#0"},
				"east": {"uv": [5, 11, 15, 15], "rotation": 180, "texture": "#0", "cullface": "east"},
				"west": {"uv": [5, 11, 15, 15], "rotation": 180, "texture": "#0"},
				"up": {"uv": [5, 11, 15, 15], "rotation": 180, "texture": "#0"},
				"down": {"uv": [5, 11, 15, 15], "rotation": 180, "texture": "#0"}
			}
		},
		{
			"from": [-0.50458, -0.06948, 4.99446],
			"to": [20.85824, 5.27123, 10.33517],
			"rotation": {"angle": 22.5, "axis": "y", "origin": [8.05146, 1.93808, 6.23963]},
			"faces": {
				"north": {"uv": [5, 11, 15, 15], "texture": "#0"},
				"east": {"uv": [2, 7, 12, 11], "texture": "#0", "cullface": "east"},
				"south": {"uv": [5, 11, 15, 15], "texture": "#0", "cullface": "east"},
				"west": {"uv": [5, 11, 15, 15], "texture": "#0", "cullface": "west"},
				"down": {"uv": [5, 11, 15, 15], "texture": "#0", "cullface": "down"}
			}
		},
		{
			"from": [-0.62637, 5.11811, 10.47491],
			"to": [20.73644, 10.45881, 15.81561],
			"rotation": {"angle": -22.5, "axis": "z", "origin": [8.05247, 6.09666, 13.18137]},
			"faces": {
				"east": {"uv": [5, 7, 15, 11], "rotation": 180, "texture": "#0", "cullface": "east"},
				"south": {"uv": [5, 11, 15, 15], "rotation": 180, "texture": "#0"},
				"up": {"uv": [5, 11, 15, 15], "rotation": 180, "texture": "#0"}
			}
		},
		{
			"from": [-0.11364, -0.06888, 6.18696],
			"to": [21.24918, 5.27182, 11.52767],
			"rotation": {"angle": -22.5, "axis": "y", "origin": [10.60315, 1.92787, 8.83807]},
			"faces": {
				"north": {"uv": [5, 11, 15, 15], "texture": "#0"},
				"east": {"uv": [5, 11, 15, 15], "texture": "#0", "cullface": "east"},
				"south": {"uv": [5, 11, 15, 15], "texture": "#0", "cullface": "down"},
				"west": {"uv": [5, 11, 15, 15], "texture": "#0", "cullface": "down"},
				"down": {"uv": [5, 11, 15, 15], "texture": "#0", "cullface": "down"}
			}
		},
		{
			"from": [4.65012, -5.63757, 10.47802],
			"to": [9.99082, 15.72525, 15.81873],
			"rotation": {"angle": -22.5, "axis": "z", "origin": [8.05247, 6.09666, 13.18137]},
			"faces": {
				"east": {"uv": [5, 11, 15, 15], "rotation": 90, "texture": "#0", "cullface": "down"},
				"south": {"uv": [5, 11, 15, 15], "rotation": 90, "texture": "#0"},
				"west": {"uv": [5, 11, 15, 15], "rotation": 90, "texture": "#0"},
				"up": {"uv": [5, 11, 15, 15], "rotation": 90, "texture": "#0", "cullface": "up"},
				"down": {"uv": [5, 11, 15, 15], "rotation": 90, "texture": "#0", "cullface": "down"}
			}
		},
		{
			"from": [-0.01284, -5.65241, 5.87321],
			"to": [5.32786, 15.71041, 11.21391],
			"rotation": {"angle": -22.5, "axis": "x", "origin": [2.62997, 5.96432, 7.76343]},
			"faces": {
				"north": {"uv": [5, 11, 15, 15], "rotation": 270, "texture": "#0"},
				"south": {"uv": [5, 11, 15, 15], "rotation": 270, "texture": "#0"},
				"west": {"uv": [5, 11, 15, 15], "rotation": 270, "texture": "#0", "cullface": "west"},
				"up": {"uv": [5, 11, 15, 15], "rotation": 270, "texture": "#0"},
				"down": {"uv": [5, 11, 15, 15], "rotation": 270, "texture": "#0", "cullface": "down"}
			}
		},
		{
			"from": [-0.00014, -5.6211, 4.36743],
			"to": [5.34056, 15.74172, 9.70813],
			"rotation": {"angle": 22.5, "axis": "x", "origin": [2.62997, 5.96432, 7.76343]},
			"faces": {
				"north": {"uv": [5, 11, 15, 15], "rotation": 270, "texture": "#0"},
				"south": {"uv": [5, 11, 15, 15], "rotation": 270, "texture": "#0"},
				"west": {"uv": [5, 11, 15, 15], "rotation": 270, "texture": "#0", "cullface": "west"},
				"up": {"uv": [5, 11, 15, 15], "rotation": 270, "texture": "#0"},
				"down": {"uv": [5, 11, 15, 15], "rotation": 270, "texture": "#0", "cullface": "down"}
			}
		},
		{
			"from": [4.65012, -5.63757, -0.20339],
			"to": [9.99082, 15.72525, 5.13732],
			"rotation": {"angle": -22.5, "axis": "z", "origin": [8.05247, 6.09666, 2.49996]},
			"faces": {
				"north": {"uv": [5, 11, 15, 15], "rotation": 90, "texture": "#0"},
				"east": {"uv": [5, 11, 15, 15], "rotation": 90, "texture": "#0"},
				"west": {"uv": [5, 11, 15, 15], "rotation": 90, "texture": "#0"},
				"up": {"uv": [5, 11, 15, 15], "rotation": 90, "texture": "#0"},
				"down": {"uv": [5, 11, 15, 15], "rotation": 90, "texture": "#0", "cullface": "down"}
			}
		},
		{
			"from": [6.06191, -5.61369, -0.2],
			"to": [11.40262, 15.74912, 5.1407],
			"rotation": {"angle": 22.5, "axis": "z", "origin": [8.05247, 6.09666, 2.49996]},
			"faces": {
				"north": {"uv": [5, 11, 15, 15], "rotation": 90, "texture": "#0"},
				"east": {"uv": [5, 11, 15, 15], "rotation": 90, "texture": "#0"},
				"west": {"uv": [5, 11, 15, 15], "rotation": 90, "texture": "#0"},
				"up": {"uv": [5, 11, 15, 15], "rotation": 90, "texture": "#0"},
				"down": {"uv": [5, 11, 15, 15], "rotation": 90, "texture": "#0", "cullface": "down"}
			}
		},
		{
			"from": [10.68127, -5.6211, 4.36743],
			"to": [16.02197, 15.74172, 9.70813],
			"rotation": {"angle": 22.5, "axis": "x", "origin": [13.31138, 5.96432, 7.76343]},
			"faces": {
				"north": {"uv": [5, 11, 15, 15], "rotation": 270, "texture": "#0"},
				"east": {"uv": [5, 11, 15, 15], "rotation": 270, "texture": "#0", "cullface": "east"},
				"south": {"uv": [5, 11, 15, 15], "rotation": 270, "texture": "#0", "cullface": "down"},
				"up": {"uv": [5, 11, 15, 15], "rotation": 270, "texture": "#0", "cullface": "up"},
				"down": {"uv": [5, 11, 15, 15], "rotation": 270, "texture": "#0", "cullface": "down"}
			}
		},
		{
			"from": [10.66857, -5.65241, 5.87321],
			"to": [16.00927, 15.71041, 11.21391],
			"rotation": {"angle": -22.5, "axis": "x", "origin": [13.31138, 5.96432, 7.76343]},
			"faces": {
				"north": {"uv": [5, 11, 15, 15], "rotation": 270, "texture": "#0"},
				"east": {"uv": [5, 11, 15, 15], "rotation": 270, "texture": "#0", "cullface": "east"},
				"south": {"uv": [5, 11, 15, 15], "rotation": 270, "texture": "#0", "cullface": "east"},
				"down": {"uv": [5, 11, 15, 15], "rotation": 270, "texture": "#0", "cullface": "down"}
			}
		},
		{
			"from": [6.06191, -5.61369, 10.48141],
			"to": [11.40262, 15.74912, 15.82211],
			"rotation": {"angle": 22.5, "axis": "z", "origin": [8.05247, 6.09666, 13.18137]},
			"faces": {
				"east": {"uv": [5, 11, 15, 15], "rotation": 90, "texture": "#0"},
				"south": {"uv": [5, 11, 15, 15], "rotation": 90, "texture": "#0"},
				"west": {"uv": [5, 11, 15, 15], "rotation": 90, "texture": "#0", "cullface": "down"},
				"up": {"uv": [5, 11, 15, 15], "rotation": 90, "texture": "#0", "cullface": "up"},
				"down": {"uv": [5, 11, 15, 15], "rotation": 90, "texture": "#0", "cullface": "down"}
			}
		},
		{
			"from": [0.01714, -0.48144, 6.15084],
			"to": [5.35784, 20.88138, 11.49154],
			"rotation": {"angle": 22.5, "axis": "x", "origin": [2.70674, 10.23535, 9.49479]},
			"faces": {
				"north": {"uv": [5, 11, 15, 15], "rotation": 90, "texture": "#0", "cullface": "up"},
				"south": {"uv": [5, 11, 15, 15], "rotation": 90, "texture": "#0"},
				"west": {"uv": [5, 11, 15, 15], "rotation": 90, "texture": "#0"},
				"up": {"uv": [5, 11, 15, 15], "rotation": 90, "texture": "#0", "cullface": "up"},
				"down": {"uv": [5, 11, 15, 15], "rotation": 90, "texture": "#0", "cullface": "down"}
			}
		},
		{
			"from": [4.34207, -0.47979, 10.48568],
			"to": [9.68277, 20.88303, 15.82639],
			"rotation": {"angle": 22.5, "axis": "z", "origin": [6.34028, 10.22878, 13.18773]},
			"faces": {
				"east": {"uv": [5, 11, 15, 15], "rotation": 270, "texture": "#0"},
				"south": {"uv": [5, 11, 15, 15], "rotation": 270, "texture": "#0"},
				"west": {"uv": [5, 11, 15, 15], "rotation": 270, "texture": "#0"},
				"up": {"uv": [5, 11, 15, 15], "rotation": 270, "texture": "#0", "cullface": "up"},
				"down": {"uv": [5, 11, 15, 15], "rotation": 270, "texture": "#0"}
			}
		},
		{
			"from": [6.21082, -0.57062, 10.4823],
			"to": [11.55152, 20.7922, 15.823],
			"rotation": {"angle": -22.5, "axis": "z", "origin": [9.86221, 9.80562, 13.1904]},
			"faces": {
				"east": {"uv": [5, 11, 15, 15], "rotation": 270, "texture": "#0"},
				"south": {"uv": [5, 11, 15, 15], "rotation": 270, "texture": "#0"},
				"west": {"uv": [5, 11, 15, 15], "rotation": 270, "texture": "#0"},
				"up": {"uv": [1, 7, 11, 11], "rotation": 270, "texture": "#0", "cullface": "up"},
				"down": {"uv": [5, 11, 15, 15], "rotation": 270, "texture": "#0"}
			}
		},
		{
			"from": [10.69855, -0.48144, 6.15084],
			"to": [16.03925, 20.88138, 11.49154],
			"rotation": {"angle": 22.5, "axis": "x", "origin": [13.38815, 10.23535, 9.49479]},
			"faces": {
				"north": {"uv": [5, 11, 15, 15], "rotation": 90, "texture": "#0"},
				"east": {"uv": [5, 11, 15, 15], "rotation": 90, "texture": "#0", "cullface": "east"},
				"south": {"uv": [5, 11, 15, 15], "rotation": 90, "texture": "#0"},
				"up": {"uv": [6, 5, 16, 9], "rotation": 90, "texture": "#0", "cullface": "up"},
				"down": {"uv": [5, 11, 15, 15], "rotation": 90, "texture": "#0"}
			}
		},
		{
			"from": [10.68585, 0.04219, 4.02872],
			"to": [16.02655, 21.40501, 9.36942],
			"rotation": {"angle": -22.5, "axis": "x", "origin": [13.37545, 10.75898, 7.37267]},
			"faces": {
				"north": {"uv": [5, 11, 15, 15], "rotation": 90, "texture": "#0", "cullface": "east"},
				"east": {"uv": [5, 11, 15, 15], "rotation": 90, "texture": "#0", "cullface": "east"},
				"south": {"uv": [5, 11, 15, 15], "rotation": 90, "texture": "#0"},
				"up": {"uv": [2, 6, 12, 10], "rotation": 90, "texture": "#0", "cullface": "up"},
				"down": {"uv": [5, 11, 15, 15], "rotation": 90, "texture": "#0", "cullface": "east"}
			}
		},
		{
			"from": [6.21082, -0.57062, -0.19911],
			"to": [11.55152, 20.7922, 5.14159],
			"rotation": {"angle": -22.5, "axis": "z", "origin": [9.86221, 9.80562, 2.50899]},
			"faces": {
				"north": {"uv": [5, 2, 15, 6], "rotation": 270, "texture": "#0"},
				"east": {"uv": [5, 11, 15, 15], "rotation": 270, "texture": "#0"},
				"west": {"uv": [5, 11, 15, 15], "rotation": 270, "texture": "#0", "cullface": "up"},
				"up": {"uv": [5, 6, 15, 10], "rotation": 270, "texture": "#0", "cullface": "up"},
				"down": {"uv": [5, 11, 15, 15], "rotation": 270, "texture": "#0", "cullface": "down"}
			}
		},
		{
			"from": [4.34207, -0.47979, -0.19573],
			"to": [9.68277, 20.88303, 5.14497],
			"rotation": {"angle": 22.5, "axis": "z", "origin": [6.34028, 10.22878, 2.50632]},
			"faces": {
				"north": {"uv": [5, 11, 15, 15], "rotation": 270, "texture": "#0"},
				"east": {"uv": [5, 11, 15, 15], "rotation": 270, "texture": "#0", "cullface": "up"},
				"west": {"uv": [5, 11, 15, 15], "rotation": 270, "texture": "#0"},
				"up": {"uv": [5, 11, 15, 15], "rotation": 270, "texture": "#0", "cullface": "up"},
				"down": {"uv": [5, 11, 15, 15], "rotation": 270, "texture": "#0", "cullface": "down"}
			}
		},
		{
			"from": [0.00444, 0.04219, 4.02872],
			"to": [5.34514, 21.40501, 9.36942],
			"rotation": {"angle": -22.5, "axis": "x", "origin": [2.69404, 10.75898, 7.37267]},
			"faces": {
				"south": {"uv": [5, 11, 15, 15], "rotation": 90, "texture": "#0"},
				"west": {"uv": [1, 4, 11, 8], "rotation": 90, "texture": "#0"},
				"up": {"uv": [4, 4, 14, 8], "rotation": 90, "texture": "#0", "cullface": "up"}
			}
		}
	],
	"display": {
		"thirdperson_righthand": {
			"rotation": [37, 0, 0],
			"translation": [0, 1.5, -1.25],
			"scale": [0.4, 0.4, 0.4]
		},
		"thirdperson_lefthand": {
			"scale": [0.4, 0.4, 0.4]
		},
		"firstperson_righthand": {
			"scale": [0.4, 0.4, 0.4]
		},
		"firstperson_lefthand": {
			"scale": [0.4, 0.4, 0.4]
		},
		"ground": {
			"translation": [0.5, 5.75, 0],
			"scale": [0.4, 0.4, 0.4]
		},
		"gui": {
			"translation": [0, -3.5, 0],
			"scale": [0.8, 0.8, 0.8]
		},
		"head": {
			"rotation": [180, 3, 0],
			"translation": [0, 22.75, 0]
		},
		"fixed": {
			"translation": [0, -1.25, -5],
			"scale": [0.4, 0.4, 0.4]
		}
	},
	"groups": [
		{
			"name": "group",
			"origin": [8, 8, 8],
			"children": [
				{
					"name": "group",
					"origin": [8.92227, 19.52837, 8.80887],
					"children": [0, 1, 2, 3, 4, 5, 6, 7, 8, 9, 10, 11]
				},
				{
					"name": "group",
					"origin": [8.92227, 19.52837, 8.80887],
					"children": [12, 13, 14, 15]
				},
				{
					"name": "group",
					"origin": [8.92227, 19.52837, 8.80887],
					"children": [16, 17, 18, 19]
				},
				{
					"name": "group",
					"origin": [8.98353, 19.62749, 8.86672],
					"children": [20, 21, 22, 23, 24, 25, 26, 27, 28, 29, 30, 31]
				},
				{
					"name": "group",
					"origin": [8.98353, 19.62749, 8.86672],
					"children": [32, 33, 34, 35]
				},
				{
					"name": "group",
					"origin": [8.98353, 19.62749, 8.86672],
					"children": [36, 37, 38, 39]
				},
				{
					"name": "group",
					"origin": [8.98277, 20.51286, 7.6676],
					"children": [40, 41, 42, 43]
				},
				{
					"name": "group",
					"origin": [8.98277, 20.51286, 7.6676],
					"children": [44, 45, 46, 47]
				},
				{
					"name": "group",
					"origin": [8.98277, 20.51286, 7.6676],
					"children": [48, 49, 50, 51, 52, 53, 54, 55, 56, 57, 58, 59]
				},
				{
					"name": "group",
					"origin": [8.98277, 20.51286, 7.6676],
					"children": [60, 61, 62, 63, 64, 65]
				},
				{
					"name": "group",
					"origin": [4.97026, 23.1194, 8.51621],
					"children": [66, 67, 68, 69, 70, 71, 72, 73, 74, 75, 76, 77, 78, 79, 80, 81, 82, 83, 84, 85, 86, 87, 88, 89, 90, 91, 92, 93, 94, 95, 96, 97, 98, 99, 100, 101, 102, 103, 104, 105, 106, 107, 108, 109, 110, 111, 112, 113]
				}
			]
		}
	]
}