{
	"credit": "Made with Blockbench",
	"parent": "yunshi",
	"textures": {
		"2": "additions:blocks/tr3",
		"3": "additions:blocks/tr4",
		"4": "additions:blocks/tr5",
		"5": "additions:blocks/yingyingying-jinhongshi",
		"particle": "additions:blocks/tr4"
	},
	"elements": [
		{
			"from": [2, -1, -4],
			"to": [14, 2, 20],
			"faces": {
				"north": {"uv": [0, 0, 7, 7], "texture": "#3", "cullface": "north"},
				"east": {"uv": [0, 0, 7, 7], "texture": "#3"},
				"south": {"uv": [0, 0, 7, 7], "texture": "#3", "cullface": "south"},
				"west": {"uv": [0, 0, 7, 7], "texture": "#3"},
				"up": {"uv": [0, 1, 1, 13], "texture": "#3"},
				"down": {"uv": [3, 2, 7, 7], "texture": "#3", "cullface": "down"}
			}
		},
		{
			"from": [2, -1, -4],
			"to": [14, 2, 20],
			"rotation": {"angle": -45, "axis": "y", "origin": [8, 8, 8]},
			"faces": {
				"north": {"uv": [0, 0, 7, 7], "texture": "#3"},
				"east": {"uv": [0, 0, 7, 7], "texture": "#3"},
				"south": {"uv": [0, 0, 7, 7], "texture": "#3"},
				"west": {"uv": [0, 0, 7, 7], "texture": "#3"},
				"up": {"uv": [0, 1, 1, 13], "texture": "#3"},
				"down": {"uv": [3, 2, 7, 7], "texture": "#3", "cullface": "down"}
			}
		},
		{
			"from": [-4, -1, 2],
			"to": [20, 2, 14],
			"faces": {
				"north": {"uv": [0, 0, 7, 7], "texture": "#3"},
				"east": {"uv": [0, 0, 7, 7], "texture": "#3", "cullface": "east"},
				"south": {"uv": [0, 0, 7, 7], "texture": "#3"},
				"west": {"uv": [0, 0, 7, 7], "texture": "#3", "cullface": "west"},
				"up": {"uv": [0, 1, 1, 13], "rotation": 90, "texture": "#3"},
				"down": {"uv": [3, 2, 7, 7], "rotation": 270, "texture": "#3", "cullface": "down"}
			}
		},
		{
			"from": [-4, -1, 2],
			"to": [20, 2, 14],
			"rotation": {"angle": -45, "axis": "y", "origin": [8, 8, 8]},
			"faces": {
				"north": {"uv": [0, 0, 7, 7], "texture": "#3"},
				"east": {"uv": [0, 0, 7, 7], "texture": "#3"},
				"south": {"uv": [0, 0, 7, 7], "texture": "#3"},
				"west": {"uv": [0, 0, 7, 7], "texture": "#3"},
				"up": {"uv": [0, 1, 1, 13], "rotation": 90, "texture": "#3"},
				"down": {"uv": [3, 2, 7, 7], "rotation": 270, "texture": "#3", "cullface": "down"}
			}
		},
		{
			"from": [7, 11, 2],
			"to": [9, 24, 14],
			"faces": {
				"north": {"uv": [13, 12, 15, 13.5], "texture": "#3"},
				"east": {"uv": [13, 12, 15, 13.5], "texture": "#3"},
				"south": {"uv": [13, 12, 15, 13.5], "texture": "#3"},
				"west": {"uv": [13, 12, 15, 13.5], "texture": "#3"},
				"up": {"uv": [13, 12, 15, 13.5], "texture": "#3", "cullface": "up"}
			}
		},
		{
			"from": [6, 23, 1],
			"to": [10, 25, 2],
			"rotation": {"angle": 45, "axis": "x", "origin": [8, 8, 8]},
			"faces": {
				"north": {"uv": [0, 0, 16, 16], "texture": "#3", "cullface": "up"},
				"east": {"uv": [0, 0, 16, 16], "texture": "#3", "cullface": "up"},
				"south": {"uv": [0, 0, 16, 16], "texture": "#3", "cullface": "up"},
				"west": {"uv": [0, 0, 16, 16], "texture": "#3", "cullface": "up"},
				"up": {"uv": [0, 0, 16, 16], "texture": "#3", "cullface": "up"},
				"down": {"uv": [0, 0, 16, 16], "texture": "#3", "cullface": "up"}
			}
		},
		{
			"from": [5, 24, 0],
			"to": [6, 25, 2],
			"rotation": {"angle": 45, "axis": "x", "origin": [8, 8, 8]},
			"faces": {
				"north": {"uv": [0, 0, 16, 16], "texture": "#3", "cullface": "up"},
				"east": {"uv": [0, 0, 16, 16], "texture": "#3", "cullface": "up"},
				"south": {"uv": [0, 0, 16, 16], "texture": "#3", "cullface": "up"},
				"west": {"uv": [0, 0, 16, 16], "texture": "#3", "cullface": "up"},
				"up": {"uv": [0, 0, 16, 16], "texture": "#3", "cullface": "up"},
				"down": {"uv": [0, 0, 16, 16], "texture": "#3", "cullface": "up"}
			}
		},
		{
			"from": [10, 24, 0],
			"to": [11, 25, 2],
			"rotation": {"angle": 45, "axis": "x", "origin": [8, 8, 8]},
			"faces": {
				"north": {"uv": [0, 0, 16, 16], "texture": "#3", "cullface": "up"},
				"east": {"uv": [0, 0, 16, 16], "texture": "#3", "cullface": "up"},
				"south": {"uv": [0, 0, 16, 16], "texture": "#3", "cullface": "up"},
				"west": {"uv": [0, 0, 16, 16], "texture": "#3", "cullface": "up"},
				"up": {"uv": [0, 0, 16, 16], "texture": "#3", "cullface": "up"},
				"down": {"uv": [0, 0, 16, 16], "texture": "#3", "cullface": "up"}
			}
		},
		{
			"from": [7, 25, -1],
			"to": [9, 26, 2],
			"rotation": {"angle": 45, "axis": "x", "origin": [8, 8, 8]},
			"faces": {
				"north": {"uv": [0, 0, 16, 16], "texture": "#3", "cullface": "up"},
				"east": {"uv": [0, 0, 16, 16], "texture": "#3", "cullface": "up"},
				"south": {"uv": [0, 0, 16, 16], "texture": "#3", "cullface": "up"},
				"west": {"uv": [0, 0, 16, 16], "texture": "#3", "cullface": "up"},
				"up": {"uv": [0, 0, 16, 16], "texture": "#3", "cullface": "up"},
				"down": {"uv": [0, 0, 16, 16], "texture": "#3", "cullface": "up"}
			}
		},
		{
			"from": [7, 21, 14],
			"to": [9, 23, 15],
			"rotation": {"angle": -45, "axis": "x", "origin": [8, 8, 8]},
			"faces": {
				"north": {"uv": [0, 0, 16, 16], "texture": "#3", "cullface": "up"},
				"east": {"uv": [0, 0, 16, 16], "texture": "#3", "cullface": "up"},
				"south": {"uv": [0, 0, 16, 16], "texture": "#3", "cullface": "up"},
				"west": {"uv": [0, 0, 16, 16], "texture": "#3", "cullface": "up"},
				"up": {"uv": [0, 0, 16, 16], "texture": "#3", "cullface": "up"},
				"down": {"uv": [0, 0, 16, 16], "texture": "#3", "cullface": "up"}
			}
		},
		{
			"from": [6, 23, 14],
			"to": [10, 25, 15],
			"rotation": {"angle": -45, "axis": "x", "origin": [8, 8, 8]},
			"faces": {
				"north": {"uv": [0, 0, 16, 16], "texture": "#3", "cullface": "up"},
				"east": {"uv": [0, 0, 16, 16], "texture": "#3", "cullface": "up"},
				"south": {"uv": [0, 0, 16, 16], "texture": "#3", "cullface": "up"},
				"west": {"uv": [0, 0, 16, 16], "texture": "#3", "cullface": "up"},
				"up": {"uv": [0, 0, 16, 16], "texture": "#3", "cullface": "up"},
				"down": {"uv": [0, 0, 16, 16], "texture": "#3", "cullface": "up"}
			}
		},
		{
			"from": [5, 24, 14],
			"to": [6, 25, 16],
			"rotation": {"angle": -45, "axis": "x", "origin": [8, 8, 8]},
			"faces": {
				"north": {"uv": [0, 0, 16, 16], "texture": "#3", "cullface": "up"},
				"east": {"uv": [0, 0, 16, 16], "texture": "#3", "cullface": "up"},
				"south": {"uv": [0, 0, 16, 16], "texture": "#3", "cullface": "up"},
				"west": {"uv": [0, 0, 16, 16], "texture": "#3", "cullface": "up"},
				"up": {"uv": [0, 0, 16, 16], "texture": "#3", "cullface": "up"},
				"down": {"uv": [0, 0, 16, 16], "texture": "#3", "cullface": "up"}
			}
		},
		{
			"from": [10, 24, 14],
			"to": [11, 25, 16],
			"rotation": {"angle": -45, "axis": "x", "origin": [8, 8, 8]},
			"faces": {
				"north": {"uv": [0, 0, 16, 16], "texture": "#3", "cullface": "up"},
				"east": {"uv": [0, 0, 16, 16], "texture": "#3", "cullface": "up"},
				"south": {"uv": [0, 0, 16, 16], "texture": "#3", "cullface": "up"},
				"west": {"uv": [0, 0, 16, 16], "texture": "#3", "cullface": "up"},
				"up": {"uv": [0, 0, 16, 16], "texture": "#3", "cullface": "up"},
				"down": {"uv": [0, 0, 16, 16], "texture": "#3", "cullface": "up"}
			}
		},
		{
			"from": [7, 25, 14],
			"to": [9, 26, 17],
			"rotation": {"angle": -45, "axis": "x", "origin": [8, 8, 8]},
			"faces": {
				"north": {"uv": [0, 0, 16, 16], "texture": "#3", "cullface": "up"},
				"east": {"uv": [0, 0, 16, 16], "texture": "#3", "cullface": "up"},
				"south": {"uv": [0, 0, 16, 16], "texture": "#3", "cullface": "up"},
				"west": {"uv": [0, 0, 16, 16], "texture": "#3", "cullface": "up"},
				"up": {"uv": [0, 0, 16, 16], "texture": "#3", "cullface": "up"},
				"down": {"uv": [0, 0, 16, 16], "texture": "#3", "cullface": "up"}
			}
		},
		{
			"from": [1, 22, 7],
			"to": [2, 24, 9],
			"rotation": {"angle": -45, "axis": "z", "origin": [8, 8, 8]},
			"faces": {
				"north": {"uv": [0, 0, 16, 16], "texture": "#3", "cullface": "up"},
				"east": {"uv": [0, 0, 16, 16], "texture": "#3", "cullface": "up"},
				"south": {"uv": [0, 0, 16, 16], "texture": "#3", "cullface": "up"},
				"west": {"uv": [0, 0, 16, 16], "texture": "#3", "cullface": "up"},
				"up": {"uv": [0, 0, 16, 16], "texture": "#3", "cullface": "up"},
				"down": {"uv": [0, 0, 16, 16], "texture": "#3", "cullface": "up"}
			}
		},
		{
			"from": [1, 24, 6],
			"to": [2, 26, 10],
			"rotation": {"angle": -45, "axis": "z", "origin": [8, 8, 8]},
			"faces": {
				"north": {"uv": [0, 0, 16, 16], "texture": "#3", "cullface": "up"},
				"east": {"uv": [0, 0, 16, 16], "texture": "#3", "cullface": "up"},
				"south": {"uv": [0, 0, 16, 16], "texture": "#3", "cullface": "up"},
				"west": {"uv": [0, 0, 16, 16], "texture": "#3", "cullface": "up"},
				"up": {"uv": [0, 0, 16, 16], "texture": "#3", "cullface": "up"},
				"down": {"uv": [0, 0, 16, 16], "texture": "#3", "cullface": "up"}
			}
		},
		{
			"from": [0, 25, 10],
			"to": [2, 26, 11],
			"rotation": {"angle": -45, "axis": "z", "origin": [8, 8, 8]},
			"faces": {
				"north": {"uv": [0, 0, 16, 16], "texture": "#3", "cullface": "up"},
				"east": {"uv": [0, 0, 16, 16], "texture": "#3", "cullface": "up"},
				"south": {"uv": [0, 0, 16, 16], "texture": "#3", "cullface": "up"},
				"west": {"uv": [0, 0, 16, 16], "texture": "#3", "cullface": "up"},
				"up": {"uv": [0, 0, 16, 16], "texture": "#3", "cullface": "up"},
				"down": {"uv": [0, 0, 16, 16], "texture": "#3", "cullface": "up"}
			}
		},
		{
			"from": [-1, 26, 7],
			"to": [2, 27, 9],
			"rotation": {"angle": -45, "axis": "z", "origin": [8, 8, 8]},
			"faces": {
				"north": {"uv": [0, 0, 16, 16], "texture": "#3", "cullface": "up"},
				"east": {"uv": [0, 0, 16, 16], "texture": "#3", "cullface": "up"},
				"south": {"uv": [0, 0, 16, 16], "texture": "#3", "cullface": "up"},
				"west": {"uv": [0, 0, 16, 16], "texture": "#3", "cullface": "up"},
				"up": {"uv": [0, 0, 16, 16], "texture": "#3", "cullface": "up"},
				"down": {"uv": [0, 0, 16, 16], "texture": "#3", "cullface": "up"}
			}
		},
		{
			"from": [0, 25, 5],
			"to": [2, 26, 6],
			"rotation": {"angle": -45, "axis": "z", "origin": [8, 8, 8]},
			"faces": {
				"north": {"uv": [0, 0, 16, 16], "texture": "#3", "cullface": "up"},
				"east": {"uv": [0, 0, 16, 16], "texture": "#3", "cullface": "up"},
				"south": {"uv": [0, 0, 16, 16], "texture": "#3", "cullface": "up"},
				"west": {"uv": [0, 0, 16, 16], "texture": "#3", "cullface": "up"},
				"up": {"uv": [0, 0, 16, 16], "texture": "#3", "cullface": "up"},
				"down": {"uv": [0, 0, 16, 16], "texture": "#3", "cullface": "up"}
			}
		},
		{
			"from": [14, 22, 7],
			"to": [15, 24, 9],
			"rotation": {"angle": 45, "axis": "z", "origin": [8, 8, 8]},
			"faces": {
				"north": {"uv": [0, 0, 16, 16], "texture": "#3", "cullface": "up"},
				"east": {"uv": [0, 0, 16, 16], "texture": "#3", "cullface": "up"},
				"south": {"uv": [0, 0, 16, 16], "texture": "#3", "cullface": "up"},
				"west": {"uv": [0, 0, 16, 16], "texture": "#3", "cullface": "up"},
				"up": {"uv": [0, 0, 16, 16], "texture": "#3", "cullface": "up"},
				"down": {"uv": [0, 0, 16, 16], "texture": "#3", "cullface": "up"}
			}
		},
		{
			"from": [14, 24, 6],
			"to": [15, 26, 10],
			"rotation": {"angle": 45, "axis": "z", "origin": [8, 8, 8]},
			"faces": {
				"north": {"uv": [0, 0, 16, 16], "texture": "#3", "cullface": "up"},
				"east": {"uv": [0, 0, 16, 16], "texture": "#3", "cullface": "up"},
				"south": {"uv": [0, 0, 16, 16], "texture": "#3", "cullface": "up"},
				"west": {"uv": [0, 0, 16, 16], "texture": "#3", "cullface": "up"},
				"up": {"uv": [0, 0, 16, 16], "texture": "#3", "cullface": "up"},
				"down": {"uv": [0, 0, 16, 16], "texture": "#3", "cullface": "up"}
			}
		},
		{
			"from": [14, 25, 10],
			"to": [16, 26, 11],
			"rotation": {"angle": 45, "axis": "z", "origin": [8, 8, 8]},
			"faces": {
				"north": {"uv": [0, 0, 16, 16], "texture": "#3", "cullface": "up"},
				"east": {"uv": [0, 0, 16, 16], "texture": "#3", "cullface": "up"},
				"south": {"uv": [0, 0, 16, 16], "texture": "#3", "cullface": "up"},
				"west": {"uv": [0, 0, 16, 16], "texture": "#3", "cullface": "up"},
				"up": {"uv": [0, 0, 16, 16], "texture": "#3", "cullface": "up"},
				"down": {"uv": [0, 0, 16, 16], "texture": "#3", "cullface": "up"}
			}
		},
		{
			"from": [14, 26, 7],
			"to": [17, 27, 9],
			"rotation": {"angle": 45, "axis": "z", "origin": [8, 8, 8]},
			"faces": {
				"north": {"uv": [0, 0, 16, 16], "texture": "#3", "cullface": "up"},
				"east": {"uv": [0, 0, 16, 16], "texture": "#3", "cullface": "up"},
				"south": {"uv": [0, 0, 16, 16], "texture": "#3", "cullface": "up"},
				"west": {"uv": [0, 0, 16, 16], "texture": "#3", "cullface": "up"},
				"up": {"uv": [0, 0, 16, 16], "texture": "#3", "cullface": "up"},
				"down": {"uv": [0, 0, 16, 16], "texture": "#3", "cullface": "up"}
			}
		},
		{
			"from": [14, 25, 5],
			"to": [16, 26, 6],
			"rotation": {"angle": 45, "axis": "z", "origin": [8, 8, 8]},
			"faces": {
				"north": {"uv": [0, 0, 16, 16], "texture": "#3", "cullface": "up"},
				"east": {"uv": [0, 0, 16, 16], "texture": "#3", "cullface": "up"},
				"south": {"uv": [0, 0, 16, 16], "texture": "#3", "cullface": "up"},
				"west": {"uv": [0, 0, 16, 16], "texture": "#3", "cullface": "up"},
				"up": {"uv": [0, 0, 16, 16], "texture": "#3", "cullface": "up"},
				"down": {"uv": [0, 0, 16, 16], "texture": "#3", "cullface": "up"}
			}
		},
		{
			"from": [7, 10, 7],
			"to": [9, 25, 9],
			"faces": {
				"north": {"uv": [13, 12, 15, 13.5], "texture": "#3", "cullface": "up"},
				"east": {"uv": [13, 12, 15, 13.5], "texture": "#3", "cullface": "up"},
				"south": {"uv": [13, 12, 15, 13.5], "texture": "#3", "cullface": "up"},
				"west": {"uv": [13, 12, 15, 13.5], "texture": "#3", "cullface": "up"},
				"up": {"uv": [0, 0, 16, 15.5], "texture": "#3", "cullface": "up"}
			}
		},
		{
			"from": [5, 11, 2],
			"to": [11, 23, 14],
			"rotation": {"angle": -45, "axis": "y", "origin": [8, 8, 8]},
			"faces": {
				"north": {"uv": [1, 1, 15, 13.5], "texture": "#3"},
				"east": {"uv": [13, 12, 15, 13.5], "texture": "#3"},
				"south": {"uv": [1, 1, 15, 13.5], "texture": "#3"},
				"west": {"uv": [13, 12, 15, 13.5], "texture": "#3"},
				"up": {"uv": [3, 0, 14, 16], "texture": "#3", "cullface": "up"},
				"down": {"uv": [13, 12, 15, 13.5], "texture": "#3"}
			}
		},
		{
			"from": [5, 11, 2],
			"to": [11, 23, 14],
			"rotation": {"angle": 45, "axis": "y", "origin": [8, 8, 8]},
			"faces": {
				"north": {"uv": [1, 1, 15, 13.5], "texture": "#3"},
				"east": {"uv": [13, 12, 15, 13.5], "texture": "#3"},
				"south": {"uv": [1, 1, 15, 13.5], "texture": "#3"},
				"west": {"uv": [13, 12, 15, 13.5], "texture": "#3"},
				"up": {"uv": [3, 0, 12, 16], "texture": "#3", "cullface": "up"},
				"down": {"uv": [13, 12, 15, 13.5], "texture": "#3"}
			}
		},
		{
			"from": [2, 11, 7],
			"to": [14, 24, 9],
			"faces": {
				"north": {"uv": [13, 12, 15, 13.5], "texture": "#3"},
				"east": {"uv": [13, 12, 15, 13.5], "texture": "#3"},
				"south": {"uv": [13, 12, 15, 13.5], "texture": "#3"},
				"west": {"uv": [13, 12, 15, 13.5], "texture": "#3"},
				"up": {"uv": [0, 0, 16, 15.5], "texture": "#3", "cullface": "up"}
			}
		},
		{
			"from": [9, 2, 1],
			"to": [10, 10, 2],
			"faces": {
				"north": {"uv": [0, 0, 0.5, 4], "texture": "#2"},
				"east": {"uv": [0, 0, 0.5, 4], "texture": "#2"},
				"south": {"uv": [0, 0, 0.5, 4], "texture": "#2"},
				"west": {"uv": [0, 0, 0.5, 4], "texture": "#2"},
				"up": {"uv": [0, 0, 0.5, 4], "texture": "#2"}
			}
		},
		{
			"from": [10, 5, -1],
			"to": [11, 6, 2],
			"rotation": {"angle": 0, "axis": "x", "origin": [8, -4, 7]},
			"faces": {
				"north": {"uv": [0, 0, 0.5, 1.5], "rotation": 90, "texture": "#4", "cullface": "north"},
				"east": {"uv": [0, 0, 0.5, 1.5], "rotation": 90, "texture": "#4"},
				"south": {"uv": [0, 0, 0.5, 1.5], "rotation": 90, "texture": "#4"},
				"west": {"uv": [0, 0, 0.5, 1.5], "rotation": 90, "texture": "#4"},
				"up": {"uv": [0, 0, 0.5, 1.5], "rotation": 90, "texture": "#4"},
				"down": {"uv": [0, 0, 0.5, 1.5], "rotation": 90, "texture": "#4"}
			}
		},
		{
			"from": [7, 5, -1],
			"to": [9, 6, 0],
			"rotation": {"angle": 0, "axis": "x", "origin": [8, -4, 7]},
			"faces": {
				"north": {"uv": [0, 0, 0.5, 1.5], "rotation": 90, "texture": "#4", "cullface": "north"},
				"east": {"uv": [0, 0, 0.5, 1.5], "rotation": 90, "texture": "#4", "cullface": "north"},
				"west": {"uv": [0, 0, 0.5, 1.5], "rotation": 90, "texture": "#4", "cullface": "north"},
				"up": {"uv": [0, 0, 0.5, 1.5], "rotation": 90, "texture": "#4", "cullface": "north"},
				"down": {"uv": [0, 0, 0.5, 1.5], "rotation": 90, "texture": "#4", "cullface": "north"}
			}
		},
		{
			"from": [5, 5, -1],
			"to": [6, 6, 2],
			"rotation": {"angle": 0, "axis": "x", "origin": [8, -4, 7]},
			"faces": {
				"north": {"uv": [0, 0, 0.5, 1.5], "rotation": 90, "texture": "#4", "cullface": "north"},
				"east": {"uv": [0, 0, 0.5, 1.5], "rotation": 90, "texture": "#4"},
				"south": {"uv": [0, 0, 0.5, 1.5], "rotation": 90, "texture": "#4"},
				"west": {"uv": [0, 0, 0.5, 1.5], "rotation": 90, "texture": "#4"},
				"up": {"uv": [0, 0, 0.5, 1.5], "rotation": 90, "texture": "#4"},
				"down": {"uv": [0, 0, 0.5, 1.5], "rotation": 90, "texture": "#4"}
			}
		},
		{
			"from": [10, 2, -2],
			"to": [11, 5, -1],
			"rotation": {"angle": 0, "axis": "y", "origin": [8, 10, 8]},
			"faces": {
				"north": {"uv": [0, 0, 0.5, 1.5], "texture": "#4", "cullface": "north"},
				"east": {"uv": [0, 0, 0.5, 1.5], "texture": "#4", "cullface": "north"},
				"south": {"uv": [0, 0, 0.5, 1.5], "texture": "#4", "cullface": "north"},
				"west": {"uv": [0, 0, 0.5, 1.5], "texture": "#4", "cullface": "north"},
				"up": {"uv": [0, 0, 0.5, 1.5], "texture": "#4", "cullface": "north"}
			}
		},
		{
			"from": [7, 2, -2],
			"to": [9, 5, -1],
			"rotation": {"angle": 0, "axis": "y", "origin": [8, 10, 8]},
			"faces": {
				"north": {"uv": [0, 0, 0.5, 1.5], "texture": "#4", "cullface": "north"},
				"east": {"uv": [0, 0, 0.5, 1.5], "texture": "#4", "cullface": "north"},
				"south": {"uv": [0, 0, 0.5, 1.5], "texture": "#4", "cullface": "north"},
				"west": {"uv": [0, 0, 0.5, 1.5], "texture": "#4", "cullface": "north"},
				"up": {"uv": [0, 0, 0.5, 1.5], "texture": "#4", "cullface": "north"}
			}
		},
		{
			"from": [5, 2, -2],
			"to": [6, 5, -1],
			"rotation": {"angle": 0, "axis": "y", "origin": [8, 10, 8]},
			"faces": {
				"north": {"uv": [0, 0, 0.5, 1.5], "texture": "#4", "cullface": "north"},
				"east": {"uv": [0, 0, 0.5, 1.5], "texture": "#4", "cullface": "north"},
				"south": {"uv": [0, 0, 0.5, 1.5], "texture": "#4", "cullface": "north"},
				"west": {"uv": [0, 0, 0.5, 1.5], "texture": "#4", "cullface": "north"},
				"up": {"uv": [0, 0, 0.5, 1.5], "texture": "#4", "cullface": "north"}
			}
		},
		{
			"from": [8, 1, 2],
			"to": [11, 11, 4],
			"rotation": {"angle": 0, "axis": "y", "origin": [8, 8, 10]},
			"faces": {
				"north": {"uv": [0, 0, 0.5, 4], "texture": "#2"},
				"south": {"uv": [0, 0, 0.5, 4], "texture": "#2"}
			}
		},
		{
			"from": [7, 2, 0],
			"to": [9, 10, 1],
			"faces": {
				"north": {"uv": [0, 0, 0.5, 4], "texture": "#2", "cullface": "north"},
				"east": {"uv": [0, 0, 0.5, 4], "texture": "#2"},
				"south": {"uv": [0, 0, 0.5, 4], "texture": "#2"},
				"west": {"uv": [0, 0, 0.5, 4], "texture": "#2"},
				"up": {"uv": [4, 0, 6.5, 4], "texture": "#2"}
			}
		},
		{
			"from": [6, 2, 1],
			"to": [7, 10, 2],
			"faces": {
				"north": {"uv": [0, 0, 0.5, 4], "texture": "#2"},
				"east": {"uv": [0, 0, 0.5, 4], "texture": "#2"},
				"south": {"uv": [0, 0, 0.5, 4], "texture": "#2"},
				"west": {"uv": [0, 0, 0.5, 4], "texture": "#2"},
				"up": {"uv": [0, 0, 0.5, 4], "texture": "#2"}
			}
		},
		{
			"from": [5, 1, 2],
			"to": [8, 11, 4],
			"rotation": {"angle": 0, "axis": "y", "origin": [8, 8, 10]},
			"faces": {
				"north": {"uv": [0, 0, 0.5, 4], "texture": "#2"},
				"south": {"uv": [0, 0, 0.5, 4], "texture": "#2"}
			}
		},
		{
			"from": [1, 2, 6],
			"to": [2, 10, 7],
			"faces": {
				"north": {"uv": [0, 0, 0.5, 4], "texture": "#2"},
				"east": {"uv": [0, 0, 0.5, 4], "texture": "#2"},
				"south": {"uv": [0, 0, 0.5, 4], "texture": "#2"},
				"west": {"uv": [0, 0, 0.5, 4], "texture": "#2"},
				"up": {"uv": [0, 0, 0.5, 4], "rotation": 270, "texture": "#2"}
			}
		},
		{
			"from": [-1, 5, 5],
			"to": [2, 6, 6],
			"faces": {
				"north": {"uv": [0, 0, 0.5, 1.5], "rotation": 90, "texture": "#4"},
				"east": {"uv": [0, 0, 0.5, 1.5], "rotation": 90, "texture": "#4"},
				"south": {"uv": [0, 0, 0.5, 1.5], "rotation": 90, "texture": "#4"},
				"west": {"uv": [0, 0, 0.5, 1.5], "rotation": 90, "texture": "#4", "cullface": "west"},
				"up": {"uv": [0, 0, 0.5, 1.5], "texture": "#4"},
				"down": {"uv": [0, 0, 0.5, 1.5], "rotation": 180, "texture": "#4"}
			}
		},
		{
			"from": [-1, 5, 7],
			"to": [0, 6, 9],
			"faces": {
				"north": {"uv": [0, 0, 0.5, 1.5], "rotation": 90, "texture": "#4", "cullface": "west"},
				"south": {"uv": [0, 0, 0.5, 1.5], "rotation": 90, "texture": "#4", "cullface": "west"},
				"west": {"uv": [0, 0, 0.5, 1.5], "rotation": 90, "texture": "#4", "cullface": "west"},
				"up": {"uv": [0, 0, 0.5, 1.5], "texture": "#4", "cullface": "west"},
				"down": {"uv": [0, 0, 0.5, 1.5], "rotation": 180, "texture": "#4", "cullface": "west"}
			}
		},
		{
			"from": [-1, 5, 10],
			"to": [2, 6, 11],
			"faces": {
				"north": {"uv": [0, 0, 0.5, 1.5], "rotation": 90, "texture": "#4"},
				"east": {"uv": [0, 0, 0.5, 1.5], "rotation": 90, "texture": "#4"},
				"south": {"uv": [0, 0, 0.5, 1.5], "rotation": 90, "texture": "#4"},
				"west": {"uv": [0, 0, 0.5, 1.5], "rotation": 90, "texture": "#4", "cullface": "west"},
				"up": {"uv": [0, 0, 0.5, 1.5], "texture": "#4"},
				"down": {"uv": [0, 0, 0.5, 1.5], "rotation": 180, "texture": "#4"}
			}
		},
		{
			"from": [-2, 2, 5],
			"to": [-1, 5, 6],
			"faces": {
				"north": {"uv": [0, 0, 0.5, 1.5], "texture": "#4", "cullface": "west"},
				"east": {"uv": [0, 0, 0.5, 1.5], "texture": "#4", "cullface": "west"},
				"south": {"uv": [0, 0, 0.5, 1.5], "texture": "#4", "cullface": "west"},
				"west": {"uv": [0, 0, 0.5, 1.5], "texture": "#4", "cullface": "west"},
				"up": {"uv": [0, 0, 0.5, 1.5], "rotation": 270, "texture": "#4", "cullface": "west"}
			}
		},
		{
			"from": [-2, 2, 7],
			"to": [-1, 5, 9],
			"faces": {
				"north": {"uv": [0, 0, 0.5, 1.5], "texture": "#4", "cullface": "west"},
				"east": {"uv": [0, 0, 0.5, 1.5], "texture": "#4", "cullface": "west"},
				"south": {"uv": [0, 0, 0.5, 1.5], "texture": "#4", "cullface": "west"},
				"west": {"uv": [0, 0, 0.5, 1.5], "texture": "#4", "cullface": "west"},
				"up": {"uv": [0, 0, 0.5, 1.5], "rotation": 270, "texture": "#4", "cullface": "west"}
			}
		},
		{
			"from": [-2, 2, 10],
			"to": [-1, 5, 11],
			"faces": {
				"north": {"uv": [0, 0, 0.5, 1.5], "texture": "#4", "cullface": "west"},
				"east": {"uv": [0, 0, 0.5, 1.5], "texture": "#4", "cullface": "west"},
				"south": {"uv": [0, 0, 0.5, 1.5], "texture": "#4", "cullface": "west"},
				"west": {"uv": [0, 0, 0.5, 1.5], "texture": "#4", "cullface": "west"},
				"up": {"uv": [0, 0, 0.5, 1.5], "rotation": 270, "texture": "#4", "cullface": "west"}
			}
		},
		{
			"from": [2, 1, 5],
			"to": [4, 11, 8],
			"faces": {
				"east": {"uv": [0, 0, 0.5, 4], "texture": "#2"},
				"west": {"uv": [0, 0, 0.5, 4], "texture": "#2"}
			}
		},
		{
			"from": [0, 2, 7],
			"to": [1, 10, 9],
			"faces": {
				"north": {"uv": [0, 0, 0.5, 4], "texture": "#2"},
				"east": {"uv": [0, 0, 0.5, 4], "texture": "#2"},
				"south": {"uv": [0, 0, 0.5, 4], "texture": "#2"},
				"west": {"uv": [0, 0, 0.5, 4], "texture": "#2", "cullface": "west"},
				"up": {"uv": [4, 0, 6.5, 4], "rotation": 270, "texture": "#2"}
			}
		},
		{
			"from": [1, 2, 9],
			"to": [2, 10, 10],
			"faces": {
				"north": {"uv": [0, 0, 0.5, 4], "texture": "#2"},
				"east": {"uv": [0, 0, 0.5, 4], "texture": "#2"},
				"south": {"uv": [0, 0, 0.5, 4], "texture": "#2"},
				"west": {"uv": [0, 0, 0.5, 4], "texture": "#2"},
				"up": {"uv": [0, 0, 0.5, 4], "rotation": 270, "texture": "#2"}
			}
		},
		{
			"from": [2, 1, 8],
			"to": [4, 11, 11],
			"faces": {
				"east": {"uv": [0, 0, 0.5, 4], "texture": "#2"},
				"west": {"uv": [0, 0, 0.5, 4], "texture": "#2"}
			}
		},
		{
			"from": [6, 2, 14],
			"to": [7, 10, 15],
			"faces": {
				"north": {"uv": [0, 0, 0.5, 4], "texture": "#2"},
				"east": {"uv": [0, 0, 0.5, 4], "texture": "#2"},
				"south": {"uv": [0, 0, 0.5, 4], "texture": "#2"},
				"west": {"uv": [0, 0, 0.5, 4], "texture": "#2"},
				"up": {"uv": [0, 0, 0.5, 4], "rotation": 180, "texture": "#2"}
			}
		},
		{
			"from": [5, 5, 14],
			"to": [6, 6, 17],
			"faces": {
				"north": {"uv": [0, 0, 0.5, 1.5], "rotation": 90, "texture": "#4"},
				"east": {"uv": [0, 0, 0.5, 1.5], "rotation": 90, "texture": "#4"},
				"south": {"uv": [0, 0, 0.5, 1.5], "rotation": 90, "texture": "#4", "cullface": "south"},
				"west": {"uv": [0, 0, 0.5, 1.5], "rotation": 90, "texture": "#4"},
				"up": {"uv": [0, 0, 0.5, 1.5], "rotation": 270, "texture": "#4"},
				"down": {"uv": [0, 0, 0.5, 1.5], "rotation": 270, "texture": "#4"}
			}
		},
		{
			"from": [7, 5, 16],
			"to": [9, 6, 17],
			"faces": {
				"east": {"uv": [0, 0, 0.5, 1.5], "rotation": 90, "texture": "#4", "cullface": "south"},
				"south": {"uv": [0, 0, 0.5, 1.5], "rotation": 90, "texture": "#4", "cullface": "south"},
				"west": {"uv": [0, 0, 0.5, 1.5], "rotation": 90, "texture": "#4", "cullface": "south"},
				"up": {"uv": [0, 0, 0.5, 1.5], "rotation": 270, "texture": "#4", "cullface": "south"},
				"down": {"uv": [0, 0, 0.5, 1.5], "rotation": 270, "texture": "#4", "cullface": "south"}
			}
		},
		{
			"from": [10, 5, 14],
			"to": [11, 6, 17],
			"faces": {
				"north": {"uv": [0, 0, 0.5, 1.5], "rotation": 90, "texture": "#4"},
				"east": {"uv": [0, 0, 0.5, 1.5], "rotation": 90, "texture": "#4"},
				"south": {"uv": [0, 0, 0.5, 1.5], "rotation": 90, "texture": "#4", "cullface": "south"},
				"west": {"uv": [0, 0, 0.5, 1.5], "rotation": 90, "texture": "#4"},
				"up": {"uv": [0, 0, 0.5, 1.5], "rotation": 270, "texture": "#4"},
				"down": {"uv": [0, 0, 0.5, 1.5], "rotation": 270, "texture": "#4"}
			}
		},
		{
			"from": [5, 2, 17],
			"to": [6, 5, 18],
			"faces": {
				"north": {"uv": [0, 0, 0.5, 1.5], "texture": "#4", "cullface": "south"},
				"east": {"uv": [0, 0, 0.5, 1.5], "texture": "#4", "cullface": "south"},
				"south": {"uv": [0, 0, 0.5, 1.5], "texture": "#4", "cullface": "south"},
				"west": {"uv": [0, 0, 0.5, 1.5], "texture": "#4", "cullface": "south"},
				"up": {"uv": [0, 0, 0.5, 1.5], "rotation": 180, "texture": "#4", "cullface": "south"}
			}
		},
		{
			"from": [7, 2, 17],
			"to": [9, 5, 18],
			"faces": {
				"north": {"uv": [0, 0, 0.5, 1.5], "texture": "#4", "cullface": "south"},
				"east": {"uv": [0, 0, 0.5, 1.5], "texture": "#4", "cullface": "south"},
				"south": {"uv": [0, 0, 0.5, 1.5], "texture": "#4", "cullface": "south"},
				"west": {"uv": [0, 0, 0.5, 1.5], "texture": "#4", "cullface": "south"},
				"up": {"uv": [0, 0, 0.5, 1.5], "rotation": 180, "texture": "#4", "cullface": "south"}
			}
		},
		{
			"from": [10, 2, 17],
			"to": [11, 5, 18],
			"faces": {
				"north": {"uv": [0, 0, 0.5, 1.5], "texture": "#4", "cullface": "south"},
				"east": {"uv": [0, 0, 0.5, 1.5], "texture": "#4", "cullface": "south"},
				"south": {"uv": [0, 0, 0.5, 1.5], "texture": "#4", "cullface": "south"},
				"west": {"uv": [0, 0, 0.5, 1.5], "texture": "#4", "cullface": "south"},
				"up": {"uv": [0, 0, 0.5, 1.5], "rotation": 180, "texture": "#4", "cullface": "south"}
			}
		},
		{
			"from": [5, 1, 12],
			"to": [8, 11, 14],
			"faces": {
				"north": {"uv": [0, 0, 0.5, 4], "texture": "#2"},
				"south": {"uv": [0, 0, 0.5, 4], "texture": "#2"}
			}
		},
		{
			"from": [6, 10, 14],
			"to": [10, 11, 15],
			"faces": {
				"north": {"uv": [0, 0, 0.5, 2], "texture": "#2", "cullface": "south"},
				"east": {"uv": [0, 0, 0.5, 2], "texture": "#2", "cullface": "south"},
				"south": {"uv": [0, 0, 0.5, 2], "texture": "#2", "cullface": "south"},
				"west": {"uv": [0, 0, 0.5, 2], "texture": "#2", "cullface": "south"},
				"up": {"uv": [0, 0, 0.5, 2], "texture": "#2", "cullface": "south"},
				"down": {"uv": [0, 0, 0.5, 2], "texture": "#2", "cullface": "south"}
			}
		},
		{
			"from": [6, 10, 1],
			"to": [10, 11, 2],
			"faces": {
				"north": {"uv": [0, 0, 0.5, 2], "texture": "#2", "cullface": "south"},
				"east": {"uv": [0, 0, 0.5, 2], "texture": "#2", "cullface": "south"},
				"south": {"uv": [0, 0, 0.5, 2], "texture": "#2", "cullface": "south"},
				"west": {"uv": [0, 0, 0.5, 2], "texture": "#2", "cullface": "south"},
				"up": {"uv": [0, 0, 0.5, 2], "texture": "#2", "cullface": "south"},
				"down": {"uv": [0, 0, 0.5, 2], "texture": "#2", "cullface": "south"}
			}
		},
		{
			"from": [7, 2, 15],
			"to": [9, 10, 16],
			"faces": {
				"north": {"uv": [0, 0, 0.5, 4], "texture": "#2"},
				"east": {"uv": [0, 0, 0.5, 4], "texture": "#2"},
				"south": {"uv": [0, 0, 0.5, 4], "texture": "#2", "cullface": "south"},
				"west": {"uv": [0, 0, 0.5, 4], "texture": "#2"},
				"up": {"uv": [4, 0, 6.5, 4], "rotation": 180, "texture": "#2"}
			}
		},
		{
			"from": [9, 2, 14],
			"to": [10, 10, 15],
			"faces": {
				"north": {"uv": [0, 0, 0.5, 4], "texture": "#2"},
				"east": {"uv": [0, 0, 0.5, 4], "texture": "#2"},
				"south": {"uv": [0, 0, 0.5, 4], "texture": "#2"},
				"west": {"uv": [0, 0, 0.5, 4], "texture": "#2"},
				"up": {"uv": [0, 0, 0.5, 4], "rotation": 180, "texture": "#2"}
			}
		},
		{
			"from": [8, 1, 12],
			"to": [11, 11, 14],
			"faces": {
				"north": {"uv": [0, 0, 0.5, 4], "texture": "#2"},
				"south": {"uv": [0, 0, 0.5, 4], "texture": "#2"}
			}
		},
		{
			"from": [14, 2, 9],
			"to": [15, 10, 10],
			"faces": {
				"north": {"uv": [0, 0, 0.5, 4], "texture": "#2"},
				"east": {"uv": [0, 0, 0.5, 4], "texture": "#2"},
				"south": {"uv": [0, 0, 0.5, 4], "texture": "#2"},
				"west": {"uv": [0, 0, 0.5, 4], "texture": "#2"},
				"up": {"uv": [0, 0, 0.5, 4], "rotation": 90, "texture": "#2"}
			}
		},
		{
			"from": [14, 5, 10],
			"to": [17, 6, 11],
			"faces": {
				"north": {"uv": [0, 0, 0.5, 1.5], "rotation": 90, "texture": "#4"},
				"east": {"uv": [0, 0, 0.5, 1.5], "rotation": 90, "texture": "#4", "cullface": "east"},
				"south": {"uv": [0, 0, 0.5, 1.5], "rotation": 90, "texture": "#4"},
				"west": {"uv": [0, 0, 0.5, 1.5], "rotation": 90, "texture": "#4"},
				"up": {"uv": [0, 0, 0.5, 1.5], "rotation": 180, "texture": "#4"},
				"down": {"uv": [0, 0, 0.5, 1.5], "texture": "#4"}
			}
		},
		{
			"from": [16, 5, 7],
			"to": [17, 6, 9],
			"faces": {
				"north": {"uv": [0, 0, 0.5, 1.5], "rotation": 90, "texture": "#4", "cullface": "east"},
				"east": {"uv": [0, 0, 0.5, 1.5], "rotation": 90, "texture": "#4", "cullface": "east"},
				"south": {"uv": [0, 0, 0.5, 1.5], "rotation": 90, "texture": "#4", "cullface": "east"},
				"up": {"uv": [0, 0, 0.5, 1.5], "rotation": 180, "texture": "#4", "cullface": "east"},
				"down": {"uv": [0, 0, 0.5, 1.5], "texture": "#4", "cullface": "east"}
			}
		},
		{
			"from": [14, 5, 5],
			"to": [17, 6, 6],
			"faces": {
				"north": {"uv": [0, 0, 0.5, 1.5], "rotation": 90, "texture": "#4"},
				"east": {"uv": [0, 0, 0.5, 1.5], "rotation": 90, "texture": "#4", "cullface": "east"},
				"south": {"uv": [0, 0, 0.5, 1.5], "rotation": 90, "texture": "#4"},
				"west": {"uv": [0, 0, 0.5, 1.5], "rotation": 90, "texture": "#4"},
				"up": {"uv": [0, 0, 0.5, 1.5], "rotation": 180, "texture": "#4"},
				"down": {"uv": [0, 0, 0.5, 1.5], "texture": "#4"}
			}
		},
		{
			"from": [17, 2, 10],
			"to": [18, 5, 11],
			"faces": {
				"north": {"uv": [0, 0, 0.5, 1.5], "texture": "#4", "cullface": "east"},
				"east": {"uv": [0, 0, 0.5, 1.5], "texture": "#4", "cullface": "east"},
				"south": {"uv": [0, 0, 0.5, 1.5], "texture": "#4", "cullface": "east"},
				"west": {"uv": [0, 0, 0.5, 1.5], "texture": "#4", "cullface": "east"},
				"up": {"uv": [0, 0, 0.5, 1.5], "rotation": 90, "texture": "#4", "cullface": "east"}
			}
		},
		{
			"from": [17, 2, 7],
			"to": [18, 5, 9],
			"faces": {
				"north": {"uv": [0, 0, 0.5, 1.5], "texture": "#4", "cullface": "east"},
				"east": {"uv": [0, 0, 0.5, 1.5], "texture": "#4", "cullface": "east"},
				"south": {"uv": [0, 0, 0.5, 1.5], "texture": "#4", "cullface": "east"},
				"west": {"uv": [0, 0, 0.5, 1.5], "texture": "#4", "cullface": "east"},
				"up": {"uv": [0, 0, 0.5, 1.5], "rotation": 90, "texture": "#4", "cullface": "east"}
			}
		},
		{
			"from": [17, 2, 5],
			"to": [18, 5, 6],
			"faces": {
				"north": {"uv": [0, 0, 0.5, 1.5], "texture": "#4", "cullface": "east"},
				"east": {"uv": [0, 0, 0.5, 1.5], "texture": "#4", "cullface": "east"},
				"south": {"uv": [0, 0, 0.5, 1.5], "texture": "#4", "cullface": "east"},
				"west": {"uv": [0, 0, 0.5, 1.5], "texture": "#4", "cullface": "east"},
				"up": {"uv": [0, 0, 0.5, 1.5], "rotation": 90, "texture": "#4", "cullface": "east"}
			}
		},
		{
			"from": [12, 1, 8],
			"to": [14, 11, 11],
			"faces": {
				"east": {"uv": [0, 0, 0.5, 4], "texture": "#2"},
				"west": {"uv": [0, 0, 0.5, 4], "texture": "#2"}
			}
		},
		{
			"from": [1, 10, 6],
			"to": [2, 11, 10],
			"faces": {
				"north": {"uv": [0, 0, 0.5, 2], "texture": "#2", "cullface": "east"},
				"east": {"uv": [0, 0, 0.5, 2], "texture": "#2", "cullface": "east"},
				"south": {"uv": [0, 0, 0.5, 2], "texture": "#2", "cullface": "east"},
				"west": {"uv": [0, 0, 0.5, 2], "texture": "#2", "cullface": "east"},
				"up": {"uv": [0, 0, 0.5, 2], "texture": "#2", "cullface": "east"},
				"down": {"uv": [0, 0, 0.5, 2], "texture": "#2", "cullface": "east"}
			}
		},
		{
			"from": [14, 10, 6],
			"to": [15, 11, 10],
			"faces": {
				"north": {"uv": [0, 0, 0.5, 2], "texture": "#2", "cullface": "east"},
				"east": {"uv": [0, 0, 0.5, 2], "texture": "#2", "cullface": "east"},
				"south": {"uv": [0, 0, 0.5, 2], "texture": "#2", "cullface": "east"},
				"west": {"uv": [0, 0, 0.5, 2], "texture": "#2", "cullface": "east"},
				"up": {"uv": [0, 0, 0.5, 2], "texture": "#2", "cullface": "east"},
				"down": {"uv": [0, 0, 0.5, 2], "texture": "#2", "cullface": "east"}
			}
		},
		{
			"from": [15, 2, 7],
			"to": [16, 10, 9],
			"faces": {
				"north": {"uv": [0, 0, 0.5, 4], "texture": "#2"},
				"east": {"uv": [0, 0, 0.5, 4], "texture": "#2", "cullface": "east"},
				"south": {"uv": [0, 0, 0.5, 4], "texture": "#2"},
				"west": {"uv": [0, 0, 0.5, 4], "texture": "#2"},
				"up": {"uv": [4, 0, 6.5, 4], "rotation": 90, "texture": "#2"}
			}
		},
		{
			"from": [14, 2, 6],
			"to": [15, 10, 7],
			"faces": {
				"north": {"uv": [0, 0, 0.5, 4], "texture": "#2"},
				"east": {"uv": [0, 0, 0.5, 4], "texture": "#2"},
				"south": {"uv": [0, 0, 0.5, 4], "texture": "#2"},
				"west": {"uv": [0, 0, 0.5, 4], "texture": "#2"},
				"up": {"uv": [0, 0, 0.5, 4], "rotation": 90, "texture": "#2"}
			}
		},
		{
			"from": [12, 1, 5],
			"to": [14, 11, 8],
			"faces": {
				"east": {"uv": [0, 0, 0.5, 4], "texture": "#2"},
				"west": {"uv": [0, 0, 0.5, 4], "texture": "#2"}
			}
		},
		{
			"from": [14, 2, 9],
			"to": [15, 10, 10],
			"rotation": {"angle": 45, "axis": "y", "origin": [8, 8, 8]},
			"faces": {
				"north": {"uv": [0, 0, 0.5, 4], "texture": "#2"},
				"east": {"uv": [0, 0, 0.5, 4], "texture": "#2"},
				"south": {"uv": [0, 0, 0.5, 4], "texture": "#2"},
				"west": {"uv": [0, 0, 0.5, 4], "texture": "#2"},
				"up": {"uv": [0, 0, 0.5, 4], "rotation": 90, "texture": "#2"},
				"down": {"uv": [0, 0, 0.5, 4], "rotation": 270, "texture": "#2"}
			}
		},
		{
			"from": [14, 5, 10],
			"to": [17, 6, 11],
			"rotation": {"angle": 45, "axis": "y", "origin": [8, 8, 8]},
			"faces": {
				"north": {"uv": [0, 0, 0.5, 1.5], "rotation": 90, "texture": "#4"},
				"east": {"uv": [0, 0, 0.5, 1.5], "rotation": 90, "texture": "#4"},
				"south": {"uv": [0, 0, 0.5, 1.5], "rotation": 90, "texture": "#4"},
				"west": {"uv": [0, 0, 0.5, 1.5], "rotation": 90, "texture": "#4"},
				"up": {"uv": [0, 0, 0.5, 1.5], "rotation": 180, "texture": "#4"},
				"down": {"uv": [0, 0, 0.5, 1.5], "texture": "#4"}
			}
		},
		{
			"from": [16, 5, 7],
			"to": [17, 6, 9],
			"rotation": {"angle": 45, "axis": "y", "origin": [8, 8, 8]},
			"faces": {
				"north": {"uv": [0, 0, 0.5, 1.5], "rotation": 90, "texture": "#4"},
				"east": {"uv": [0, 0, 0.5, 1.5], "rotation": 90, "texture": "#4"},
				"south": {"uv": [0, 0, 0.5, 1.5], "rotation": 90, "texture": "#4"},
				"up": {"uv": [0, 0, 0.5, 1.5], "rotation": 180, "texture": "#4"},
				"down": {"uv": [0, 0, 0.5, 1.5], "texture": "#4"}
			}
		},
		{
			"from": [14, 5, 5],
			"to": [17, 6, 6],
			"rotation": {"angle": 45, "axis": "y", "origin": [8, 8, 8]},
			"faces": {
				"north": {"uv": [0, 0, 0.5, 1.5], "rotation": 90, "texture": "#4"},
				"east": {"uv": [0, 0, 0.5, 1.5], "rotation": 90, "texture": "#4"},
				"south": {"uv": [0, 0, 0.5, 1.5], "rotation": 90, "texture": "#4"},
				"west": {"uv": [0, 0, 0.5, 1.5], "rotation": 90, "texture": "#4"},
				"up": {"uv": [0, 0, 0.5, 1.5], "rotation": 180, "texture": "#4"},
				"down": {"uv": [0, 0, 0.5, 1.5], "texture": "#4"}
			}
		},
		{
			"from": [17, 2, 10],
			"to": [18, 5, 11],
			"rotation": {"angle": 45, "axis": "y", "origin": [8, 8, 8]},
			"faces": {
				"north": {"uv": [0, 0, 0.5, 1.5], "texture": "#4"},
				"east": {"uv": [0, 0, 0.5, 1.5], "texture": "#4", "cullface": "east"},
				"south": {"uv": [0, 0, 0.5, 1.5], "texture": "#4", "cullface": "east"},
				"west": {"uv": [0, 0, 0.5, 1.5], "texture": "#4"},
				"up": {"uv": [0, 0, 0.5, 1.5], "rotation": 90, "texture": "#4"},
				"down": {"uv": [0, 0, 0.5, 1.5], "rotation": 270, "texture": "#4"}
			}
		},
		{
			"from": [17, 2, 7],
			"to": [18, 5, 9],
			"rotation": {"angle": 45, "axis": "y", "origin": [8, 8, 8]},
			"faces": {
				"north": {"uv": [0, 0, 0.5, 1.5], "texture": "#4"},
				"east": {"uv": [0, 0, 0.5, 1.5], "texture": "#4"},
				"south": {"uv": [0, 0, 0.5, 1.5], "texture": "#4"},
				"west": {"uv": [0, 0, 0.5, 1.5], "texture": "#4"},
				"up": {"uv": [0, 0, 0.5, 1.5], "rotation": 90, "texture": "#4"},
				"down": {"uv": [0, 0, 0.5, 1.5], "rotation": 270, "texture": "#4"}
			}
		},
		{
			"from": [17, 2, 5],
			"to": [18, 5, 6],
			"rotation": {"angle": 45, "axis": "y", "origin": [8, 8, 8]},
			"faces": {
				"north": {"uv": [0, 0, 0.5, 1.5], "texture": "#4", "cullface": "north"},
				"east": {"uv": [0, 0, 0.5, 1.5], "texture": "#4", "cullface": "north"},
				"south": {"uv": [0, 0, 0.5, 1.5], "texture": "#4"},
				"west": {"uv": [0, 0, 0.5, 1.5], "texture": "#4"},
				"up": {"uv": [0, 0, 0.5, 1.5], "rotation": 90, "texture": "#4"},
				"down": {"uv": [0, 0, 0.5, 1.5], "rotation": 270, "texture": "#4"}
			}
		},
		{
			"from": [12, 1, 8],
			"to": [14, 11, 11],
			"rotation": {"angle": 45, "axis": "y", "origin": [8, 8, 8]},
			"faces": {
				"east": {"uv": [0, 0, 0.5, 4], "texture": "#2"},
				"west": {"uv": [0, 0, 0.5, 4], "texture": "#2"}
			}
		},
		{
			"from": [15, 2, 7],
			"to": [16, 10, 9],
			"rotation": {"angle": 45, "axis": "y", "origin": [8, 8, 8]},
			"faces": {
				"north": {"uv": [0, 0, 0.5, 4], "texture": "#2"},
				"east": {"uv": [0, 0, 0.5, 4], "texture": "#2"},
				"south": {"uv": [0, 0, 0.5, 4], "texture": "#2"},
				"west": {"uv": [0, 0, 0.5, 4], "texture": "#2"},
				"up": {"uv": [4, 0, 6.5, 4], "rotation": 90, "texture": "#2"},
				"down": {"uv": [0, 0, 0.5, 4], "rotation": 270, "texture": "#2"}
			}
		},
		{
			"from": [12, 1, 6],
			"to": [15, 11, 10],
			"rotation": {"angle": 45, "axis": "y", "origin": [8, 8, 8]},
			"faces": {
				"north": {"uv": [0, 0, 0.5, 4], "texture": "#2"},
				"east": {"uv": [0, 0, 0.5, 4], "texture": "#2"},
				"south": {"uv": [0, 0, 0.5, 4], "texture": "#2"},
				"west": {"uv": [0, 0, 0.5, 4], "texture": "#2"},
				"up": {"uv": [0, 0, 0.5, 4], "rotation": 90, "texture": "#2"},
				"down": {"uv": [0, 0, 0.5, 4], "rotation": 270, "texture": "#2"}
			}
		},
		{
			"from": [14, 2, 6],
			"to": [15, 10, 7],
			"rotation": {"angle": 45, "axis": "y", "origin": [8, 8, 8]},
			"faces": {
				"north": {"uv": [0, 0, 0.5, 4], "texture": "#2"},
				"east": {"uv": [0, 0, 0.5, 4], "texture": "#2"},
				"south": {"uv": [0, 0, 0.5, 4], "texture": "#2"},
				"west": {"uv": [0, 0, 0.5, 4], "texture": "#2"},
				"up": {"uv": [0, 0, 0.5, 4], "rotation": 90, "texture": "#2"},
				"down": {"uv": [0, 0, 0.5, 4], "rotation": 270, "texture": "#2"}
			}
		},
		{
			"from": [12, 1, 5],
			"to": [14, 11, 8],
			"rotation": {"angle": 45, "axis": "y", "origin": [8, 8, 8]},
			"faces": {
				"east": {"uv": [0, 0, 0.5, 4], "texture": "#2"},
				"west": {"uv": [0, 0, 0.5, 4], "texture": "#2"}
			}
		},
		{
			"from": [9, 2, 1],
			"to": [10, 10, 2],
			"rotation": {"angle": 45, "axis": "y", "origin": [8, 8, 8]},
			"faces": {
				"north": {"uv": [0, 0, 0.5, 4], "texture": "#2"},
				"east": {"uv": [0, 0, 0.5, 4], "texture": "#2"},
				"south": {"uv": [0, 0, 0.5, 4], "texture": "#2"},
				"west": {"uv": [0, 0, 0.5, 4], "texture": "#2"},
				"up": {"uv": [0, 0, 0.5, 4], "texture": "#2"},
				"down": {"uv": [0, 0, 0.5, 4], "texture": "#2"}
			}
		},
		{
			"from": [10, 5, -1],
			"to": [11, 6, 2],
			"rotation": {"angle": 45, "axis": "y", "origin": [8, 8, 8]},
			"faces": {
				"north": {"uv": [0, 0, 0.5, 1.5], "rotation": 90, "texture": "#4"},
				"east": {"uv": [0, 0, 0.5, 1.5], "rotation": 90, "texture": "#4"},
				"south": {"uv": [0, 0, 0.5, 1.5], "rotation": 90, "texture": "#4"},
				"west": {"uv": [0, 0, 0.5, 1.5], "rotation": 90, "texture": "#4"},
				"up": {"uv": [0, 0, 0.5, 1.5], "rotation": 90, "texture": "#4"},
				"down": {"uv": [0, 0, 0.5, 1.5], "rotation": 90, "texture": "#4"}
			}
		},
		{
			"from": [7, 5, -1],
			"to": [9, 6, 0],
			"rotation": {"angle": 45, "axis": "y", "origin": [8, 8, 8]},
			"faces": {
				"north": {"uv": [0, 0, 0.5, 1.5], "rotation": 90, "texture": "#4"},
				"east": {"uv": [0, 0, 0.5, 1.5], "rotation": 90, "texture": "#4"},
				"west": {"uv": [0, 0, 0.5, 1.5], "rotation": 90, "texture": "#4"},
				"up": {"uv": [0, 0, 0.5, 1.5], "rotation": 90, "texture": "#4"},
				"down": {"uv": [0, 0, 0.5, 1.5], "rotation": 90, "texture": "#4"}
			}
		},
		{
			"from": [5, 5, -1],
			"to": [6, 6, 2],
			"rotation": {"angle": 45, "axis": "y", "origin": [8, 8, 8]},
			"faces": {
				"north": {"uv": [0, 0, 0.5, 1.5], "rotation": 90, "texture": "#4"},
				"east": {"uv": [0, 0, 0.5, 1.5], "rotation": 90, "texture": "#4"},
				"south": {"uv": [0, 0, 0.5, 1.5], "rotation": 90, "texture": "#4"},
				"west": {"uv": [0, 0, 0.5, 1.5], "rotation": 90, "texture": "#4"},
				"up": {"uv": [0, 0, 0.5, 1.5], "rotation": 90, "texture": "#4"},
				"down": {"uv": [0, 0, 0.5, 1.5], "rotation": 90, "texture": "#4"}
			}
		},
		{
			"from": [10, 2, -2],
			"to": [11, 5, -1],
			"rotation": {"angle": 45, "axis": "y", "origin": [8, 8, 8]},
			"faces": {
				"north": {"uv": [0, 0, 0.5, 1.5], "texture": "#4", "cullface": "north"},
				"east": {"uv": [0, 0, 0.5, 1.5], "texture": "#4", "cullface": "north"},
				"south": {"uv": [0, 0, 0.5, 1.5], "texture": "#4"},
				"west": {"uv": [0, 0, 0.5, 1.5], "texture": "#4"},
				"up": {"uv": [0, 0, 0.5, 1.5], "texture": "#4"},
				"down": {"uv": [0, 0, 0.5, 1.5], "texture": "#4"}
			}
		},
		{
			"from": [7, 2, -2],
			"to": [9, 5, -1],
			"rotation": {"angle": 45, "axis": "y", "origin": [8, 8, 8]},
			"faces": {
				"north": {"uv": [0, 0, 0.5, 1.5], "texture": "#4"},
				"east": {"uv": [0, 0, 0.5, 1.5], "texture": "#4"},
				"south": {"uv": [0, 0, 0.5, 1.5], "texture": "#4"},
				"west": {"uv": [0, 0, 0.5, 1.5], "texture": "#4"},
				"up": {"uv": [0, 0, 0.5, 1.5], "texture": "#4"},
				"down": {"uv": [0, 0, 0.5, 1.5], "texture": "#4"}
			}
		},
		{
			"from": [5, 2, -2],
			"to": [6, 5, -1],
			"rotation": {"angle": 45, "axis": "y", "origin": [8, 8, 8]},
			"faces": {
				"north": {"uv": [0, 0, 0.5, 1.5], "texture": "#4", "cullface": "west"},
				"east": {"uv": [0, 0, 0.5, 1.5], "texture": "#4"},
				"south": {"uv": [0, 0, 0.5, 1.5], "texture": "#4"},
				"west": {"uv": [0, 0, 0.5, 1.5], "texture": "#4", "cullface": "west"},
				"up": {"uv": [0, 0, 0.5, 1.5], "texture": "#4"},
				"down": {"uv": [0, 0, 0.5, 1.5], "texture": "#4"}
			}
		},
		{
			"from": [8, 1, 2],
			"to": [11, 11, 4],
			"rotation": {"angle": 45, "axis": "y", "origin": [8, 8, 8]},
			"faces": {
				"north": {"uv": [0, 0, 0.5, 4], "texture": "#2"},
				"south": {"uv": [0, 0, 0.5, 4], "texture": "#2"}
			}
		},
		{
			"from": [7, 2, 0],
			"to": [9, 10, 1],
			"rotation": {"angle": 45, "axis": "y", "origin": [8, 8, 8]},
			"faces": {
				"north": {"uv": [0, 0, 0.5, 4], "texture": "#2"},
				"east": {"uv": [0, 0, 0.5, 4], "texture": "#2"},
				"south": {"uv": [0, 0, 0.5, 4], "texture": "#2"},
				"west": {"uv": [0, 0, 0.5, 4], "texture": "#2"},
				"up": {"uv": [4, 0, 6.5, 4], "texture": "#2"},
				"down": {"uv": [0, 0, 0.5, 4], "texture": "#2"}
			}
		},
		{
			"from": [6, 1, 1],
			"to": [10, 11, 4],
			"rotation": {"angle": 45, "axis": "y", "origin": [8, 8, 8]},
			"faces": {
				"north": {"uv": [0, 0, 0.5, 4], "texture": "#2"},
				"east": {"uv": [0, 0, 0.5, 4], "texture": "#2"},
				"south": {"uv": [0, 0, 0.5, 4], "texture": "#2"},
				"west": {"uv": [0, 0, 0.5, 4], "texture": "#2"},
				"up": {"uv": [0, 0, 0.5, 4], "texture": "#2"},
				"down": {"uv": [0, 0, 0.5, 4], "texture": "#2"}
			}
		},
		{
			"from": [6, 2, 1],
			"to": [7, 10, 2],
			"rotation": {"angle": 45, "axis": "y", "origin": [8, 8, 8]},
			"faces": {
				"north": {"uv": [0, 0, 0.5, 4], "texture": "#2"},
				"east": {"uv": [0, 0, 0.5, 4], "texture": "#2"},
				"south": {"uv": [0, 0, 0.5, 4], "texture": "#2"},
				"west": {"uv": [0, 0, 0.5, 4], "texture": "#2"},
				"up": {"uv": [0, 0, 0.5, 4], "texture": "#2"},
				"down": {"uv": [0, 0, 0.5, 4], "texture": "#2"}
			}
		},
		{
			"from": [5, 1, 2],
			"to": [8, 11, 4],
			"rotation": {"angle": 45, "axis": "y", "origin": [8, 8, 8]},
			"faces": {
				"north": {"uv": [0, 0, 0.5, 4], "texture": "#2"},
				"south": {"uv": [0, 0, 0.5, 4], "texture": "#2"}
			}
		},
		{
			"from": [1, 2, 6],
			"to": [2, 10, 7],
			"rotation": {"angle": 45, "axis": "y", "origin": [8, 8, 8]},
			"faces": {
				"north": {"uv": [0, 0, 0.5, 4], "texture": "#2"},
				"east": {"uv": [0, 0, 0.5, 4], "texture": "#2"},
				"south": {"uv": [0, 0, 0.5, 4], "texture": "#2"},
				"west": {"uv": [0, 0, 0.5, 4], "texture": "#2"},
				"up": {"uv": [0, 0, 0.5, 4], "rotation": 270, "texture": "#2"},
				"down": {"uv": [0, 0, 0.5, 4], "rotation": 90, "texture": "#2"}
			}
		},
		{
			"from": [-1, 5, 5],
			"to": [2, 6, 6],
			"rotation": {"angle": 45, "axis": "y", "origin": [8, 8, 8]},
			"faces": {
				"north": {"uv": [0, 0, 0.5, 1.5], "rotation": 90, "texture": "#4"},
				"east": {"uv": [0, 0, 0.5, 1.5], "rotation": 90, "texture": "#4"},
				"south": {"uv": [0, 0, 0.5, 1.5], "rotation": 90, "texture": "#4"},
				"west": {"uv": [0, 0, 0.5, 1.5], "rotation": 90, "texture": "#4"},
				"up": {"uv": [0, 0, 0.5, 1.5], "texture": "#4"},
				"down": {"uv": [0, 0, 0.5, 1.5], "rotation": 180, "texture": "#4"}
			}
		},
		{
			"from": [-1, 5, 7],
			"to": [0, 6, 9],
			"rotation": {"angle": 45, "axis": "y", "origin": [8, 8, 8]},
			"faces": {
				"north": {"uv": [0, 0, 0.5, 1.5], "rotation": 90, "texture": "#4"},
				"south": {"uv": [0, 0, 0.5, 1.5], "rotation": 90, "texture": "#4"},
				"west": {"uv": [0, 0, 0.5, 1.5], "rotation": 90, "texture": "#4"},
				"up": {"uv": [0, 0, 0.5, 1.5], "texture": "#4"},
				"down": {"uv": [0, 0, 0.5, 1.5], "rotation": 180, "texture": "#4"}
			}
		},
		{
			"from": [-1, 5, 10],
			"to": [2, 6, 11],
			"rotation": {"angle": 45, "axis": "y", "origin": [8, 8, 8]},
			"faces": {
				"north": {"uv": [0, 0, 0.5, 1.5], "rotation": 90, "texture": "#4"},
				"east": {"uv": [0, 0, 0.5, 1.5], "rotation": 90, "texture": "#4"},
				"south": {"uv": [0, 0, 0.5, 1.5], "rotation": 90, "texture": "#4"},
				"west": {"uv": [0, 0, 0.5, 1.5], "rotation": 90, "texture": "#4"},
				"up": {"uv": [0, 0, 0.5, 1.5], "texture": "#4"},
				"down": {"uv": [0, 0, 0.5, 1.5], "rotation": 180, "texture": "#4"}
			}
		},
		{
			"from": [-2, 2, 5],
			"to": [-1, 5, 6],
			"rotation": {"angle": 45, "axis": "y", "origin": [8, 8, 8]},
			"faces": {
				"north": {"uv": [0, 0, 0.5, 1.5], "texture": "#4", "cullface": "west"},
				"east": {"uv": [0, 0, 0.5, 1.5], "texture": "#4"},
				"south": {"uv": [0, 0, 0.5, 1.5], "texture": "#4"},
				"west": {"uv": [0, 0, 0.5, 1.5], "texture": "#4", "cullface": "west"},
				"up": {"uv": [0, 0, 0.5, 1.5], "rotation": 270, "texture": "#4"},
				"down": {"uv": [0, 0, 0.5, 1.5], "rotation": 90, "texture": "#4"}
			}
		},
		{
			"from": [-2, 2, 7],
			"to": [-1, 5, 9],
			"rotation": {"angle": 45, "axis": "y", "origin": [8, 8, 8]},
			"faces": {
				"north": {"uv": [0, 0, 0.5, 1.5], "texture": "#4"},
				"east": {"uv": [0, 0, 0.5, 1.5], "texture": "#4"},
				"south": {"uv": [0, 0, 0.5, 1.5], "texture": "#4"},
				"west": {"uv": [0, 0, 0.5, 1.5], "texture": "#4"},
				"up": {"uv": [0, 0, 0.5, 1.5], "rotation": 270, "texture": "#4"},
				"down": {"uv": [0, 0, 0.5, 1.5], "rotation": 90, "texture": "#4"}
			}
		},
		{
			"from": [-2, 2, 10],
			"to": [-1, 5, 11],
			"rotation": {"angle": 45, "axis": "y", "origin": [8, 8, 8]},
			"faces": {
				"north": {"uv": [0, 0, 0.5, 1.5], "texture": "#4"},
				"east": {"uv": [0, 0, 0.5, 1.5], "texture": "#4"},
				"south": {"uv": [0, 0, 0.5, 1.5], "texture": "#4", "cullface": "south"},
				"west": {"uv": [0, 0, 0.5, 1.5], "texture": "#4", "cullface": "south"},
				"up": {"uv": [0, 0, 0.5, 1.5], "rotation": 270, "texture": "#4"},
				"down": {"uv": [0, 0, 0.5, 1.5], "rotation": 90, "texture": "#4"}
			}
		},
		{
			"from": [2, 1, 5],
			"to": [4, 11, 8],
			"rotation": {"angle": 45, "axis": "y", "origin": [8, 8, 8]},
			"faces": {
				"east": {"uv": [0, 0, 0.5, 4], "texture": "#2"},
				"west": {"uv": [0, 0, 0.5, 4], "texture": "#2"}
			}
		},
		{
			"from": [0, 2, 7],
			"to": [1, 10, 9],
			"rotation": {"angle": 45, "axis": "y", "origin": [8, 8, 8]},
			"faces": {
				"north": {"uv": [0, 0, 0.5, 4], "texture": "#2"},
				"east": {"uv": [0, 0, 0.5, 4], "texture": "#2"},
				"south": {"uv": [0, 0, 0.5, 4], "texture": "#2"},
				"west": {"uv": [0, 0, 0.5, 4], "texture": "#2"},
				"up": {"uv": [4, 0, 6.5, 4], "rotation": 270, "texture": "#2"},
				"down": {"uv": [0, 0, 0.5, 4], "rotation": 90, "texture": "#2"}
			}
		},
		{
			"from": [1, 1, 6],
			"to": [4, 11, 10],
			"rotation": {"angle": 45, "axis": "y", "origin": [8, 8, 8]},
			"faces": {
				"north": {"uv": [0, 0, 0.5, 4], "texture": "#2"},
				"east": {"uv": [0, 0, 0.5, 4], "texture": "#2"},
				"south": {"uv": [0, 0, 0.5, 4], "texture": "#2"},
				"west": {"uv": [0, 0, 0.5, 4], "texture": "#2"},
				"up": {"uv": [0, 0, 0.5, 4], "rotation": 270, "texture": "#2"},
				"down": {"uv": [0, 0, 0.5, 4], "rotation": 90, "texture": "#2"}
			}
		},
		{
			"from": [1, 2, 9],
			"to": [2, 10, 10],
			"rotation": {"angle": 45, "axis": "y", "origin": [8, 8, 8]},
			"faces": {
				"north": {"uv": [0, 0, 0.5, 4], "texture": "#2"},
				"east": {"uv": [0, 0, 0.5, 4], "texture": "#2"},
				"south": {"uv": [0, 0, 0.5, 4], "texture": "#2"},
				"west": {"uv": [0, 0, 0.5, 4], "texture": "#2"},
				"up": {"uv": [0, 0, 0.5, 4], "rotation": 270, "texture": "#2"},
				"down": {"uv": [0, 0, 0.5, 4], "rotation": 90, "texture": "#2"}
			}
		},
		{
			"from": [2, 1, 8],
			"to": [4, 11, 11],
			"rotation": {"angle": 45, "axis": "y", "origin": [8, 8, 8]},
			"faces": {
				"east": {"uv": [0, 0, 0.5, 4], "texture": "#2"},
				"west": {"uv": [0, 0, 0.5, 4], "texture": "#2"}
			}
		},
		{
			"from": [6, 2, 14],
			"to": [7, 10, 15],
			"rotation": {"angle": 45, "axis": "y", "origin": [8, 8, 8]},
			"faces": {
				"north": {"uv": [0, 0, 0.5, 4], "texture": "#2"},
				"east": {"uv": [0, 0, 0.5, 4], "texture": "#2"},
				"south": {"uv": [0, 0, 0.5, 4], "texture": "#2"},
				"west": {"uv": [0, 0, 0.5, 4], "texture": "#2"},
				"up": {"uv": [0, 0, 0.5, 4], "rotation": 180, "texture": "#2"},
				"down": {"uv": [0, 0, 0.5, 4], "rotation": 180, "texture": "#2"}
			}
		},
		{
			"from": [5, 5, 14],
			"to": [6, 6, 17],
			"rotation": {"angle": 45, "axis": "y", "origin": [8, 8, 8]},
			"faces": {
				"north": {"uv": [0, 0, 0.5, 1.5], "rotation": 90, "texture": "#4"},
				"east": {"uv": [0, 0, 0.5, 1.5], "rotation": 90, "texture": "#4"},
				"south": {"uv": [0, 0, 0.5, 1.5], "rotation": 90, "texture": "#4"},
				"west": {"uv": [0, 0, 0.5, 1.5], "rotation": 90, "texture": "#4"},
				"up": {"uv": [0, 0, 0.5, 1.5], "rotation": 270, "texture": "#4"},
				"down": {"uv": [0, 0, 0.5, 1.5], "rotation": 270, "texture": "#4"}
			}
		},
		{
			"from": [7, 5, 16],
			"to": [9, 6, 17],
			"rotation": {"angle": 45, "axis": "y", "origin": [8, 8, 8]},
			"faces": {
				"east": {"uv": [0, 0, 0.5, 1.5], "rotation": 90, "texture": "#4"},
				"south": {"uv": [0, 0, 0.5, 1.5], "rotation": 90, "texture": "#4"},
				"west": {"uv": [0, 0, 0.5, 1.5], "rotation": 90, "texture": "#4"},
				"up": {"uv": [0, 0, 0.5, 1.5], "rotation": 270, "texture": "#4"},
				"down": {"uv": [0, 0, 0.5, 1.5], "rotation": 270, "texture": "#4"}
			}
		},
		{
			"from": [10, 5, 14],
			"to": [11, 6, 17],
			"rotation": {"angle": 45, "axis": "y", "origin": [8, 8, 8]},
			"faces": {
				"north": {"uv": [0, 0, 0.5, 1.5], "rotation": 90, "texture": "#4"},
				"east": {"uv": [0, 0, 0.5, 1.5], "rotation": 90, "texture": "#4"},
				"south": {"uv": [0, 0, 0.5, 1.5], "rotation": 90, "texture": "#4"},
				"west": {"uv": [0, 0, 0.5, 1.5], "rotation": 90, "texture": "#4"},
				"up": {"uv": [0, 0, 0.5, 1.5], "rotation": 270, "texture": "#4"},
				"down": {"uv": [0, 0, 0.5, 1.5], "rotation": 270, "texture": "#4"}
			}
		},
		{
			"from": [5, 2, 17],
			"to": [6, 5, 18],
			"rotation": {"angle": 45, "axis": "y", "origin": [8, 8, 8]},
			"faces": {
				"north": {"uv": [0, 0, 0.5, 1.5], "texture": "#4"},
				"east": {"uv": [0, 0, 0.5, 1.5], "texture": "#4"},
				"south": {"uv": [0, 0, 0.5, 1.5], "texture": "#4", "cullface": "south"},
				"west": {"uv": [0, 0, 0.5, 1.5], "texture": "#4", "cullface": "south"},
				"up": {"uv": [0, 0, 0.5, 1.5], "rotation": 180, "texture": "#4"},
				"down": {"uv": [0, 0, 0.5, 1.5], "rotation": 180, "texture": "#4"}
			}
		},
		{
			"from": [7, 2, 17],
			"to": [9, 5, 18],
			"rotation": {"angle": 45, "axis": "y", "origin": [8, 8, 8]},
			"faces": {
				"north": {"uv": [0, 0, 0.5, 1.5], "texture": "#4"},
				"east": {"uv": [0, 0, 0.5, 1.5], "texture": "#4"},
				"south": {"uv": [0, 0, 0.5, 1.5], "texture": "#4"},
				"west": {"uv": [0, 0, 0.5, 1.5], "texture": "#4"},
				"up": {"uv": [0, 0, 0.5, 1.5], "rotation": 180, "texture": "#4"},
				"down": {"uv": [0, 0, 0.5, 1.5], "rotation": 180, "texture": "#4"}
			}
		},
		{
			"from": [10, 2, 17],
			"to": [11, 5, 18],
			"rotation": {"angle": 45, "axis": "y", "origin": [8, 8, 8]},
			"faces": {
				"north": {"uv": [0, 0, 0.5, 1.5], "texture": "#4"},
				"east": {"uv": [0, 0, 0.5, 1.5], "texture": "#4", "cullface": "east"},
				"south": {"uv": [0, 0, 0.5, 1.5], "texture": "#4", "cullface": "east"},
				"west": {"uv": [0, 0, 0.5, 1.5], "texture": "#4"},
				"up": {"uv": [0, 0, 0.5, 1.5], "rotation": 180, "texture": "#4"},
				"down": {"uv": [0, 0, 0.5, 1.5], "rotation": 180, "texture": "#4"}
			}
		},
		{
			"from": [5, 1, 12],
			"to": [8, 11, 14],
			"rotation": {"angle": 45, "axis": "y", "origin": [8, 8, 8]},
			"faces": {
				"north": {"uv": [0, 0, 0.5, 4], "texture": "#2"},
				"south": {"uv": [0, 0, 0.5, 4], "texture": "#2"}
			}
		},
		{
			"from": [7, 2, 15],
			"to": [9, 10, 16],
			"rotation": {"angle": 45, "axis": "y", "origin": [8, 8, 8]},
			"faces": {
				"north": {"uv": [0, 0, 0.5, 4], "texture": "#2"},
				"east": {"uv": [0, 0, 0.5, 4], "texture": "#2"},
				"south": {"uv": [0, 0, 0.5, 4], "texture": "#2"},
				"west": {"uv": [0, 0, 0.5, 4], "texture": "#2"},
				"up": {"uv": [4, 0, 6.5, 4], "rotation": 180, "texture": "#2"},
				"down": {"uv": [0, 0, 0.5, 4], "rotation": 180, "texture": "#2"}
			}
		},
		{
			"from": [6, 1, 12],
			"to": [10, 11, 15],
			"rotation": {"angle": 45, "axis": "y", "origin": [8, 8, 8]},
			"faces": {
				"north": {"uv": [0, 0, 0.5, 4], "texture": "#2"},
				"east": {"uv": [0, 0, 0.5, 4], "texture": "#2"},
				"south": {"uv": [0, 0, 0.5, 4], "texture": "#2"},
				"west": {"uv": [0, 0, 0.5, 4], "texture": "#2"},
				"up": {"uv": [0, 0, 0.5, 4], "rotation": 180, "texture": "#2"},
				"down": {"uv": [0, 0, 0.5, 4], "rotation": 180, "texture": "#2"}
			}
		},
		{
			"from": [9, 2, 14],
			"to": [10, 10, 15],
			"rotation": {"angle": 45, "axis": "y", "origin": [8, 8, 8]},
			"faces": {
				"north": {"uv": [0, 0, 0.5, 4], "texture": "#2"},
				"east": {"uv": [0, 0, 0.5, 4], "texture": "#2"},
				"south": {"uv": [0, 0, 0.5, 4], "texture": "#2"},
				"west": {"uv": [0, 0, 0.5, 4], "texture": "#2"},
				"up": {"uv": [0, 0, 0.5, 4], "rotation": 180, "texture": "#2"},
				"down": {"uv": [0, 0, 0.5, 4], "rotation": 180, "texture": "#2"}
			}
		},
		{
			"from": [8, 1, 12],
			"to": [11, 11, 14],
			"rotation": {"angle": 45, "axis": "y", "origin": [8, 8, 8]},
			"faces": {
				"north": {"uv": [0, 0, 0.5, 4], "texture": "#2"},
				"south": {"uv": [0, 0, 0.5, 4], "texture": "#2"}
			}
		},
		{
			"from": [0, 17, 6],
			"to": [16, 18, 10],
			"rotation": {"angle": 22.5, "axis": "y", "origin": [8, -3, 8]},
			"faces": {
				"north": {"uv": [6, 2, 9, 3.5], "texture": "#5", "cullface": "up"},
				"east": {"uv": [6, 2, 9, 3.5], "texture": "#5", "cullface": "up"},
				"south": {"uv": [6, 2, 9, 3.5], "texture": "#5", "cullface": "up"},
				"west": {"uv": [6, 2, 9, 3.5], "texture": "#5", "cullface": "up"},
				"up": {"uv": [6, 2, 7, 2.5], "texture": "#5", "cullface": "up"},
				"down": {"uv": [6, 2, 9, 3.5], "texture": "#5", "cullface": "up"}
			}
		},
		{
			"from": [0, 17, 6],
			"to": [16, 18, 10],
			"rotation": {"angle": 45, "axis": "y", "origin": [8, -3, 8]},
			"faces": {
				"north": {"uv": [6, 2, 9, 3.5], "texture": "#5", "cullface": "up"},
				"east": {"uv": [6, 2, 9, 3.5], "texture": "#5", "cullface": "up"},
				"south": {"uv": [6, 2, 9, 3.5], "texture": "#5", "cullface": "up"},
				"west": {"uv": [6, 2, 9, 3.5], "texture": "#5", "cullface": "up"},
				"up": {"uv": [6, 2, 7, 2.5], "texture": "#5", "cullface": "up"},
				"down": {"uv": [6, 2, 9, 3.5], "texture": "#5", "cullface": "up"}
			}
		},
		{
			"from": [6, 17, 0],
			"to": [10, 18, 16],
			"rotation": {"angle": -22.5, "axis": "y", "origin": [8, -3, 8]},
			"faces": {
				"north": {"uv": [6, 2, 9, 3.5], "texture": "#5", "cullface": "up"},
				"east": {"uv": [6, 2, 9, 3.5], "texture": "#5", "cullface": "up"},
				"south": {"uv": [6, 2, 9, 3.5], "texture": "#5", "cullface": "up"},
				"west": {"uv": [6, 2, 9, 3.5], "texture": "#5", "cullface": "up"},
				"up": {"uv": [6, 2, 7, 2.5], "texture": "#5", "cullface": "up"},
				"down": {"uv": [6, 2, 9, 3.5], "texture": "#5", "cullface": "up"}
			}
		},
		{
			"from": [6, 17, 0],
			"to": [10, 18, 16],
			"rotation": {"angle": 0, "axis": "y", "origin": [8, -3, 8]},
			"faces": {
				"north": {"uv": [6, 2, 9, 3.5], "texture": "#5", "cullface": "north"},
				"east": {"uv": [6, 2, 9, 3.5], "texture": "#5", "cullface": "up"},
				"south": {"uv": [6, 2, 9, 3.5], "texture": "#5", "cullface": "up"},
				"west": {"uv": [6, 2, 9, 3.5], "texture": "#5", "cullface": "up"},
				"up": {"uv": [6, 2, 7, 2.5], "texture": "#5", "cullface": "up"},
				"down": {"uv": [6, 2, 9, 3.5], "texture": "#5", "cullface": "up"}
			}
		},
		{
			"from": [6, 17, 0],
			"to": [10, 18, 16],
			"rotation": {"angle": 22.5, "axis": "y", "origin": [8, -3, 8]},
			"faces": {
				"north": {"uv": [6, 2, 9, 3.5], "texture": "#5", "cullface": "up"},
				"east": {"uv": [6, 2, 9, 3.5], "texture": "#5", "cullface": "up"},
				"south": {"uv": [6, 2, 9, 3.5], "texture": "#5", "cullface": "up"},
				"west": {"uv": [6, 2, 9, 3.5], "texture": "#5", "cullface": "up"},
				"up": {"uv": [6, 2, 7, 2.5], "texture": "#5", "cullface": "up"},
				"down": {"uv": [6, 2, 9, 3.5], "texture": "#5", "cullface": "up"}
			}
		},
		{
			"from": [6, 17, 0],
			"to": [10, 18, 16],
			"rotation": {"angle": 45, "axis": "y", "origin": [8, -3, 8]},
			"faces": {
				"north": {"uv": [6, 2, 9, 3.5], "texture": "#5", "cullface": "up"},
				"east": {"uv": [6, 2, 9, 3.5], "texture": "#5", "cullface": "up"},
				"south": {"uv": [6, 2, 9, 3.5], "texture": "#5", "cullface": "up"},
				"west": {"uv": [6, 2, 9, 3.5], "texture": "#5", "cullface": "up"},
				"up": {"uv": [6, 2, 7, 2.5], "texture": "#5", "cullface": "up"},
				"down": {"uv": [6, 2, 9, 3.5], "texture": "#5", "cullface": "up"}
			}
		},
		{
			"from": [0, 17, 6],
			"to": [16, 18, 10],
			"rotation": {"angle": -22.5, "axis": "y", "origin": [8, -3, 8]},
			"faces": {
				"north": {"uv": [6, 2, 9, 3.5], "texture": "#5", "cullface": "up"},
				"east": {"uv": [6, 2, 9, 3.5], "texture": "#5", "cullface": "up"},
				"south": {"uv": [6, 2, 9, 3.5], "texture": "#5", "cullface": "up"},
				"west": {"uv": [6, 2, 9, 3.5], "texture": "#5", "cullface": "up"},
				"up": {"uv": [6, 2, 7, 2.5], "texture": "#5", "cullface": "up"},
				"down": {"uv": [6, 2, 9, 3.5], "texture": "#5", "cullface": "up"}
			}
		},
		{
			"from": [0, 17, 6],
			"to": [16, 18, 10],
			"rotation": {"angle": 0, "axis": "y", "origin": [8, -3, 8]},
			"faces": {
				"north": {"uv": [6, 2, 9, 3.5], "texture": "#5", "cullface": "up"},
				"east": {"uv": [6, 2, 9, 3.5], "texture": "#5", "cullface": "east"},
				"south": {"uv": [6, 2, 9, 3.5], "texture": "#5", "cullface": "up"},
				"west": {"uv": [6, 2, 9, 3.5], "texture": "#5", "cullface": "west"},
				"up": {"uv": [6, 2, 7, 2.5], "texture": "#5", "cullface": "up"},
				"down": {"uv": [6, 2, 9, 3.5], "texture": "#5", "cullface": "up"}
			}
		},
		{
			"from": [0, 19, 6],
			"to": [16, 20, 10],
			"rotation": {"angle": 22.5, "axis": "y", "origin": [8, -1, 8]},
			"faces": {
				"north": {"uv": [6, 2, 9, 3.5], "texture": "#5", "cullface": "up"},
				"east": {"uv": [6, 2, 9, 3.5], "texture": "#5", "cullface": "up"},
				"south": {"uv": [6, 2, 9, 3.5], "texture": "#5", "cullface": "up"},
				"west": {"uv": [6, 2, 9, 3.5], "texture": "#5", "cullface": "up"},
				"up": {"uv": [6, 2, 7, 2.5], "texture": "#5", "cullface": "up"},
				"down": {"uv": [6, 2, 9, 3.5], "texture": "#5", "cullface": "up"}
			}
		},
		{
			"from": [0, 19, 6],
			"to": [16, 20, 10],
			"rotation": {"angle": 45, "axis": "y", "origin": [8, -1, 8]},
			"faces": {
				"north": {"uv": [6, 2, 9, 3.5], "texture": "#5", "cullface": "up"},
				"east": {"uv": [6, 2, 9, 3.5], "texture": "#5", "cullface": "up"},
				"south": {"uv": [6, 2, 9, 3.5], "texture": "#5", "cullface": "up"},
				"west": {"uv": [6, 2, 9, 3.5], "texture": "#5", "cullface": "up"},
				"up": {"uv": [6, 2, 7, 2.5], "texture": "#5", "cullface": "up"},
				"down": {"uv": [6, 2, 9, 3.5], "texture": "#5", "cullface": "up"}
			}
		},
		{
			"from": [6, 19, 0],
			"to": [10, 20, 16],
			"rotation": {"angle": -22.5, "axis": "y", "origin": [8, -1, 8]},
			"faces": {
				"north": {"uv": [6, 2, 9, 3.5], "texture": "#5", "cullface": "up"},
				"east": {"uv": [6, 2, 9, 3.5], "texture": "#5", "cullface": "up"},
				"south": {"uv": [6, 2, 9, 3.5], "texture": "#5", "cullface": "up"},
				"west": {"uv": [6, 2, 9, 3.5], "texture": "#5", "cullface": "up"},
				"up": {"uv": [6, 2, 7, 2.5], "texture": "#5", "cullface": "up"},
				"down": {"uv": [6, 2, 9, 3.5], "texture": "#5", "cullface": "up"}
			}
		},
		{
			"from": [6, 19, 0],
			"to": [10, 20, 16],
			"rotation": {"angle": 0, "axis": "y", "origin": [8, -1, 8]},
			"faces": {
				"north": {"uv": [6, 2, 9, 3.5], "texture": "#5", "cullface": "north"},
				"east": {"uv": [6, 2, 9, 3.5], "texture": "#5", "cullface": "up"},
				"south": {"uv": [6, 2, 9, 3.5], "texture": "#5", "cullface": "up"},
				"west": {"uv": [6, 2, 9, 3.5], "texture": "#5", "cullface": "up"},
				"up": {"uv": [6, 2, 7, 2.5], "texture": "#5", "cullface": "up"},
				"down": {"uv": [6, 2, 9, 3.5], "texture": "#5", "cullface": "up"}
			}
		},
		{
			"from": [6, 19, 0],
			"to": [10, 20, 16],
			"rotation": {"angle": 22.5, "axis": "y", "origin": [8, -1, 8]},
			"faces": {
				"north": {"uv": [6, 2, 9, 3.5], "texture": "#5", "cullface": "up"},
				"east": {"uv": [6, 2, 9, 3.5], "texture": "#5", "cullface": "up"},
				"south": {"uv": [6, 2, 9, 3.5], "texture": "#5", "cullface": "up"},
				"west": {"uv": [6, 2, 9, 3.5], "texture": "#5", "cullface": "up"},
				"up": {"uv": [6, 2, 7, 2.5], "texture": "#5", "cullface": "up"},
				"down": {"uv": [6, 2, 9, 3.5], "texture": "#5", "cullface": "up"}
			}
		},
		{
			"from": [6, 19, 0],
			"to": [10, 20, 16],
			"rotation": {"angle": 45, "axis": "y", "origin": [8, -1, 8]},
			"faces": {
				"north": {"uv": [6, 2, 9, 3.5], "texture": "#5", "cullface": "up"},
				"east": {"uv": [6, 2, 9, 3.5], "texture": "#5", "cullface": "up"},
				"south": {"uv": [6, 2, 9, 3.5], "texture": "#5", "cullface": "up"},
				"west": {"uv": [6, 2, 9, 3.5], "texture": "#5", "cullface": "up"},
				"up": {"uv": [6, 2, 7, 2.5], "texture": "#5", "cullface": "up"},
				"down": {"uv": [6, 2, 9, 3.5], "texture": "#5", "cullface": "up"}
			}
		},
		{
			"from": [0, 19, 6],
			"to": [16, 20, 10],
			"rotation": {"angle": -22.5, "axis": "y", "origin": [8, -1, 8]},
			"faces": {
				"north": {"uv": [6, 2, 9, 3.5], "texture": "#5", "cullface": "up"},
				"east": {"uv": [6, 2, 9, 3.5], "texture": "#5", "cullface": "up"},
				"south": {"uv": [6, 2, 9, 3.5], "texture": "#5", "cullface": "up"},
				"west": {"uv": [6, 2, 9, 3.5], "texture": "#5", "cullface": "up"},
				"up": {"uv": [6, 2, 7, 2.5], "texture": "#5", "cullface": "up"},
				"down": {"uv": [6, 2, 9, 3.5], "texture": "#5", "cullface": "up"}
			}
		},
		{
			"from": [0, 19, 6],
			"to": [16, 20, 10],
			"rotation": {"angle": 0, "axis": "y", "origin": [8, -1, 8]},
			"faces": {
				"north": {"uv": [6, 2, 9, 3.5], "texture": "#5", "cullface": "up"},
				"east": {"uv": [6, 2, 9, 3.5], "texture": "#5", "cullface": "east"},
				"south": {"uv": [6, 2, 9, 3.5], "texture": "#5", "cullface": "up"},
				"west": {"uv": [6, 2, 9, 3.5], "texture": "#5", "cullface": "west"},
				"up": {"uv": [6, 2, 7, 2.5], "texture": "#5", "cullface": "up"},
				"down": {"uv": [6, 2, 9, 3.5], "texture": "#5", "cullface": "up"}
			}
		},
		{
			"from": [0, 15, 6],
			"to": [16, 16, 10],
			"rotation": {"angle": 22.5, "axis": "y", "origin": [8, -5, 8]},
			"faces": {
				"north": {"uv": [6, 2, 9, 3.5], "texture": "#5"},
				"east": {"uv": [6, 2, 9, 3.5], "texture": "#5"},
				"south": {"uv": [6, 2, 9, 3.5], "texture": "#5"},
				"west": {"uv": [6, 2, 9, 3.5], "texture": "#5"},
				"up": {"uv": [6, 2, 7, 2.5], "texture": "#5", "cullface": "up"},
				"down": {"uv": [6, 2, 9, 3.5], "texture": "#5"}
			}
		},
		{
			"from": [0, 15, 6],
			"to": [16, 16, 10],
			"rotation": {"angle": 45, "axis": "y", "origin": [8, -5, 8]},
			"faces": {
				"north": {"uv": [6, 2, 9, 3.5], "texture": "#5"},
				"east": {"uv": [6, 2, 9, 3.5], "texture": "#5"},
				"south": {"uv": [6, 2, 9, 3.5], "texture": "#5"},
				"west": {"uv": [6, 2, 9, 3.5], "texture": "#5"},
				"up": {"uv": [6, 2, 7, 2.5], "texture": "#5", "cullface": "up"},
				"down": {"uv": [6, 2, 9, 3.5], "texture": "#5"}
			}
		},
		{
			"from": [6, 15, 0],
			"to": [10, 16, 16],
			"rotation": {"angle": -22.5, "axis": "y", "origin": [8, -5, 8]},
			"faces": {
				"north": {"uv": [6, 2, 9, 3.5], "texture": "#5"},
				"east": {"uv": [6, 2, 9, 3.5], "texture": "#5"},
				"south": {"uv": [6, 2, 9, 3.5], "texture": "#5"},
				"west": {"uv": [6, 2, 9, 3.5], "texture": "#5"},
				"up": {"uv": [6, 2, 7, 2.5], "texture": "#5", "cullface": "up"},
				"down": {"uv": [6, 2, 9, 3.5], "texture": "#5"}
			}
		},
		{
			"from": [6, 15, 0],
			"to": [10, 16, 16],
			"rotation": {"angle": 0, "axis": "y", "origin": [8, -5, 8]},
			"faces": {
				"north": {"uv": [6, 2, 9, 3.5], "texture": "#5", "cullface": "north"},
				"east": {"uv": [6, 2, 9, 3.5], "texture": "#5"},
				"south": {"uv": [6, 2, 9, 3.5], "texture": "#5", "cullface": "south"},
				"west": {"uv": [6, 2, 9, 3.5], "texture": "#5"},
				"up": {"uv": [6, 2, 7, 2.5], "texture": "#5", "cullface": "up"},
				"down": {"uv": [6, 2, 9, 3.5], "texture": "#5"}
			}
		},
		{
			"from": [6, 15, 0],
			"to": [10, 16, 16],
			"rotation": {"angle": 22.5, "axis": "y", "origin": [8, -5, 8]},
			"faces": {
				"north": {"uv": [6, 2, 9, 3.5], "texture": "#5"},
				"east": {"uv": [6, 2, 9, 3.5], "texture": "#5"},
				"south": {"uv": [6, 2, 9, 3.5], "texture": "#5"},
				"west": {"uv": [6, 2, 9, 3.5], "texture": "#5"},
				"up": {"uv": [6, 2, 7, 2.5], "texture": "#5", "cullface": "up"},
				"down": {"uv": [6, 2, 9, 3.5], "texture": "#5"}
			}
		},
		{
			"from": [6, 15, 0],
			"to": [10, 16, 16],
			"rotation": {"angle": 45, "axis": "y", "origin": [8, -5, 8]},
			"faces": {
				"north": {"uv": [6, 2, 9, 3.5], "texture": "#5"},
				"east": {"uv": [6, 2, 9, 3.5], "texture": "#5"},
				"south": {"uv": [6, 2, 9, 3.5], "texture": "#5"},
				"west": {"uv": [6, 2, 9, 3.5], "texture": "#5"},
				"up": {"uv": [6, 2, 7, 2.5], "texture": "#5", "cullface": "up"},
				"down": {"uv": [6, 2, 9, 3.5], "texture": "#5"}
			}
		},
		{
			"from": [0, 15, 6],
			"to": [16, 16, 10],
			"rotation": {"angle": -22.5, "axis": "y", "origin": [8, -5, 8]},
			"faces": {
				"north": {"uv": [6, 2, 9, 3.5], "texture": "#5"},
				"east": {"uv": [6, 2, 9, 3.5], "texture": "#5"},
				"south": {"uv": [6, 2, 9, 3.5], "texture": "#5"},
				"west": {"uv": [6, 2, 9, 3.5], "texture": "#5"},
				"up": {"uv": [6, 2, 7, 2.5], "texture": "#5", "cullface": "up"},
				"down": {"uv": [6, 2, 9, 3.5], "texture": "#5"}
			}
		},
		{
			"from": [0, 15, 6],
			"to": [16, 16, 10],
			"rotation": {"angle": 0, "axis": "y", "origin": [8, -5, 8]},
			"faces": {
				"north": {"uv": [6, 2, 9, 3.5], "texture": "#5"},
				"east": {"uv": [6, 2, 9, 3.5], "texture": "#5", "cullface": "east"},
				"south": {"uv": [6, 2, 9, 3.5], "texture": "#5"},
				"west": {"uv": [6, 2, 9, 3.5], "texture": "#5", "cullface": "west"},
				"up": {"uv": [6, 2, 7, 2.5], "texture": "#5", "cullface": "up"},
				"down": {"uv": [6, 2, 9, 3.5], "texture": "#5"}
			}
		},
		{
			"from": [0, 13, 6],
			"to": [16, 14, 10],
			"rotation": {"angle": 22.5, "axis": "y", "origin": [8, -7, 8]},
			"faces": {
				"north": {"uv": [6, 2, 9, 3.5], "texture": "#5"},
				"east": {"uv": [6, 2, 9, 3.5], "texture": "#5"},
				"south": {"uv": [6, 2, 9, 3.5], "texture": "#5"},
				"west": {"uv": [6, 2, 9, 3.5], "texture": "#5"},
				"up": {"uv": [6, 2, 7, 2.5], "texture": "#5"},
				"down": {"uv": [6, 2, 9, 3.5], "texture": "#5"}
			}
		},
		{
			"from": [0, 13, 6],
			"to": [16, 14, 10],
			"rotation": {"angle": 45, "axis": "y", "origin": [8, -7, 8]},
			"faces": {
				"north": {"uv": [6, 2, 9, 3.5], "texture": "#5"},
				"east": {"uv": [6, 2, 9, 3.5], "texture": "#5"},
				"south": {"uv": [6, 2, 9, 3.5], "texture": "#5"},
				"west": {"uv": [6, 2, 9, 3.5], "texture": "#5"},
				"up": {"uv": [6, 2, 7, 2.5], "texture": "#5"},
				"down": {"uv": [6, 2, 9, 3.5], "texture": "#5"}
			}
		},
		{
			"from": [6, 13, 0],
			"to": [10, 14, 16],
			"rotation": {"angle": -22.5, "axis": "y", "origin": [8, -7, 8]},
			"faces": {
				"north": {"uv": [6, 2, 9, 3.5], "texture": "#5"},
				"east": {"uv": [6, 2, 9, 3.5], "texture": "#5"},
				"south": {"uv": [6, 2, 9, 3.5], "texture": "#5"},
				"west": {"uv": [6, 2, 9, 3.5], "texture": "#5"},
				"up": {"uv": [6, 2, 7, 2.5], "texture": "#5"},
				"down": {"uv": [6, 2, 9, 3.5], "texture": "#5"}
			}
		},
		{
			"from": [6, 13, 0],
			"to": [10, 14, 16],
			"rotation": {"angle": 0, "axis": "y", "origin": [8, -7, 8]},
			"faces": {
				"north": {"uv": [6, 2, 9, 3.5], "texture": "#5", "cullface": "north"},
				"east": {"uv": [6, 2, 9, 3.5], "texture": "#5"},
				"south": {"uv": [6, 2, 9, 3.5], "texture": "#5", "cullface": "south"},
				"west": {"uv": [6, 2, 9, 3.5], "texture": "#5"},
				"up": {"uv": [6, 2, 7, 2.5], "texture": "#5"},
				"down": {"uv": [6, 2, 9, 3.5], "texture": "#5"}
			}
		},
		{
			"from": [6, 13, 0],
			"to": [10, 14, 16],
			"rotation": {"angle": 22.5, "axis": "y", "origin": [8, -7, 8]},
			"faces": {
				"north": {"uv": [6, 2, 9, 3.5], "texture": "#5"},
				"east": {"uv": [6, 2, 9, 3.5], "texture": "#5"},
				"south": {"uv": [6, 2, 9, 3.5], "texture": "#5"},
				"west": {"uv": [6, 2, 9, 3.5], "texture": "#5"},
				"up": {"uv": [6, 2, 7, 2.5], "texture": "#5"},
				"down": {"uv": [6, 2, 9, 3.5], "texture": "#5"}
			}
		},
		{
			"from": [6, 13, 0],
			"to": [10, 14, 16],
			"rotation": {"angle": 45, "axis": "y", "origin": [8, -7, 8]},
			"faces": {
				"north": {"uv": [6, 2, 9, 3.5], "texture": "#5"},
				"east": {"uv": [6, 2, 9, 3.5], "texture": "#5"},
				"south": {"uv": [6, 2, 9, 3.5], "texture": "#5"},
				"west": {"uv": [6, 2, 9, 3.5], "texture": "#5"},
				"up": {"uv": [6, 2, 7, 2.5], "texture": "#5"},
				"down": {"uv": [6, 2, 9, 3.5], "texture": "#5"}
			}
		},
		{
			"from": [0, 13, 6],
			"to": [16, 14, 10],
			"rotation": {"angle": -22.5, "axis": "y", "origin": [8, -7, 8]},
			"faces": {
				"north": {"uv": [6, 2, 9, 3.5], "texture": "#5"},
				"east": {"uv": [6, 2, 9, 3.5], "texture": "#5"},
				"south": {"uv": [6, 2, 9, 3.5], "texture": "#5"},
				"west": {"uv": [6, 2, 9, 3.5], "texture": "#5"},
				"up": {"uv": [6, 2, 7, 2.5], "texture": "#5"},
				"down": {"uv": [6, 2, 9, 3.5], "texture": "#5"}
			}
		},
		{
			"from": [0, 13, 6],
			"to": [16, 14, 10],
			"rotation": {"angle": 0, "axis": "y", "origin": [8, -7, 8]},
			"faces": {
				"north": {"uv": [6, 2, 9, 3.5], "texture": "#5"},
				"east": {"uv": [6, 2, 9, 3.5], "texture": "#5", "cullface": "east"},
				"south": {"uv": [6, 2, 9, 3.5], "texture": "#5"},
				"west": {"uv": [6, 2, 9, 3.5], "texture": "#5", "cullface": "west"},
				"up": {"uv": [6, 2, 7, 2.5], "texture": "#5"},
				"down": {"uv": [6, 2, 9, 3.5], "texture": "#5"}
			}
		}
	],
	"display": {
		"thirdperson_righthand": {
			"rotation": [37, 0, 0],
			"translation": [0, 1.5, -1.25],
			"scale": [0.4, 0.4, 0.4]
		},
		"thirdperson_lefthand": {
			"scale": [0.4, 0.4, 0.4]
		},
		"firstperson_righthand": {
			"scale": [0.4, 0.4, 0.4]
		},
		"firstperson_lefthand": {
			"scale": [0.4, 0.4, 0.4]
		},
		"ground": {
			"translation": [0.5, 5.75, 0],
			"scale": [0.4, 0.4, 0.4]
		},
		"gui": {
			"translation": [0, -3.5, 0],
			"scale": [0.8, 0.8, 0.8]
		},
		"head": {
			"rotation": [180, 3, 0],
			"translation": [0, 22.75, 0]
		},
		"fixed": {
			"translation": [0, -1.25, -5],
			"scale": [0.4, 0.4, 0.4]
		}
	},
	"groups": [
		{
			"name": "li",
			"origin": [8, 8, 8],
			"children": [0, 1, 2, 3]
		},
		{
			"name": "group",
			"origin": [8, 8, 8],
			"children": [4,
				{
					"name": "group",
					"origin": [8, 8, 8],
					"children": [5, 5, 6, 7, 8]
				},
				{
					"name": "group",
					"origin": [8, 8, 8],
					"children": [9, 10, 11, 12, 13]
				},
				{
					"name": "group",
					"origin": [8, 8, 8],
					"children": [14, 15, 16, 17, 18]
				},
				{
					"name": "group",
					"origin": [8, 8, 8],
					"children": [19, 20, 21, 22, 23]
				}, 24, 25, 26, 27]
		},
		{
			"name": "xz",
			"origin": [8, 8, 8],
			"children": [
				{
					"name": "z2",
					"origin": [8, 8, 8],
					"children": [28,
						{
							"name": "group",
							"origin": [8, 8, 8],
							"children": [29, 30, 31]
						},
						{
							"name": "group",
							"origin": [8, 8, 8],
							"children": [32, 33, 34]
						}, 35, 36, 37, 38]
				},
				{
					"name": "z2",
					"origin": [8, 8, 8],
					"children": [39,
						{
							"name": "group",
							"origin": [8, 8, 8],
							"children": [40, 41, 42]
						},
						{
							"name": "group",
							"origin": [8, 8, 8],
							"children": [43, 44, 45]
						}, 46, 47, 48, 49]
				},
				{
					"name": "z2",
					"origin": [8, 8, 8],
					"children": [50,
						{
							"name": "group",
							"origin": [8, 8, 8],
							"children": [51, 52, 53]
						},
						{
							"name": "group",
							"origin": [8, 8, 8],
							"children": [54, 55, 56]
						}, 57, 58, 59, 60, 61, 62]
				},
				{
					"name": "z2",
					"origin": [8, 8, 8],
					"children": [63,
						{
							"name": "group",
							"origin": [8, 8, 8],
							"children": [64, 65, 66]
						},
						{
							"name": "group",
							"origin": [8, 8, 8],
							"children": [67, 68, 69]
						}, 70, 71, 72, 73, 74, 75]
				},
				{
					"name": "z2",
					"origin": [8, 8, 8],
					"children": [76,
						{
							"name": "group",
							"origin": [8, 8, 8],
							"children": [77, 78, 79]
						},
						{
							"name": "group",
							"origin": [8, 8, 8],
							"children": [80, 81, 82]
						}, 83, 84, 85, 86, 87]
				},
				{
					"name": "z2",
					"origin": [8, 8, 8],
					"children": [88,
						{
							"name": "group",
							"origin": [8, 8, 8],
							"children": [89, 90, 91]
						},
						{
							"name": "group",
							"origin": [8, 8, 8],
							"children": [92, 93, 94]
						}, 95, 96, 97, 98, 99]
				},
				{
					"name": "z2",
					"origin": [8, 8, 8],
					"children": [100,
						{
							"name": "group",
							"origin": [8, 8, 8],
							"children": [101, 102, 103]
						},
						{
							"name": "group",
							"origin": [8, 8, 8],
							"children": [104, 105, 106]
						}, 107, 108, 109, 110, 111]
				},
				{
					"name": "z2",
					"origin": [8, 8, 8],
					"children": [112,
						{
							"name": "group",
							"origin": [8, 8, 8],
							"children": [113, 114, 115]
						},
						{
							"name": "group",
							"origin": [8, 8, 8],
							"children": [116, 117, 118]
						}, 119, 120, 121, 122, 123]
				}
			]
		},
		{
			"name": "group",
			"origin": [8, 8, 8],
			"children": [
				{
					"name": "group",
					"origin": [8, 8, 8],
					"children": [124, 125, 126, 127, 128, 129, 130, 131]
				},
				{
					"name": "group",
					"origin": [8, 8, 8],
					"children": [132, 133, 134, 135, 136, 137, 138, 139]
				},
				{
					"name": "group",
					"origin": [8, 8, 8],
					"children": [140, 141, 142, 143, 144, 145, 146, 147]
				},
				{
					"name": "group",
					"origin": [8, 8, 8],
					"children": [148, 149, 150, 151, 152, 153, 154, 155]
				}
			]
		}
	]
}