{
	"credit": "Made with Blockbench",
	"textures": {
		"0": "additions:blocks/unblock",
		"particle": "additions:blocks/unblock"
	},
	"elements": [
		{
			"from": [0, 16, 0],
			"to": [16, 16, 16],
			"faces": {
				"north": {"uv": [0, 0, 16, 0], "texture": "#0"},
				"east": {"uv": [0, 0, 16, 0], "texture": "#0"},
				"south": {"uv": [0, 0, 16, 0], "texture": "#0"},
				"west": {"uv": [0, 0, 16, 0], "texture": "#0"},
				"up": {"uv": [0, 16, 16, 0], "texture": "#0"},
				"down": {"uv": [0, 16, 16, 0], "texture": "#missing"}
			}
		},
		{
			"from": [0, 0, 16],
			"to": [16, 16, 16],
			"faces": {
				"north": {"uv": [0, 16, 16, 0], "rotation": 180, "texture": "#missing"},
				"east": {"uv": [16, 0, 0, 0], "rotation": 90, "texture": "#0"},
				"south": {"uv": [0, 16, 16, 0], "texture": "#0"},
				"west": {"uv": [16, 0, 0, 0], "rotation": 270, "texture": "#0"},
				"up": {"uv": [0, 0, 16, 0], "rotation": 180, "texture": "#0"},
				"down": {"uv": [0, 0, 16, 0], "texture": "#0"}
			}
		},
		{
			"from": [0, 8.17793, -2.61827],
			"to": [16, 8.17793, 19.98173],
			"rotation": {"angle": 45, "axis": "x", "origin": [8, 8.92793, 8.13173]},
			"faces": {
				"north": {"uv": [0, 0, 16, 0], "texture": "#missing"},
				"east": {"uv": [0, 0, 16, 0], "texture": "#missing"},
				"south": {"uv": [0, 0, 16, 0], "texture": "#missing"},
				"west": {"uv": [0, 0, 16, 0], "texture": "#missing"},
				"up": {"uv": [0, 16, 16, 0], "texture": "#missing"},
				"down": {"uv": [0, 16, 16, 0], "texture": "#0"}
			}
		},
		{
			"from": [14, 8.17793, -2.61827],
			"to": [16, 20, 19.98173],
			"rotation": {"angle": 45, "axis": "x", "origin": [8, 8.92793, 8.13173]},
			"faces": {
				"north": {"uv": [0, 11.82207, 2, 0], "texture": "#0"},
				"east": {"uv": [0, 11.82207, 16, 0], "texture": "#0"},
				"south": {"uv": [0, 11.82207, 2, 0], "texture": "#0"},
				"west": {"uv": [0, 11.82207, 16, 0], "texture": "#0"},
				"up": {"uv": [0, 16, 2, 0], "texture": "#0"},
				"down": {"uv": [0, 16, 2, 0], "texture": "#0"}
			}
		},
		{
			"from": [0, 8.17793, -2.61827],
			"to": [2, 20, 19.98173],
			"rotation": {"angle": 45, "axis": "x", "origin": [8, 8.92793, 8.13173]},
			"faces": {
				"north": {"uv": [0, 11.82207, 2, 0], "texture": "#0"},
				"east": {"uv": [0, 11.82207, 16, 0], "texture": "#0"},
				"south": {"uv": [0, 11.82207, 2, 0], "texture": "#0"},
				"west": {"uv": [0, 11.82207, 16, 0], "texture": "#0"},
				"up": {"uv": [0, 16, 2, 0], "texture": "#0"},
				"down": {"uv": [0, 16, 2, 0], "texture": "#0"}
			}
		},
		{
			"from": [-0.5, 15.5, 0.5],
			"to": [0.5, 16.5, 0.5],
			"faces": {
				"north": {"uv": [0, 15.5, 1, 0], "texture": "#0"},
				"east": {"uv": [0, 15.5, 1, 0], "texture": "#0"},
				"south": {"uv": [0, 15.5, 1, 0], "texture": "#0"},
				"west": {"uv": [0, 1, 15.5, 0], "texture": "#0"},
				"up": {"uv": [0, 15.5, 1, 0], "texture": "#0"},
				"down": {"uv": [0, 15.5, 1, 0], "texture": "#0"}
			}
		},
		{
			"from": [-0.5, 0.25, 15.5],
			"to": [0.5, 15.5, 16.5],
			"faces": {
				"north": {"uv": [0, 15.5, 1, 0], "rotation": 180, "texture": "#0"},
				"east": {"uv": [1, 0, 0, 15.5], "rotation": 90, "texture": "#0"},
				"south": {"uv": [0, 15.5, 1, 0], "texture": "#0"},
				"west": {"uv": [15.5, 0, 0, 1], "rotation": 270, "texture": "#0"},
				"up": {"uv": [0, 15.5, 1, 0], "rotation": 180, "texture": "#0"},
				"down": {"uv": [0, 15.5, 1, 0], "texture": "#0"}
			}
		},
		{
			"from": [15.5, 15.5, 0.25],
			"to": [16.5, 16.5, 16],
			"faces": {
				"north": {"uv": [0, 1, 15.75, 0], "texture": "#0"},
				"east": {"uv": [0, 1, 15.75, 0], "texture": "#0"},
				"south": {"uv": [0, 1, 15.75, 0], "texture": "#0"},
				"west": {"uv": [0, 1, 15.75, 0], "texture": "#0"},
				"up": {"uv": [0, 15.75, 1, 0], "texture": "#0"},
				"down": {"uv": [0, 1, 15.75, 0], "texture": "#0"}
			}
		},
		{
			"from": [-0.5, 15.5, 0.25],
			"to": [0.5, 16.5, 16],
			"faces": {
				"north": {"uv": [0, 1, 15.75, 0], "texture": "#0"},
				"east": {"uv": [0, 1, 15.75, 0], "texture": "#0"},
				"south": {"uv": [0, 1, 15.75, 0], "texture": "#0"},
				"west": {"uv": [0, 1, 15.75, 0], "texture": "#0"},
				"up": {"uv": [0, 15.75, 1, 0], "texture": "#0"},
				"down": {"uv": [0, 1, 15.75, 0], "texture": "#0"}
			}
		},
		{
			"from": [15.5, 0.25, 15.5],
			"to": [16.5, 15.75, 16.5],
			"faces": {
				"north": {"uv": [0, 1, 15.75, 0], "rotation": 180, "texture": "#0"},
				"east": {"uv": [15.75, 0, 0, 1], "rotation": 90, "texture": "#0"},
				"south": {"uv": [0, 15.75, 1, 0], "texture": "#0"},
				"west": {"uv": [15.75, 0, 0, 1], "rotation": 270, "texture": "#0"},
				"up": {"uv": [0, 1, 15.75, 0], "rotation": 180, "texture": "#0"},
				"down": {"uv": [0, 1, 15.75, 0], "texture": "#0"}
			}
		},
		{
			"from": [15.5, 7.5, -3.5],
			"to": [16.5, 8.5, 19.5],
			"rotation": {"angle": 45, "axis": "x", "origin": [8, 8, 8]},
			"faces": {
				"north": {"uv": [0, 1, 15.5, 0], "texture": "#0"},
				"east": {"uv": [0, 1, 15.5, 0], "texture": "#0"},
				"south": {"uv": [0, 1, 15.5, 0], "texture": "#0"},
				"west": {"uv": [0, 1, 15.5, 0], "texture": "#0"},
				"up": {"uv": [0, 1, 15.5, 0], "texture": "#0"},
				"down": {"uv": [0, 1, 15.5, 0], "texture": "#0"}
			}
		},
		{
			"from": [-0.5, 7.5, -3.5],
			"to": [0.5, 8.5, 19.5],
			"rotation": {"angle": 45, "axis": "x", "origin": [8, 8, 8]},
			"faces": {
				"north": {"uv": [0, 1, 15.5, 0], "texture": "#0"},
				"east": {"uv": [0, 1, 15.5, 0], "texture": "#0"},
				"south": {"uv": [0, 1, 15.5, 0], "texture": "#0"},
				"west": {"uv": [0, 1, 15.5, 0], "texture": "#0"},
				"up": {"uv": [0, 1, 15.5, 0], "texture": "#0"},
				"down": {"uv": [0, 15.5, 1, 0], "texture": "#0"}
			}
		}
	]
}