{
	"credit": "Made with Blockbench",
	"parent": "yunshi",
	"ambientocclusion": false,
	"textures": {
		"0": "additions:blocks/yingyingying-tukuang",
		"particle": "additions:blocks/yingyingying-tukuang"
	},
	"elements": [
		{
			"from": [3.45736, -15.2091, 4.38446],
			"to": [12.53657, 21.1077, 13.46365],
			"rotation": {"angle": -22.5, "axis": "x", "origin": [7.95014, 4.53934, 7.59783]},
			"faces": {
				"north": {"uv": [5, 4, 13, 11], "rotation": 270, "texture": "#0"},
				"down": {"uv": [5, 4, 13, 11], "rotation": 270, "texture": "#0", "cullface": "down"}
			}
		},
		{
			"from": [3.44288, -15.95672, 5.44947],
			"to": [12.52207, 20.36007, 14.52868],
			"rotation": {"angle": -45, "axis": "x", "origin": [7.95014, 4.53934, 7.59783]},
			"faces": {
				"north": {"uv": [5, 4, 13, 11], "rotation": 270, "texture": "#0", "cullface": "down"},
				"down": {"uv": [5, 4, 13, 11], "rotation": 270, "texture": "#0"}
			}
		},
		{
			"from": [3.42817, 3.0859, -7.12607],
			"to": [12.50736, 12.16508, 29.19072],
			"rotation": {"angle": 22.5, "axis": "x", "origin": [7.95014, 4.53934, 7.59783]},
			"faces": {
				"north": {"uv": [5, 4, 13, 11], "texture": "#0", "cullface": "north"},
				"south": {"uv": [5, 4, 13, 11], "texture": "#0", "cullface": "south"},
				"up": {"uv": [5, 4, 13, 11], "texture": "#0", "cullface": "south"},
				"down": {"uv": [5, 4, 13, 11], "texture": "#0"}
			}
		},
		{
			"from": [3.52043, 5.22613, -5.74948],
			"to": [12.59962, 14.30533, 30.56731],
			"rotation": {"angle": -22.5, "axis": "x", "origin": [8.09274, 8.62062, 12.46906]},
			"faces": {
				"south": {"uv": [5, 4, 13, 11], "texture": "#0", "cullface": "south"},
				"down": {"uv": [5, 4, 13, 11], "texture": "#0"}
			}
		},
		{
			"from": [3.51302, 7.00786, -6.39555],
			"to": [12.59221, 16.08707, 29.92125],
			"rotation": {"angle": -45, "axis": "x", "origin": [8.08532, 10.40236, 11.82299]},
			"faces": {
				"south": {"uv": [5, 4, 13, 11], "texture": "#0"},
				"down": {"uv": [5, 4, 13, 11], "texture": "#0", "cullface": "south"}
			}
		},
		{
			"from": [3.50833, -6.41845, 4.85643],
			"to": [12.58754, 29.89835, 13.93562],
			"rotation": {"angle": 22.5, "axis": "x", "origin": [8.08065, 11.8001, 10.54114]},
			"faces": {
				"north": {"uv": [5, 4, 13, 11], "rotation": 90, "texture": "#0", "cullface": "up"},
				"south": {"uv": [5, 4, 13, 11], "rotation": 90, "texture": "#0"},
				"up": {"uv": [5, 4, 13, 11], "rotation": 90, "texture": "#0", "cullface": "up"},
				"down": {"uv": [5, 4, 13, 11], "rotation": 90, "texture": "#0", "cullface": "down"}
			}
		},
		{
			"from": [3.48674, -5.52828, 1.24882],
			"to": [12.56595, 30.78852, 10.32801],
			"rotation": {"angle": -22.5, "axis": "x", "origin": [8.05906, 12.69027, 6.93354]},
			"faces": {
				"south": {"uv": [5, 4, 13, 11], "rotation": 90, "texture": "#0"},
				"up": {"uv": [5, 4, 13, 11], "rotation": 90, "texture": "#0", "cullface": "up"}
			}
		},
		{
			"from": [3.47225, -6.16919, -0.52902],
			"to": [12.55144, 30.1476, 8.55019],
			"rotation": {"angle": -45, "axis": "x", "origin": [8.04457, 12.04935, 5.1557]},
			"faces": {
				"south": {"uv": [5, 4, 13, 11], "rotation": 90, "texture": "#0", "cullface": "up"},
				"up": {"uv": [5, 4, 13, 11], "rotation": 90, "texture": "#0"}
			}
		},
		{
			"from": [3.45755, 5.09434, -14.33732],
			"to": [12.53674, 14.17353, 21.97947],
			"rotation": {"angle": 22.5, "axis": "x", "origin": [8.02987, 10.77906, 3.76093]},
			"faces": {
				"north": {"uv": [5, 4, 13, 11], "rotation": 180, "texture": "#0", "cullface": "north"},
				"south": {"uv": [5, 4, 13, 11], "rotation": 180, "texture": "#0", "cullface": "south"},
				"up": {"uv": [5, 4, 13, 11], "rotation": 180, "texture": "#0"},
				"down": {"uv": [5, 4, 13, 11], "rotation": 180, "texture": "#0", "cullface": "north"}
			}
		},
		{
			"from": [3.49106, 3.08267, -13.87608],
			"to": [12.57025, 12.16186, 22.4407],
			"rotation": {"angle": -22.5, "axis": "x", "origin": [7.95014, 4.53934, 7.59783]},
			"faces": {
				"north": {"uv": [5, 4, 13, 11], "rotation": 180, "texture": "#0", "cullface": "north"},
				"up": {"uv": [5, 4, 13, 11], "rotation": 180, "texture": "#0"}
			}
		},
		{
			"from": [3.48364, 2.33591, -12.80416],
			"to": [12.56283, 11.41511, 23.51262],
			"rotation": {"angle": -45, "axis": "x", "origin": [7.95014, 4.53934, 7.59783]},
			"faces": {
				"north": {"uv": [5, 4, 13, 11], "rotation": 180, "texture": "#0"},
				"up": {"uv": [5, 4, 13, 11], "rotation": 180, "texture": "#0", "cullface": "north"}
			}
		},
		{
			"from": [3.47895, -15.15587, 1.82463],
			"to": [12.55816, 21.16092, 10.90382],
			"rotation": {"angle": 22.5, "axis": "x", "origin": [7.95014, 4.53934, 7.59783]},
			"faces": {
				"north": {"uv": [5, 4, 13, 11], "rotation": 270, "texture": "#0"},
				"south": {"uv": [5, 4, 13, 11], "rotation": 270, "texture": "#0", "cullface": "down"},
				"up": {"uv": [5, 4, 13, 11], "rotation": 270, "texture": "#0", "cullface": "up"},
				"down": {"uv": [5, 4, 13, 11], "rotation": 270, "texture": "#0", "cullface": "down"}
			}
		},
		{
			"from": [12.52207, -15.95672, 5.44947],
			"to": [21.60128, 20.36007, 14.52868],
			"rotation": {"angle": -45, "axis": "x", "origin": [17.02935, 4.53934, 7.59783]},
			"faces": {
				"north": {"uv": [5, 4, 13, 11], "rotation": 270, "texture": "#0", "cullface": "down"},
				"east": {"uv": [5, 4, 13, 11], "rotation": 270, "texture": "#0", "cullface": "east"},
				"south": {"uv": [5, 4, 13, 11], "rotation": 270, "texture": "#0"},
				"down": {"uv": [5, 4, 13, 11], "rotation": 270, "texture": "#0"}
			}
		},
		{
			"from": [12.59221, 7.00786, -6.39555],
			"to": [21.6714, 16.08707, 29.92125],
			"rotation": {"angle": -45, "axis": "x", "origin": [17.16453, 10.40236, 11.82299]},
			"faces": {
				"north": {"uv": [5, 4, 13, 11], "texture": "#0", "cullface": "east"},
				"east": {"uv": [5, 4, 13, 11], "texture": "#0", "cullface": "east"},
				"south": {"uv": [5, 4, 13, 11], "texture": "#0"},
				"up": {"uv": [5, 4, 13, 11], "texture": "#0", "cullface": "east"},
				"down": {"uv": [5, 4, 13, 11], "texture": "#0"}
			}
		},
		{
			"from": [12.55144, -6.16919, -0.52902],
			"to": [21.63063, 30.1476, 8.55019],
			"rotation": {"angle": -45, "axis": "x", "origin": [17.12376, 12.04935, 5.1557]},
			"faces": {
				"north": {"uv": [5, 4, 13, 11], "rotation": 90, "texture": "#0", "cullface": "east"},
				"east": {"uv": [5, 4, 13, 11], "rotation": 90, "texture": "#0", "cullface": "east"},
				"south": {"uv": [5, 4, 13, 11], "rotation": 90, "texture": "#0"},
				"up": {"uv": [5, 4, 13, 11], "rotation": 90, "texture": "#0"},
				"down": {"uv": [5, 4, 13, 11], "rotation": 90, "texture": "#0"}
			}
		},
		{
			"from": [12.56283, 2.33591, -12.80416],
			"to": [21.64202, 11.41511, 23.51262],
			"rotation": {"angle": -45, "axis": "x", "origin": [17.02935, 4.53934, 7.59783]},
			"faces": {
				"north": {"uv": [5, 4, 13, 11], "rotation": 180, "texture": "#0"},
				"east": {"uv": [5, 4, 13, 11], "rotation": 180, "texture": "#0", "cullface": "east"},
				"up": {"uv": [5, 4, 13, 11], "rotation": 180, "texture": "#0", "cullface": "north"},
				"down": {"uv": [5, 4, 13, 11], "rotation": 180, "texture": "#0", "cullface": "east"}
			}
		},
		{
			"from": [-5.63633, -15.95672, 5.44947],
			"to": [3.44288, 20.36007, 14.52868],
			"rotation": {"angle": -45, "axis": "x", "origin": [-1.12905, 4.53934, 7.59783]},
			"faces": {
				"north": {"uv": [5, 4, 13, 11], "rotation": 270, "texture": "#0"},
				"south": {"uv": [5, 4, 13, 11], "rotation": 270, "texture": "#0", "cullface": "west"},
				"west": {"uv": [5, 4, 13, 11], "rotation": 270, "texture": "#0", "cullface": "west"},
				"up": {"uv": [5, 4, 13, 11], "rotation": 270, "texture": "#0", "cullface": "west"},
				"down": {"uv": [5, 4, 13, 11], "rotation": 270, "texture": "#0"}
			}
		},
		{
			"from": [-5.56619, 7.00786, -6.39555],
			"to": [3.51302, 16.08707, 29.92125],
			"rotation": {"angle": -45, "axis": "x", "origin": [-0.99387, 10.40236, 11.82299]},
			"faces": {
				"south": {"uv": [5, 4, 13, 11], "texture": "#0"},
				"west": {"uv": [5, 4, 13, 11], "texture": "#0"},
				"down": {"uv": [5, 4, 13, 11], "texture": "#0"}
			}
		},
		{
			"from": [-5.60695, -6.16919, -0.52902],
			"to": [3.47225, 30.1476, 8.55019],
			"rotation": {"angle": -45, "axis": "x", "origin": [-1.03463, 12.04935, 5.1557]},
			"faces": {
				"south": {"uv": [5, 4, 13, 11], "rotation": 90, "texture": "#0"},
				"west": {"uv": [5, 4, 13, 11], "rotation": 90, "texture": "#0", "cullface": "west"},
				"up": {"uv": [5, 4, 13, 11], "rotation": 90, "texture": "#0"}
			}
		},
		{
			"from": [-5.59556, 2.33591, -12.80416],
			"to": [3.48364, 11.41511, 23.51262],
			"rotation": {"angle": -45, "axis": "x", "origin": [-1.12905, 4.53934, 7.59783]},
			"faces": {
				"north": {"uv": [5, 4, 13, 11], "rotation": 180, "texture": "#0"},
				"south": {"uv": [5, 4, 13, 11], "rotation": 180, "texture": "#0"},
				"west": {"uv": [5, 4, 13, 11], "rotation": 180, "texture": "#0"},
				"up": {"uv": [5, 4, 13, 11], "rotation": 180, "texture": "#0"},
				"down": {"uv": [5, 4, 13, 11], "rotation": 180, "texture": "#0"}
			}
		},
		{
			"from": [-14.84912, 5.22043, 3.13542],
			"to": [21.46767, 14.29964, 12.21461],
			"rotation": {"angle": -22.5, "axis": "z", "origin": [3.26312, 8.61741, 7.72888]},
			"faces": {
				"west": {"uv": [5, 4, 13, 11], "texture": "#0", "cullface": "west"},
				"down": {"uv": [5, 4, 13, 11], "texture": "#0"}
			}
		},
		{
			"from": [-14.20523, 6.9971, 3.14084],
			"to": [22.11155, 16.07629, 12.22003],
			"rotation": {"angle": -45, "axis": "z", "origin": [3.90699, 10.39406, 7.73431]},
			"faces": {
				"west": {"uv": [5, 4, 13, 11], "texture": "#0"},
				"down": {"uv": [5, 4, 13, 11], "texture": "#0", "cullface": "west"}
			}
		},
		{
			"from": [1.78152, -6.41564, 3.14647],
			"to": [10.86071, 29.90115, 12.22566],
			"rotation": {"angle": 22.5, "axis": "z", "origin": [5.17848, 11.78893, 7.73993]},
			"faces": {
				"east": {"uv": [5, 4, 13, 11], "rotation": 270, "texture": "#0", "cullface": "up"},
				"west": {"uv": [5, 4, 13, 11], "rotation": 270, "texture": "#0"},
				"up": {"uv": [5, 4, 13, 11], "rotation": 270, "texture": "#0", "cullface": "up"},
				"down": {"uv": [5, 4, 13, 11], "rotation": 270, "texture": "#0", "cullface": "down"}
			}
		},
		{
			"from": [4.95839, -6.57005, 3.1407],
			"to": [14.03758, 29.74674, 12.21991],
			"rotation": {"angle": -22.5, "axis": "z", "origin": [11.16576, 11.06955, 7.74449]},
			"faces": {
				"east": {"uv": [5, 4, 13, 11], "rotation": 270, "texture": "#0"},
				"west": {"uv": [5, 4, 13, 11], "rotation": 270, "texture": "#0", "cullface": "up"},
				"up": {"uv": [5, 4, 13, 11], "rotation": 270, "texture": "#0", "cullface": "up"},
				"down": {"uv": [5, 4, 13, 11], "rotation": 270, "texture": "#0", "cullface": "down"}
			}
		},
		{
			"from": [6.66771, -6.88755, 3.14613],
			"to": [15.7469, 29.42923, 12.22532],
			"rotation": {"angle": -45, "axis": "z", "origin": [11.16576, 11.06955, 7.74449]},
			"faces": {
				"west": {"uv": [5, 4, 13, 11], "rotation": 270, "texture": "#0", "cullface": "up"},
				"up": {"uv": [5, 4, 13, 11], "rotation": 270, "texture": "#0"}
			}
		},
		{
			"from": [-6.42946, 4.79081, 3.15175],
			"to": [29.88733, 13.87, 12.23096],
			"rotation": {"angle": 22.5, "axis": "z", "origin": [11.16576, 11.06955, 7.74449]},
			"faces": {
				"east": {"uv": [5, 4, 13, 11], "rotation": 180, "texture": "#0", "cullface": "east"},
				"west": {"uv": [5, 4, 13, 11], "rotation": 180, "texture": "#0", "cullface": "west"},
				"up": {"uv": [5, 4, 13, 11], "rotation": 180, "texture": "#0"},
				"down": {"uv": [5, 4, 13, 11], "rotation": 180, "texture": "#0", "cullface": "east"}
			}
		},
		{
			"from": [-6.66483, 3.10079, 3.12814],
			"to": [29.65195, 12.17998, 12.20735],
			"rotation": {"angle": -22.5, "axis": "z", "origin": [8.0892, 4.76432, 7.72914]},
			"faces": {
				"east": {"uv": [5, 4, 13, 11], "rotation": 180, "texture": "#0", "cullface": "east"},
				"up": {"uv": [5, 4, 13, 11], "rotation": 180, "texture": "#0"}
			}
		},
		{
			"from": [5.72863, -15.79889, 3.13356],
			"to": [14.80784, 20.5179, 12.21275],
			"rotation": {"angle": 45, "axis": "z", "origin": [8.0892, 4.76432, 7.72914]},
			"faces": {
				"east": {"uv": [5, 4, 13, 11], "rotation": 90, "texture": "#0", "cullface": "east"},
				"down": {"uv": [5, 4, 13, 11], "rotation": 90, "texture": "#0"}
			}
		},
		{
			"from": [4.70525, -15.14327, 3.13919],
			"to": [13.78445, 21.1735, 12.2184],
			"rotation": {"angle": 22.5, "axis": "z", "origin": [8.0892, 4.76432, 7.72914]},
			"faces": {
				"east": {"uv": [5, 4, 13, 11], "rotation": 90, "texture": "#0", "cullface": "down"},
				"west": {"uv": [5, 4, 13, 11], "rotation": 90, "texture": "#0", "cullface": "down"},
				"down": {"uv": [5, 4, 13, 11], "rotation": 90, "texture": "#0", "cullface": "down"}
			}
		},
		{
			"from": [2.3052, -15.18387, 3.13344],
			"to": [11.38439, 21.13293, 12.21263],
			"rotation": {"angle": -22.5, "axis": "z", "origin": [8.0892, 4.76432, 7.72914]},
			"faces": {
				"east": {"uv": [5, 4, 13, 11], "rotation": 90, "texture": "#0", "cullface": "down"},
				"down": {"uv": [5, 4, 13, 11], "rotation": 90, "texture": "#0", "cullface": "down"}
			}
		},
		{
			"from": [-12.55917, 2.47036, 3.13887],
			"to": [23.75761, 11.54955, 12.21806],
			"rotation": {"angle": 45, "axis": "z", "origin": [8.0892, 4.76432, 7.72914]},
			"faces": {
				"west": {"uv": [5, 4, 13, 11], "texture": "#0"},
				"down": {"uv": [5, 4, 13, 11], "texture": "#0", "cullface": "down"}
			}
		},
		{
			"from": [-13.59032, 3.12435, 3.14449],
			"to": [22.72645, 12.20354, 12.22368],
			"rotation": {"angle": 22.5, "axis": "z", "origin": [8.0892, 4.76432, 7.72914]},
			"faces": {
				"east": {"uv": [5, 4, 13, 11], "texture": "#0", "cullface": "east"},
				"west": {"uv": [5, 4, 13, 11], "texture": "#0", "cullface": "west"},
				"up": {"uv": [5, 4, 13, 11], "texture": "#0", "cullface": "west"},
				"down": {"uv": [5, 4, 13, 11], "texture": "#0"}
			}
		},
		{
			"from": [-14.20523, 6.9971, -5.93837],
			"to": [22.11155, 16.07629, 3.14082],
			"rotation": {"angle": -45, "axis": "z", "origin": [3.90699, 10.39406, -1.3449]},
			"faces": {
				"north": {"uv": [5, 4, 13, 11], "texture": "#0"},
				"west": {"uv": [5, 4, 13, 11], "texture": "#0"},
				"up": {"uv": [5, 4, 13, 11], "texture": "#0"},
				"down": {"uv": [5, 4, 13, 11], "texture": "#0", "cullface": "west"}
			}
		},
		{
			"from": [6.66771, -6.88755, -5.93308],
			"to": [15.7469, 29.42923, 3.14613],
			"rotation": {"angle": -45, "axis": "z", "origin": [11.16576, 11.06955, -1.33472]},
			"faces": {
				"north": {"uv": [5, 4, 13, 11], "rotation": 270, "texture": "#0"},
				"east": {"uv": [5, 4, 13, 11], "rotation": 270, "texture": "#0"},
				"west": {"uv": [5, 4, 13, 11], "rotation": 270, "texture": "#0", "cullface": "up"},
				"up": {"uv": [5, 4, 13, 11], "rotation": 270, "texture": "#0"}
			}
		},
		{
			"from": [5.72863, -15.79889, -5.94564],
			"to": [14.80784, 20.5179, 3.13356],
			"rotation": {"angle": 45, "axis": "z", "origin": [8.0892, 4.76432, -1.35007]},
			"faces": {
				"north": {"uv": [5, 4, 13, 11], "rotation": 90, "texture": "#0"},
				"east": {"uv": [5, 4, 13, 11], "rotation": 90, "texture": "#0"},
				"west": {"uv": [5, 4, 13, 11], "rotation": 90, "texture": "#0"},
				"up": {"uv": [5, 4, 13, 11], "rotation": 90, "texture": "#0"},
				"down": {"uv": [5, 4, 13, 11], "rotation": 90, "texture": "#0"}
			}
		},
		{
			"from": [-12.55917, 2.47036, -5.94034],
			"to": [23.75761, 11.54955, 3.13885],
			"rotation": {"angle": 45, "axis": "z", "origin": [8.0892, 4.76432, -1.35007]},
			"faces": {
				"north": {"uv": [5, 4, 13, 11], "texture": "#0"},
				"east": {"uv": [5, 4, 13, 11], "texture": "#0"},
				"west": {"uv": [5, 4, 13, 11], "texture": "#0"},
				"up": {"uv": [5, 4, 13, 11], "texture": "#0"},
				"down": {"uv": [5, 4, 13, 11], "texture": "#0"}
			}
		},
		{
			"from": [-14.20523, 6.9971, 12.22003],
			"to": [22.11155, 16.07629, 21.29922],
			"rotation": {"angle": -45, "axis": "z", "origin": [3.90699, 10.39406, 16.81351]},
			"faces": {
				"east": {"uv": [5, 4, 13, 11], "texture": "#0"},
				"south": {"uv": [5, 4, 13, 11], "texture": "#0"},
				"west": {"uv": [5, 4, 13, 11], "texture": "#0"},
				"up": {"uv": [5, 4, 13, 11], "texture": "#0"},
				"down": {"uv": [5, 4, 13, 11], "texture": "#0"}
			}
		},
		{
			"from": [6.66771, -6.88755, 12.22532],
			"to": [15.7469, 29.42923, 21.30452],
			"rotation": {"angle": -45, "axis": "z", "origin": [11.16576, 11.06955, 16.82368]},
			"faces": {
				"east": {"uv": [5, 4, 13, 11], "rotation": 270, "texture": "#0"},
				"south": {"uv": [5, 4, 13, 11], "rotation": 270, "texture": "#0"},
				"west": {"uv": [5, 4, 13, 11], "rotation": 270, "texture": "#0"},
				"up": {"uv": [5, 4, 13, 11], "rotation": 270, "texture": "#0"},
				"down": {"uv": [5, 4, 13, 11], "rotation": 270, "texture": "#0"}
			}
		},
		{
			"from": [5.72863, -15.79889, 12.21275],
			"to": [14.80784, 20.5179, 21.29196],
			"rotation": {"angle": 45, "axis": "z", "origin": [8.0892, 4.76432, 16.80833]},
			"faces": {
				"east": {"uv": [5, 4, 13, 11], "rotation": 90, "texture": "#0"},
				"south": {"uv": [5, 4, 13, 11], "rotation": 90, "texture": "#0"},
				"down": {"uv": [5, 4, 13, 11], "rotation": 90, "texture": "#0"}
			}
		},
		{
			"from": [-12.55917, 2.47036, 12.21806],
			"to": [23.75761, 11.54955, 21.29725],
			"rotation": {"angle": 45, "axis": "z", "origin": [8.0892, 4.76432, 16.80833]},
			"faces": {
				"south": {"uv": [5, 4, 13, 11], "texture": "#0"},
				"west": {"uv": [5, 4, 13, 11], "texture": "#0"},
				"down": {"uv": [5, 4, 13, 11], "texture": "#0"}
			}
		},
		{
			"from": [-13.35455, 12.40708, 6.46019],
			"to": [22.96223, 21.48627, 15.53938],
			"rotation": {"angle": 45, "axis": "y", "origin": [4.7437, 15.80156, 11.03251]},
			"faces": {
				"south": {"uv": [5, 4, 13, 11], "texture": "#0", "cullface": "south"},
				"west": {"uv": [5, 4, 13, 11], "texture": "#0"},
				"up": {"uv": [5, 4, 13, 11], "texture": "#0"}
			}
		},
		{
			"from": [6.84239, 12.43685, -7.25248],
			"to": [15.92159, 21.51604, 29.06429],
			"rotation": {"angle": 45, "axis": "y", "origin": [11.4147, 15.83132, 10.96604]},
			"faces": {
				"east": {"uv": [5, 4, 13, 11], "texture": "#0", "cullface": "east"},
				"south": {"uv": [5, 4, 13, 11], "texture": "#0"},
				"west": {"uv": [5, 4, 13, 11], "texture": "#0"},
				"up": {"uv": [5, 4, 13, 11], "texture": "#0"}
			}
		},
		{
			"from": [-7.30814, 12.43943, 2.30352],
			"to": [29.00865, 21.51862, 11.38271],
			"rotation": {"angle": 45, "axis": "y", "origin": [8.08748, 15.85312, 5.00737]},
			"faces": {
				"north": {"uv": [5, 4, 13, 11], "texture": "#0"},
				"east": {"uv": [5, 4, 13, 11], "texture": "#0"},
				"south": {"uv": [5, 4, 13, 11], "texture": "#0"},
				"west": {"uv": [5, 4, 13, 11], "texture": "#0"},
				"up": {"uv": [5, 4, 13, 11], "texture": "#0"}
			}
		},
		{
			"from": [1.6394, 12.4692, -15.95798],
			"to": [10.71861, 21.54839, 20.35881],
			"rotation": {"angle": 45, "axis": "y", "origin": [8.08748, 15.85312, 5.00737]},
			"faces": {
				"north": {"uv": [5, 4, 13, 11], "texture": "#0"},
				"east": {"uv": [5, 4, 13, 11], "texture": "#0"},
				"south": {"uv": [5, 4, 13, 11], "texture": "#0"},
				"west": {"uv": [5, 4, 13, 11], "texture": "#0"},
				"up": {"uv": [5, 4, 13, 11], "texture": "#0"}
			}
		},
		{
			"from": [-13.35455, -5.75132, 6.46019],
			"to": [22.96223, 3.32789, 15.53938],
			"rotation": {"angle": 45, "axis": "y", "origin": [4.7437, -2.35682, 11.03251]},
			"faces": {
				"north": {"uv": [5, 4, 13, 11], "texture": "#0", "cullface": "down"},
				"east": {"uv": [5, 4, 13, 11], "texture": "#0", "cullface": "down"},
				"south": {"uv": [5, 4, 13, 11], "texture": "#0"},
				"west": {"uv": [5, 4, 13, 11], "texture": "#0"},
				"down": {"uv": [5, 4, 13, 11], "texture": "#0", "cullface": "down"}
			}
		},
		{
			"from": [6.84239, -5.72155, -7.25248],
			"to": [15.92159, 3.35764, 29.06429],
			"rotation": {"angle": 45, "axis": "y", "origin": [11.4147, -2.32707, 10.96604]},
			"faces": {
				"north": {"uv": [5, 4, 13, 11], "texture": "#0", "cullface": "down"},
				"east": {"uv": [5, 4, 13, 11], "texture": "#0"},
				"south": {"uv": [5, 4, 13, 11], "texture": "#0"},
				"west": {"uv": [5, 4, 13, 11], "texture": "#0", "cullface": "down"},
				"down": {"uv": [5, 4, 13, 11], "texture": "#0", "cullface": "down"}
			}
		},
		{
			"from": [-7.30814, -5.71897, 2.30352],
			"to": [29.00865, 3.36024, 11.38271],
			"rotation": {"angle": 45, "axis": "y", "origin": [8.08748, -2.30526, 5.00737]},
			"faces": {
				"north": {"uv": [5, 4, 13, 11], "texture": "#0"},
				"east": {"uv": [5, 4, 13, 11], "texture": "#0"},
				"south": {"uv": [5, 4, 13, 11], "texture": "#0", "cullface": "down"},
				"down": {"uv": [5, 4, 13, 11], "texture": "#0", "cullface": "down"}
			}
		},
		{
			"from": [1.6394, -5.6892, -15.95798],
			"to": [10.71861, 3.38999, 20.35881],
			"rotation": {"angle": 45, "axis": "y", "origin": [8.08748, -2.30526, 5.00737]},
			"faces": {
				"north": {"uv": [5, 4, 13, 11], "texture": "#0"},
				"west": {"uv": [5, 4, 13, 11], "texture": "#0"},
				"down": {"uv": [5, 4, 13, 11], "texture": "#0", "cullface": "down"}
			}
		},
		{
			"from": [-14.39182, 3.32874, 4.93655],
			"to": [21.92496, 12.40793, 14.01576],
			"rotation": {"angle": 22.5, "axis": "y", "origin": [3.70641, 6.72322, 9.50887]},
			"faces": {
				"north": {"uv": [5, 4, 13, 11], "texture": "#0", "cullface": "west"},
				"east": {"uv": [5, 4, 13, 11], "texture": "#0", "cullface": "east"},
				"south": {"uv": [5, 4, 13, 11], "texture": "#0"},
				"west": {"uv": [5, 4, 13, 11], "texture": "#0", "cullface": "west"}
			}
		},
		{
			"from": [-13.35455, 3.32789, 6.46019],
			"to": [22.96223, 12.40708, 15.53938],
			"rotation": {"angle": 45, "axis": "y", "origin": [4.7437, 6.72237, 11.03251]},
			"faces": {
				"south": {"uv": [5, 4, 13, 11], "texture": "#0", "cullface": "south"},
				"west": {"uv": [5, 4, 13, 11], "texture": "#0"}
			}
		},
		{
			"from": [1.71275, 3.32881, -6.17533],
			"to": [10.79196, 12.408, 30.14145],
			"rotation": {"angle": -22.5, "axis": "y", "origin": [6.28507, 6.72328, 12.04321]},
			"faces": {
				"east": {"uv": [5, 4, 13, 11], "texture": "#0"},
				"south": {"uv": [5, 4, 13, 11], "texture": "#0", "cullface": "south"}
			}
		},
		{
			"from": [5.3282, 3.33517, -6.20668],
			"to": [14.40739, 12.41437, 30.11011],
			"rotation": {"angle": 22.5, "axis": "y", "origin": [9.90052, 6.72966, 12.01186]},
			"faces": {
				"north": {"uv": [5, 4, 13, 11], "texture": "#0", "cullface": "north"},
				"east": {"uv": [5, 4, 13, 11], "texture": "#0"},
				"south": {"uv": [5, 4, 13, 11], "texture": "#0", "cullface": "south"},
				"west": {"uv": [5, 4, 13, 11], "texture": "#0", "cullface": "south"}
			}
		},
		{
			"from": [6.84239, 3.35764, -7.25248],
			"to": [15.92159, 12.43685, 29.06429],
			"rotation": {"angle": 45, "axis": "y", "origin": [11.4147, 6.75213, 10.96604]},
			"faces": {
				"east": {"uv": [5, 4, 13, 11], "texture": "#0", "cullface": "east"},
				"south": {"uv": [5, 4, 13, 11], "texture": "#0"}
			}
		},
		{
			"from": [-5.79319, 3.36209, 4.91783],
			"to": [30.52361, 12.4413, 13.99704],
			"rotation": {"angle": -22.5, "axis": "y", "origin": [12.42536, 6.75659, 9.42472]},
			"faces": {
				"north": {"uv": [5, 4, 13, 11], "texture": "#0"},
				"east": {"uv": [5, 4, 13, 11], "texture": "#0", "cullface": "east"}
			}
		},
		{
			"from": [-6.45779, 3.36109, 2.89058],
			"to": [29.85901, 12.44028, 11.96979],
			"rotation": {"angle": 22.5, "axis": "y", "origin": [8.08748, 6.77393, 5.00737]},
			"faces": {
				"north": {"uv": [5, 4, 13, 11], "texture": "#0"},
				"east": {"uv": [5, 4, 13, 11], "texture": "#0", "cullface": "east"},
				"south": {"uv": [5, 4, 13, 11], "texture": "#0", "cullface": "east"},
				"west": {"uv": [5, 4, 13, 11], "texture": "#0", "cullface": "west"}
			}
		},
		{
			"from": [-7.30814, 3.36024, 2.30352],
			"to": [29.00865, 12.43943, 11.38271],
			"rotation": {"angle": 45, "axis": "y", "origin": [8.08748, 6.77393, 5.00737]},
			"faces": {
				"north": {"uv": [5, 4, 13, 11], "texture": "#0", "cullface": "north"},
				"east": {"uv": [5, 4, 13, 11], "texture": "#0"}
			}
		},
		{
			"from": [4.51583, 3.36116, -15.35283],
			"to": [13.59502, 12.44035, 20.96395],
			"rotation": {"angle": -22.5, "axis": "y", "origin": [8.08748, 6.77393, 5.00737]},
			"faces": {
				"north": {"uv": [5, 4, 13, 11], "texture": "#0", "cullface": "north"},
				"west": {"uv": [5, 4, 13, 11], "texture": "#0", "cullface": "north"}
			}
		},
		{
			"from": [2.48913, 3.36752, -15.38362],
			"to": [11.56833, 12.44672, 20.93316],
			"rotation": {"angle": 22.5, "axis": "y", "origin": [8.08748, 6.77393, 5.00737]},
			"faces": {
				"north": {"uv": [5, 4, 13, 11], "texture": "#0", "cullface": "north"},
				"east": {"uv": [5, 4, 13, 11], "texture": "#0", "cullface": "north"},
				"south": {"uv": [5, 4, 13, 11], "texture": "#0", "cullface": "south"},
				"west": {"uv": [5, 4, 13, 11], "texture": "#0"}
			}
		},
		{
			"from": [1.6394, 3.38999, -15.95798],
			"to": [10.71861, 12.4692, 20.35881],
			"rotation": {"angle": 45, "axis": "y", "origin": [8.08748, 6.77393, 5.00737]},
			"faces": {
				"north": {"uv": [5, 4, 13, 11], "texture": "#0"},
				"west": {"uv": [5, 4, 13, 11], "texture": "#0", "cullface": "west"}
			}
		},
		{
			"from": [-13.74637, 3.39445, 2.94206],
			"to": [22.57043, 12.47365, 12.02125],
			"rotation": {"angle": -22.5, "axis": "y", "origin": [8.08748, 6.77393, 5.00737]},
			"faces": {
				"south": {"uv": [5, 4, 13, 11], "texture": "#0"},
				"west": {"uv": [5, 4, 13, 11], "texture": "#0", "cullface": "west"}
			}
		},
		{
			"from": [-5.44751, 3.36356, 3.10754],
			"to": [30.86928, 12.44276, 12.18673],
			"rotation": {"angle": 0, "axis": "y", "origin": [8.08748, 6.77393, 5.00737]},
			"faces": {
				"north": {"uv": [5, 4, 13, 11], "texture": "#0", "cullface": "east"},
				"east": {"uv": [5, 4, 13, 11], "texture": "#0", "cullface": "east"},
				"up": {"uv": [5, 4, 13, 11], "texture": "#0", "cullface": "east"},
				"down": {"uv": [5, 4, 13, 11], "texture": "#0", "cullface": "east"}
			}
		},
		{
			"from": [3.52359, 3.33136, -5.83142],
			"to": [12.60278, 12.41057, 30.48536],
			"rotation": {"angle": 0, "axis": "y", "origin": [8.09591, 6.72585, 12.38711]},
			"faces": {
				"east": {"uv": [5, 4, 13, 11], "texture": "#0", "cullface": "south"},
				"south": {"uv": [5, 4, 13, 11], "texture": "#0", "cullface": "south"},
				"down": {"uv": [5, 4, 13, 11], "texture": "#0", "cullface": "south"}
			}
		},
		{
			"from": [-14.76706, 3.33121, 3.13197],
			"to": [21.54971, 12.41041, 12.21117],
			"rotation": {"angle": 0, "axis": "y", "origin": [3.34516, 6.72818, 7.72545]},
			"faces": {
				"south": {"uv": [5, 4, 13, 11], "texture": "#0", "cullface": "west"},
				"west": {"uv": [5, 4, 13, 11], "texture": "#0", "cullface": "west"}
			}
		},
		{
			"from": [3.49942, 3.36371, -15.16666],
			"to": [12.57861, 12.44292, 21.15013],
			"rotation": {"angle": 0, "axis": "y", "origin": [8.08748, 6.77393, 5.00737]},
			"faces": {
				"north": {"uv": [5, 4, 13, 11], "texture": "#0", "cullface": "north"},
				"west": {"uv": [5, 4, 13, 11], "texture": "#0", "cullface": "north"},
				"up": {"uv": [5, 4, 13, 11], "texture": "#0", "cullface": "north"},
				"down": {"uv": [5, 4, 13, 11], "texture": "#0", "cullface": "north"}
			}
		},
		{
			"from": [3.49927, -5.61542, 3.1397],
			"to": [12.57846, 30.70136, 12.21891],
			"rotation": {"angle": 0, "axis": "y", "origin": [8.07159, 12.60312, 8.82441]},
			"faces": {
				"east": {"uv": [5, 4, 13, 11], "rotation": 90, "texture": "#0", "cullface": "up"},
				"south": {"uv": [5, 4, 13, 11], "rotation": 90, "texture": "#0", "cullface": "up"},
				"west": {"uv": [5, 4, 13, 11], "rotation": 90, "texture": "#0", "cullface": "up"},
				"up": {"uv": [5, 4, 13, 11], "rotation": 90, "texture": "#0", "cullface": "up"}
			}
		},
		{
			"from": [3.46989, -14.92703, 3.11128],
			"to": [12.54908, 21.38976, 12.19048],
			"rotation": {"angle": 0, "axis": "y", "origin": [7.95014, 4.53934, 7.59783]},
			"faces": {
				"north": {"uv": [5, 4, 13, 11], "rotation": 270, "texture": "#0", "cullface": "down"},
				"east": {"uv": [5, 4, 13, 11], "rotation": 270, "texture": "#0", "cullface": "down"},
				"west": {"uv": [5, 4, 13, 11], "rotation": 270, "texture": "#0", "cullface": "down"},
				"down": {"uv": [5, 4, 13, 11], "rotation": 270, "texture": "#0", "cullface": "down"}
			}
		},
		{
			"from": [5.3282, 12.41437, -6.20668],
			"to": [14.40739, 21.49356, 30.11011],
			"rotation": {"angle": 22.5, "axis": "y", "origin": [9.90052, 15.80885, 12.01186]},
			"faces": {
				"north": {"uv": [5, 11, 15, 15], "texture": "#0", "cullface": "north"},
				"east": {"uv": [5, 11, 15, 15], "texture": "#0"},
				"south": {"uv": [5, 11, 15, 15], "texture": "#0", "cullface": "south"},
				"west": {"uv": [5, 11, 15, 15], "texture": "#0", "cullface": "south"},
				"up": {"uv": [5, 11, 15, 15], "texture": "#0"}
			}
		},
		{
			"from": [12.59962, 5.22613, -5.74948],
			"to": [21.67881, 14.30533, 30.56731],
			"rotation": {"angle": -22.5, "axis": "x", "origin": [17.17194, 8.62062, 12.46906]},
			"faces": {
				"north": {"uv": [5, 11, 15, 15], "texture": "#0", "cullface": "east"},
				"east": {"uv": [5, 11, 15, 15], "texture": "#0", "cullface": "east"},
				"south": {"uv": [6, 2, 16, 6], "texture": "#0", "cullface": "south"},
				"up": {"uv": [5, 11, 15, 15], "texture": "#0", "cullface": "east"},
				"down": {"uv": [5, 11, 15, 15], "texture": "#0"}
			}
		},
		{
			"from": [-5.79319, 12.4413, 4.91783],
			"to": [30.52361, 21.52049, 13.99704],
			"rotation": {"angle": -22.5, "axis": "y", "origin": [12.42536, 15.83578, 9.42472]},
			"faces": {
				"north": {"uv": [5, 11, 15, 15], "texture": "#0"},
				"east": {"uv": [5, 11, 15, 15], "texture": "#0", "cullface": "east"},
				"south": {"uv": [5, 11, 15, 15], "texture": "#0"},
				"up": {"uv": [5, 11, 15, 15], "texture": "#0"}
			}
		},
		{
			"from": [-6.42946, 4.79081, 12.23096],
			"to": [29.88733, 13.87, 21.31015],
			"rotation": {"angle": 22.5, "axis": "z", "origin": [11.16576, 11.06955, 16.82368]},
			"faces": {
				"east": {"uv": [5, 11, 15, 15], "rotation": 180, "texture": "#0", "cullface": "east"},
				"south": {"uv": [5, 11, 15, 15], "rotation": 180, "texture": "#0"},
				"west": {"uv": [5, 11, 15, 15], "rotation": 180, "texture": "#0"},
				"up": {"uv": [5, 11, 15, 15], "rotation": 180, "texture": "#0"},
				"down": {"uv": [5, 11, 15, 15], "rotation": 180, "texture": "#0"}
			}
		},
		{
			"from": [-6.45779, 12.44028, 2.89058],
			"to": [29.85901, 21.51949, 11.96979],
			"rotation": {"angle": 22.5, "axis": "y", "origin": [8.08748, 15.85312, 5.00737]},
			"faces": {
				"north": {"uv": [5, 11, 15, 15], "texture": "#0"},
				"east": {"uv": [5, 11, 15, 15], "texture": "#0", "cullface": "east"},
				"south": {"uv": [5, 11, 15, 15], "texture": "#0"},
				"west": {"uv": [5, 11, 15, 15], "texture": "#0"},
				"up": {"uv": [5, 11, 15, 15], "texture": "#0"}
			}
		},
		{
			"from": [-6.42946, 4.79081, -5.92744],
			"to": [29.88733, 13.87, 3.15175],
			"rotation": {"angle": 22.5, "axis": "z", "origin": [11.16576, 11.06955, -1.33472]},
			"faces": {
				"north": {"uv": [5, 11, 15, 15], "rotation": 180, "texture": "#0"},
				"east": {"uv": [5, 11, 15, 15], "rotation": 180, "texture": "#0", "cullface": "east"},
				"west": {"uv": [5, 11, 15, 15], "rotation": 180, "texture": "#0", "cullface": "west"},
				"up": {"uv": [5, 11, 15, 15], "rotation": 180, "texture": "#0"},
				"down": {"uv": [5, 11, 15, 15], "rotation": 180, "texture": "#0", "cullface": "east"}
			}
		},
		{
			"from": [4.51583, 12.44035, -15.35283],
			"to": [13.59502, 21.51956, 20.96395],
			"rotation": {"angle": -22.5, "axis": "y", "origin": [8.08748, 15.85312, 5.00737]},
			"faces": {
				"north": {"uv": [6, 6, 16, 10], "texture": "#0", "cullface": "north"},
				"east": {"uv": [5, 11, 15, 15], "texture": "#0"},
				"south": {"uv": [5, 11, 15, 15], "texture": "#0"},
				"west": {"uv": [5, 11, 15, 15], "texture": "#0"},
				"up": {"uv": [5, 11, 15, 15], "texture": "#0"}
			}
		},
		{
			"from": [12.53674, 5.09434, -14.33732],
			"to": [21.61593, 14.17353, 21.97947],
			"rotation": {"angle": 22.5, "axis": "x", "origin": [17.10906, 10.77906, 3.76093]},
			"faces": {
				"north": {"uv": [0, 12, 10, 16], "rotation": 180, "texture": "#0", "cullface": "north"},
				"east": {"uv": [5, 11, 15, 15], "rotation": 180, "texture": "#0", "cullface": "east"},
				"south": {"uv": [5, 11, 15, 15], "rotation": 180, "texture": "#0"},
				"up": {"uv": [5, 11, 15, 15], "rotation": 180, "texture": "#0"},
				"down": {"uv": [5, 11, 15, 15], "rotation": 180, "texture": "#0"}
			}
		},
		{
			"from": [2.48913, 12.44672, -15.38362],
			"to": [11.56833, 21.52591, 20.93316],
			"rotation": {"angle": 22.5, "axis": "y", "origin": [8.08748, 15.85312, 5.00737]},
			"faces": {
				"north": {"uv": [5, 11, 15, 15], "texture": "#0", "cullface": "north"},
				"east": {"uv": [5, 11, 15, 15], "texture": "#0"},
				"south": {"uv": [5, 11, 15, 15], "texture": "#0"},
				"west": {"uv": [5, 11, 15, 15], "texture": "#0"},
				"up": {"uv": [5, 11, 15, 15], "texture": "#0"}
			}
		},
		{
			"from": [-5.62166, 5.09434, -14.33732],
			"to": [3.45755, 14.17353, 21.97947],
			"rotation": {"angle": 22.5, "axis": "x", "origin": [-1.04934, 10.77906, 3.76093]},
			"faces": {
				"north": {"uv": [3, 4, 13, 8], "rotation": 180, "texture": "#0", "cullface": "north"},
				"south": {"uv": [5, 11, 15, 15], "rotation": 180, "texture": "#0", "cullface": "south"},
				"west": {"uv": [5, 11, 15, 15], "rotation": 180, "texture": "#0", "cullface": "west"},
				"up": {"uv": [5, 11, 15, 15], "rotation": 180, "texture": "#0"},
				"down": {"uv": [5, 11, 15, 15], "rotation": 180, "texture": "#0", "cullface": "north"}
			}
		},
		{
			"from": [-13.74637, 12.47365, 2.94206],
			"to": [22.57043, 21.55284, 12.02125],
			"rotation": {"angle": -22.5, "axis": "y", "origin": [8.08748, 15.85312, 5.00737]},
			"faces": {
				"north": {"uv": [5, 11, 15, 15], "texture": "#0"},
				"east": {"uv": [5, 11, 15, 15], "texture": "#0"},
				"south": {"uv": [6, 4, 16, 8], "texture": "#0"},
				"west": {"uv": [5, 11, 15, 15], "texture": "#0", "cullface": "west"},
				"up": {"uv": [5, 11, 15, 15], "texture": "#0"}
			}
		},
		{
			"from": [-14.84912, 5.22043, -5.94379],
			"to": [21.46767, 14.29964, 3.1354],
			"rotation": {"angle": -22.5, "axis": "z", "origin": [3.26312, 8.61741, -1.35031]},
			"faces": {
				"north": {"uv": [5, 11, 15, 15], "texture": "#0"},
				"west": {"uv": [5, 11, 15, 15], "texture": "#0", "cullface": "west"},
				"up": {"uv": [5, 11, 15, 15], "texture": "#0"},
				"down": {"uv": [5, 11, 15, 15], "texture": "#0"}
			}
		},
		{
			"from": [-14.39182, 12.40793, 4.93655],
			"to": [21.92496, 21.48714, 14.01576],
			"rotation": {"angle": 22.5, "axis": "y", "origin": [3.70641, 15.80242, 9.50887]},
			"faces": {
				"north": {"uv": [5, 11, 15, 15], "texture": "#0", "cullface": "west"},
				"east": {"uv": [5, 11, 15, 15], "texture": "#0", "cullface": "east"},
				"south": {"uv": [5, 11, 15, 15], "texture": "#0"},
				"west": {"uv": [6, 2, 16, 6], "texture": "#0", "cullface": "west"},
				"up": {"uv": [5, 11, 15, 15], "texture": "#0"}
			}
		},
		{
			"from": [-14.84912, 5.22043, 12.21461],
			"to": [21.46767, 14.29964, 21.29381],
			"rotation": {"angle": -22.5, "axis": "z", "origin": [3.26312, 8.61741, 16.80809]},
			"faces": {
				"east": {"uv": [5, 11, 15, 15], "texture": "#0"},
				"south": {"uv": [5, 11, 15, 15], "texture": "#0"},
				"west": {"uv": [0, 5, 10, 9], "texture": "#0", "cullface": "west"},
				"up": {"uv": [5, 11, 15, 15], "texture": "#0"},
				"down": {"uv": [5, 11, 15, 15], "texture": "#0"}
			}
		},
		{
			"from": [-5.55877, 5.22613, -5.74948],
			"to": [3.52043, 14.30533, 30.56731],
			"rotation": {"angle": -22.5, "axis": "x", "origin": [-0.98645, 8.62062, 12.46906]},
			"faces": {
				"south": {"uv": [3, 4, 13, 8], "texture": "#0", "cullface": "south"},
				"west": {"uv": [5, 11, 15, 15], "texture": "#0"},
				"down": {"uv": [5, 11, 15, 15], "texture": "#0"}
			}
		},
		{
			"from": [1.71275, 12.408, -6.17533],
			"to": [10.79196, 21.48721, 30.14145],
			"rotation": {"angle": -22.5, "axis": "y", "origin": [6.28507, 15.80249, 12.04321]},
			"faces": {
				"east": {"uv": [5, 11, 15, 15], "texture": "#0"},
				"south": {"uv": [5, 6, 15, 10], "texture": "#0", "cullface": "south"},
				"west": {"uv": [5, 11, 15, 15], "texture": "#0"},
				"up": {"uv": [5, 11, 15, 15], "texture": "#0"}
			}
		},
		{
			"from": [12.50736, 3.0859, -7.12607],
			"to": [21.58657, 12.16508, 29.19072],
			"rotation": {"angle": 22.5, "axis": "x", "origin": [17.02935, 4.53934, 7.59783]},
			"faces": {
				"north": {"uv": [5, 11, 15, 15], "texture": "#0", "cullface": "north"},
				"east": {"uv": [5, 11, 15, 15], "texture": "#0"},
				"south": {"uv": [6, 6, 16, 10], "texture": "#0", "cullface": "south"},
				"up": {"uv": [5, 11, 15, 15], "texture": "#0", "cullface": "south"},
				"down": {"uv": [5, 11, 15, 15], "texture": "#0"}
			}
		},
		{
			"from": [5.3282, -5.74402, -6.20668],
			"to": [14.40739, 3.33517, 30.11011],
			"rotation": {"angle": 22.5, "axis": "y", "origin": [9.90052, -2.34955, 12.01186]},
			"faces": {
				"north": {"uv": [5, 11, 15, 15], "texture": "#0"},
				"east": {"uv": [5, 11, 15, 15], "texture": "#0"},
				"south": {"uv": [6, 4, 16, 8], "texture": "#0", "cullface": "south"},
				"west": {"uv": [5, 11, 15, 15], "texture": "#0"},
				"down": {"uv": [5, 11, 15, 15], "texture": "#0", "cullface": "down"}
			}
		},
		{
			"from": [-5.65103, 3.0859, -7.12607],
			"to": [3.42817, 12.16508, 29.19072],
			"rotation": {"angle": 22.5, "axis": "x", "origin": [-1.12905, 4.53934, 7.59783]},
			"faces": {
				"north": {"uv": [5, 11, 15, 15], "texture": "#0"},
				"south": {"uv": [0, 0, 10, 4], "texture": "#0", "cullface": "south"},
				"west": {"uv": [5, 11, 15, 15], "texture": "#0", "cullface": "west"},
				"up": {"uv": [5, 11, 15, 15], "texture": "#0"},
				"down": {"uv": [5, 11, 15, 15], "texture": "#0"}
			}
		},
		{
			"from": [1.71275, -5.7504, -6.17533],
			"to": [10.79196, 3.32881, 30.14145],
			"rotation": {"angle": -22.5, "axis": "y", "origin": [6.28507, -2.35591, 12.04321]},
			"faces": {
				"north": {"uv": [5, 11, 15, 15], "texture": "#0", "cullface": "down"},
				"east": {"uv": [5, 11, 15, 15], "texture": "#0"},
				"south": {"uv": [0, 0, 10, 4], "texture": "#0", "cullface": "south"},
				"west": {"uv": [5, 11, 15, 15], "texture": "#0", "cullface": "down"},
				"down": {"uv": [5, 11, 15, 15], "texture": "#0", "cullface": "down"}
			}
		},
		{
			"from": [-13.59032, 3.12435, 12.22368],
			"to": [22.72645, 12.20354, 21.30289],
			"rotation": {"angle": 22.5, "axis": "z", "origin": [8.0892, 4.76432, 16.80833]},
			"faces": {
				"east": {"uv": [5, 11, 15, 15], "texture": "#0", "cullface": "east"},
				"south": {"uv": [5, 11, 15, 15], "texture": "#0"},
				"west": {"uv": [5, 11, 15, 15], "texture": "#0", "cullface": "west"},
				"up": {"uv": [5, 11, 15, 15], "texture": "#0", "cullface": "west"},
				"down": {"uv": [5, 11, 15, 15], "texture": "#0"}
			}
		},
		{
			"from": [-14.39182, -5.75047, 4.93655],
			"to": [21.92496, 3.32874, 14.01576],
			"rotation": {"angle": 22.5, "axis": "y", "origin": [3.70641, -2.35598, 9.50887]},
			"faces": {
				"north": {"uv": [5, 11, 15, 15], "texture": "#0"},
				"east": {"uv": [5, 11, 15, 15], "texture": "#0"},
				"south": {"uv": [5, 11, 15, 15], "texture": "#0"},
				"west": {"uv": [4, 6, 14, 10], "texture": "#0", "cullface": "west"},
				"down": {"uv": [5, 11, 15, 15], "texture": "#0", "cullface": "down"}
			}
		},
		{
			"from": [-13.59032, 3.12435, -5.93471],
			"to": [22.72645, 12.20354, 3.14449],
			"rotation": {"angle": 22.5, "axis": "z", "origin": [8.0892, 4.76432, -1.35007]},
			"faces": {
				"north": {"uv": [5, 11, 15, 15], "texture": "#0"},
				"east": {"uv": [5, 11, 15, 15], "texture": "#0"},
				"west": {"uv": [5, 11, 15, 15], "texture": "#0", "cullface": "west"},
				"up": {"uv": [5, 11, 15, 15], "texture": "#0"},
				"down": {"uv": [5, 11, 15, 15], "texture": "#0"}
			}
		},
		{
			"from": [-13.74637, -5.68474, 2.94206],
			"to": [22.57043, 3.39445, 12.02125],
			"rotation": {"angle": -22.5, "axis": "y", "origin": [8.08748, -2.30526, 5.00737]},
			"faces": {
				"south": {"uv": [5, 11, 15, 15], "texture": "#0"},
				"west": {"uv": [5, 11, 15, 15], "texture": "#0", "cullface": "west"},
				"down": {"uv": [5, 11, 15, 15], "texture": "#0", "cullface": "down"}
			}
		},
		{
			"from": [-5.58815, 3.08267, -13.87608],
			"to": [3.49106, 12.16186, 22.4407],
			"rotation": {"angle": -22.5, "axis": "x", "origin": [-1.12905, 4.53934, 7.59783]},
			"faces": {
				"north": {"uv": [3, 3, 13, 7], "rotation": 180, "texture": "#0", "cullface": "north"},
				"south": {"uv": [5, 11, 15, 15], "rotation": 180, "texture": "#0"},
				"west": {"uv": [1, 6, 11, 10], "rotation": 180, "texture": "#0"},
				"up": {"uv": [5, 11, 15, 15], "rotation": 180, "texture": "#0"},
				"down": {"uv": [5, 11, 15, 15], "rotation": 180, "texture": "#0"}
			}
		},
		{
			"from": [2.48913, -5.71167, -15.38362],
			"to": [11.56833, 3.36752, 20.93316],
			"rotation": {"angle": 22.5, "axis": "y", "origin": [8.08748, -2.30526, 5.00737]},
			"faces": {
				"north": {"uv": [6, 2, 16, 6], "texture": "#0", "cullface": "north"},
				"east": {"uv": [5, 11, 15, 15], "texture": "#0", "cullface": "north"},
				"south": {"uv": [5, 11, 15, 15], "texture": "#0", "cullface": "south"},
				"west": {"uv": [5, 11, 15, 15], "texture": "#0"},
				"down": {"uv": [5, 11, 15, 15], "texture": "#0", "cullface": "down"}
			}
		},
		{
			"from": [12.57025, 3.08267, -13.87608],
			"to": [21.64944, 12.16186, 22.4407],
			"rotation": {"angle": -22.5, "axis": "x", "origin": [17.02935, 4.53934, 7.59783]},
			"faces": {
				"north": {"uv": [6, 4, 16, 8], "rotation": 180, "texture": "#0", "cullface": "north"},
				"east": {"uv": [5, 11, 15, 15], "rotation": 180, "texture": "#0", "cullface": "east"},
				"up": {"uv": [5, 11, 15, 15], "rotation": 180, "texture": "#0"},
				"down": {"uv": [5, 11, 15, 15], "rotation": 180, "texture": "#0", "cullface": "east"}
			}
		},
		{
			"from": [4.51583, -5.71803, -15.35283],
			"to": [13.59502, 3.36116, 20.96395],
			"rotation": {"angle": -22.5, "axis": "y", "origin": [8.08748, -2.30526, 5.00737]},
			"faces": {
				"north": {"uv": [2, 6, 12, 10], "texture": "#0", "cullface": "north"},
				"west": {"uv": [5, 11, 15, 15], "texture": "#0"},
				"down": {"uv": [5, 11, 15, 15], "texture": "#0", "cullface": "down"}
			}
		},
		{
			"from": [-6.66483, 3.10079, -5.95105],
			"to": [29.65195, 12.17998, 3.12814],
			"rotation": {"angle": -22.5, "axis": "z", "origin": [8.0892, 4.76432, -1.35007]},
			"faces": {
				"north": {"uv": [5, 11, 15, 15], "rotation": 180, "texture": "#0"},
				"east": {"uv": [5, 11, 15, 15], "rotation": 180, "texture": "#0", "cullface": "east"},
				"west": {"uv": [5, 11, 15, 15], "rotation": 180, "texture": "#0"},
				"up": {"uv": [5, 11, 15, 15], "rotation": 180, "texture": "#0"},
				"down": {"uv": [5, 11, 15, 15], "rotation": 180, "texture": "#0"}
			}
		},
		{
			"from": [-6.45779, -5.71812, 2.89058],
			"to": [29.85901, 3.36109, 11.96979],
			"rotation": {"angle": 22.5, "axis": "y", "origin": [8.08748, -2.30526, 5.00737]},
			"faces": {
				"north": {"uv": [5, 11, 15, 15], "texture": "#0"},
				"east": {"uv": [2, 7, 12, 11], "texture": "#0", "cullface": "east"},
				"south": {"uv": [5, 11, 15, 15], "texture": "#0", "cullface": "east"},
				"west": {"uv": [5, 11, 15, 15], "texture": "#0", "cullface": "west"},
				"down": {"uv": [5, 11, 15, 15], "texture": "#0", "cullface": "down"}
			}
		},
		{
			"from": [-6.66483, 3.10079, 12.20735],
			"to": [29.65195, 12.17998, 21.28654],
			"rotation": {"angle": -22.5, "axis": "z", "origin": [8.0892, 4.76432, 16.80833]},
			"faces": {
				"east": {"uv": [5, 7, 15, 11], "rotation": 180, "texture": "#0", "cullface": "east"},
				"south": {"uv": [5, 11, 15, 15], "rotation": 180, "texture": "#0"},
				"up": {"uv": [5, 11, 15, 15], "rotation": 180, "texture": "#0"}
			}
		},
		{
			"from": [-5.79319, -5.7171, 4.91783],
			"to": [30.52361, 3.36209, 13.99704],
			"rotation": {"angle": -22.5, "axis": "y", "origin": [12.42536, -2.32262, 9.42472]},
			"faces": {
				"north": {"uv": [5, 11, 15, 15], "texture": "#0"},
				"east": {"uv": [5, 11, 15, 15], "texture": "#0", "cullface": "east"},
				"south": {"uv": [5, 11, 15, 15], "texture": "#0", "cullface": "down"},
				"west": {"uv": [5, 11, 15, 15], "texture": "#0", "cullface": "down"},
				"down": {"uv": [5, 11, 15, 15], "texture": "#0", "cullface": "down"}
			}
		},
		{
			"from": [2.3052, -15.18387, 12.21263],
			"to": [11.38439, 21.13293, 21.29184],
			"rotation": {"angle": -22.5, "axis": "z", "origin": [8.0892, 4.76432, 16.80833]},
			"faces": {
				"east": {"uv": [5, 11, 15, 15], "rotation": 90, "texture": "#0", "cullface": "down"},
				"south": {"uv": [5, 11, 15, 15], "rotation": 90, "texture": "#0"},
				"west": {"uv": [5, 11, 15, 15], "rotation": 90, "texture": "#0"},
				"up": {"uv": [5, 11, 15, 15], "rotation": 90, "texture": "#0", "cullface": "up"},
				"down": {"uv": [5, 11, 15, 15], "rotation": 90, "texture": "#0", "cullface": "down"}
			}
		},
		{
			"from": [-5.62183, -15.2091, 4.38446],
			"to": [3.45736, 21.1077, 13.46365],
			"rotation": {"angle": -22.5, "axis": "x", "origin": [-1.12905, 4.53934, 7.59783]},
			"faces": {
				"north": {"uv": [5, 11, 15, 15], "rotation": 270, "texture": "#0"},
				"south": {"uv": [5, 11, 15, 15], "rotation": 270, "texture": "#0"},
				"west": {"uv": [5, 11, 15, 15], "rotation": 270, "texture": "#0", "cullface": "west"},
				"up": {"uv": [5, 11, 15, 15], "rotation": 270, "texture": "#0"},
				"down": {"uv": [5, 11, 15, 15], "rotation": 270, "texture": "#0", "cullface": "down"}
			}
		},
		{
			"from": [-5.60024, -15.15587, 1.82463],
			"to": [3.47895, 21.16092, 10.90382],
			"rotation": {"angle": 22.5, "axis": "x", "origin": [-1.12905, 4.53934, 7.59783]},
			"faces": {
				"north": {"uv": [5, 11, 15, 15], "rotation": 270, "texture": "#0"},
				"south": {"uv": [5, 11, 15, 15], "rotation": 270, "texture": "#0"},
				"west": {"uv": [5, 11, 15, 15], "rotation": 270, "texture": "#0", "cullface": "west"},
				"up": {"uv": [5, 11, 15, 15], "rotation": 270, "texture": "#0"},
				"down": {"uv": [5, 11, 15, 15], "rotation": 270, "texture": "#0", "cullface": "down"}
			}
		},
		{
			"from": [2.3052, -15.18387, -5.94576],
			"to": [11.38439, 21.13293, 3.13344],
			"rotation": {"angle": -22.5, "axis": "z", "origin": [8.0892, 4.76432, -1.35007]},
			"faces": {
				"north": {"uv": [5, 11, 15, 15], "rotation": 90, "texture": "#0"},
				"east": {"uv": [5, 11, 15, 15], "rotation": 90, "texture": "#0"},
				"west": {"uv": [5, 11, 15, 15], "rotation": 90, "texture": "#0"},
				"up": {"uv": [5, 11, 15, 15], "rotation": 90, "texture": "#0"},
				"down": {"uv": [5, 11, 15, 15], "rotation": 90, "texture": "#0", "cullface": "down"}
			}
		},
		{
			"from": [4.70525, -15.14327, -5.94],
			"to": [13.78445, 21.1735, 3.13919],
			"rotation": {"angle": 22.5, "axis": "z", "origin": [8.0892, 4.76432, -1.35007]},
			"faces": {
				"north": {"uv": [5, 11, 15, 15], "rotation": 90, "texture": "#0"},
				"east": {"uv": [5, 11, 15, 15], "rotation": 90, "texture": "#0"},
				"west": {"uv": [5, 11, 15, 15], "rotation": 90, "texture": "#0"},
				"up": {"uv": [5, 11, 15, 15], "rotation": 90, "texture": "#0"},
				"down": {"uv": [5, 11, 15, 15], "rotation": 90, "texture": "#0", "cullface": "down"}
			}
		},
		{
			"from": [12.55816, -15.15587, 1.82463],
			"to": [21.63735, 21.16092, 10.90382],
			"rotation": {"angle": 22.5, "axis": "x", "origin": [17.02935, 4.53934, 7.59783]},
			"faces": {
				"north": {"uv": [5, 11, 15, 15], "rotation": 270, "texture": "#0"},
				"east": {"uv": [5, 11, 15, 15], "rotation": 270, "texture": "#0", "cullface": "east"},
				"south": {"uv": [5, 11, 15, 15], "rotation": 270, "texture": "#0", "cullface": "down"},
				"up": {"uv": [5, 11, 15, 15], "rotation": 270, "texture": "#0", "cullface": "up"},
				"down": {"uv": [5, 11, 15, 15], "rotation": 270, "texture": "#0", "cullface": "down"}
			}
		},
		{
			"from": [12.53657, -15.2091, 4.38446],
			"to": [21.61576, 21.1077, 13.46365],
			"rotation": {"angle": -22.5, "axis": "x", "origin": [17.02935, 4.53934, 7.59783]},
			"faces": {
				"north": {"uv": [5, 11, 15, 15], "rotation": 270, "texture": "#0"},
				"east": {"uv": [5, 11, 15, 15], "rotation": 270, "texture": "#0", "cullface": "east"},
				"south": {"uv": [5, 11, 15, 15], "rotation": 270, "texture": "#0", "cullface": "east"},
				"down": {"uv": [5, 11, 15, 15], "rotation": 270, "texture": "#0", "cullface": "down"}
			}
		},
		{
			"from": [4.70525, -15.14327, 12.2184],
			"to": [13.78445, 21.1735, 21.29759],
			"rotation": {"angle": 22.5, "axis": "z", "origin": [8.0892, 4.76432, 16.80833]},
			"faces": {
				"east": {"uv": [5, 11, 15, 15], "rotation": 90, "texture": "#0"},
				"south": {"uv": [5, 11, 15, 15], "rotation": 90, "texture": "#0"},
				"west": {"uv": [5, 11, 15, 15], "rotation": 90, "texture": "#0", "cullface": "down"},
				"up": {"uv": [5, 11, 15, 15], "rotation": 90, "texture": "#0", "cullface": "up"},
				"down": {"uv": [5, 11, 15, 15], "rotation": 90, "texture": "#0", "cullface": "down"}
			}
		},
		{
			"from": [-5.57086, -6.41845, 4.85643],
			"to": [3.50833, 29.89835, 13.93562],
			"rotation": {"angle": 22.5, "axis": "x", "origin": [-0.99854, 11.8001, 10.54114]},
			"faces": {
				"north": {"uv": [5, 11, 15, 15], "rotation": 90, "texture": "#0", "cullface": "up"},
				"south": {"uv": [5, 11, 15, 15], "rotation": 90, "texture": "#0"},
				"west": {"uv": [5, 11, 15, 15], "rotation": 90, "texture": "#0"},
				"up": {"uv": [5, 11, 15, 15], "rotation": 90, "texture": "#0", "cullface": "up"},
				"down": {"uv": [5, 11, 15, 15], "rotation": 90, "texture": "#0", "cullface": "down"}
			}
		},
		{
			"from": [1.78152, -6.41564, 12.22566],
			"to": [10.86071, 29.90115, 21.30486],
			"rotation": {"angle": 22.5, "axis": "z", "origin": [5.17848, 11.78893, 16.81914]},
			"faces": {
				"east": {"uv": [5, 11, 15, 15], "rotation": 270, "texture": "#0"},
				"south": {"uv": [5, 11, 15, 15], "rotation": 270, "texture": "#0"},
				"west": {"uv": [5, 11, 15, 15], "rotation": 270, "texture": "#0"},
				"up": {"uv": [5, 11, 15, 15], "rotation": 270, "texture": "#0", "cullface": "up"},
				"down": {"uv": [5, 11, 15, 15], "rotation": 270, "texture": "#0"}
			}
		},
		{
			"from": [4.95839, -6.57005, 12.21991],
			"to": [14.03758, 29.74674, 21.2991],
			"rotation": {"angle": -22.5, "axis": "z", "origin": [11.16576, 11.06955, 16.82368]},
			"faces": {
				"east": {"uv": [5, 11, 15, 15], "rotation": 270, "texture": "#0"},
				"south": {"uv": [5, 11, 15, 15], "rotation": 270, "texture": "#0"},
				"west": {"uv": [5, 11, 15, 15], "rotation": 270, "texture": "#0"},
				"up": {"uv": [1, 7, 11, 11], "rotation": 270, "texture": "#0", "cullface": "up"},
				"down": {"uv": [5, 11, 15, 15], "rotation": 270, "texture": "#0"}
			}
		},
		{
			"from": [12.58754, -6.41845, 4.85643],
			"to": [21.66673, 29.89835, 13.93562],
			"rotation": {"angle": 22.5, "axis": "x", "origin": [17.15986, 11.8001, 10.54114]},
			"faces": {
				"north": {"uv": [5, 11, 15, 15], "rotation": 90, "texture": "#0"},
				"east": {"uv": [5, 11, 15, 15], "rotation": 90, "texture": "#0", "cullface": "east"},
				"south": {"uv": [5, 11, 15, 15], "rotation": 90, "texture": "#0"},
				"up": {"uv": [6, 5, 16, 9], "rotation": 90, "texture": "#0", "cullface": "up"},
				"down": {"uv": [5, 11, 15, 15], "rotation": 90, "texture": "#0"}
			}
		},
		{
			"from": [12.56595, -5.52828, 1.24882],
			"to": [21.64514, 30.78852, 10.32801],
			"rotation": {"angle": -22.5, "axis": "x", "origin": [17.13827, 12.69027, 6.93354]},
			"faces": {
				"north": {"uv": [5, 11, 15, 15], "rotation": 90, "texture": "#0", "cullface": "east"},
				"east": {"uv": [5, 11, 15, 15], "rotation": 90, "texture": "#0", "cullface": "east"},
				"south": {"uv": [5, 11, 15, 15], "rotation": 90, "texture": "#0"},
				"up": {"uv": [2, 6, 12, 10], "rotation": 90, "texture": "#0", "cullface": "up"},
				"down": {"uv": [5, 11, 15, 15], "rotation": 90, "texture": "#0", "cullface": "east"}
			}
		},
		{
			"from": [4.95839, -6.57005, -5.93849],
			"to": [14.03758, 29.74674, 3.1407],
			"rotation": {"angle": -22.5, "axis": "z", "origin": [11.16576, 11.06955, -1.33472]},
			"faces": {
				"north": {"uv": [5, 2, 15, 6], "rotation": 270, "texture": "#0"},
				"east": {"uv": [5, 11, 15, 15], "rotation": 270, "texture": "#0"},
				"west": {"uv": [5, 11, 15, 15], "rotation": 270, "texture": "#0", "cullface": "up"},
				"up": {"uv": [5, 6, 15, 10], "rotation": 270, "texture": "#0", "cullface": "up"},
				"down": {"uv": [5, 11, 15, 15], "rotation": 270, "texture": "#0", "cullface": "down"}
			}
		},
		{
			"from": [1.78152, -6.41564, -5.93274],
			"to": [10.86071, 29.90115, 3.14645],
			"rotation": {"angle": 22.5, "axis": "z", "origin": [5.17848, 11.78893, -1.33926]},
			"faces": {
				"north": {"uv": [5, 11, 15, 15], "rotation": 270, "texture": "#0"},
				"east": {"uv": [5, 11, 15, 15], "rotation": 270, "texture": "#0", "cullface": "up"},
				"west": {"uv": [5, 11, 15, 15], "rotation": 270, "texture": "#0"},
				"up": {"uv": [5, 11, 15, 15], "rotation": 270, "texture": "#0", "cullface": "up"},
				"down": {"uv": [5, 11, 15, 15], "rotation": 270, "texture": "#0", "cullface": "down"}
			}
		},
		{
			"from": [-5.59245, -5.52828, 1.24882],
			"to": [3.48674, 30.78852, 10.32801],
			"rotation": {"angle": -22.5, "axis": "x", "origin": [-1.02013, 12.69027, 6.93354]},
			"faces": {
				"south": {"uv": [5, 11, 15, 15], "rotation": 90, "texture": "#0"},
				"west": {"uv": [1, 4, 11, 8], "rotation": 90, "texture": "#0"},
				"up": {"uv": [4, 4, 14, 8], "rotation": 90, "texture": "#0", "cullface": "up"}
			}
		}
	],
	"display": {
		"thirdperson_righthand": {
			"rotation": [70, -43, 43],
			"translation": [49, 80, 44],
			"scale": [4, 4, 4]
		},
		"thirdperson_lefthand": {
			"scale": [4, 4, 4]
		},
		"firstperson_righthand": {
			"rotation": [0, 0, -2],
			"translation": [79, 57, -44],
			"scale": [4, 4, 4]
		},
		"firstperson_lefthand": {
			"translation": [80, 26, -73],
			"scale": [4, 4, 4]
		},
		"ground": {
			"rotation": [-180, 0, 0],
			"translation": [0.5, 5.75, 0],
			"scale": [3.38, 0.04, 4]
		},
		"gui": {
			"translation": [0.25, -0.25, 0],
			"scale": [0.4, 0.4, 0.4]
		},
		"head": {
			"rotation": [180, 3, 0],
			"translation": [0, -8, 0],
			"scale": [4, 4, 4]
		},
		"fixed": {
			"translation": [0, -1.25, -5],
			"scale": [4, 4, 4]
		}
	},
	"groups": [
		{
			"name": "group",
			"origin": [8, 8, 8],
			"children": [
				{
					"name": "group",
					"origin": [8.92227, 19.52837, 8.80887],
					"children": [0, 1, 2, 3, 4, 5, 6, 7, 8, 9, 10, 11]
				},
				{
					"name": "group",
					"origin": [8.92227, 19.52837, 8.80887],
					"children": [12, 13, 14, 15]
				},
				{
					"name": "group",
					"origin": [8.92227, 19.52837, 8.80887],
					"children": [16, 17, 18, 19]
				},
				{
					"name": "group",
					"origin": [8.98353, 19.62749, 8.86672],
					"children": [20, 21, 22, 23, 24, 25, 26, 27, 28, 29, 30, 31]
				},
				{
					"name": "group",
					"origin": [8.98353, 19.62749, 8.86672],
					"children": [32, 33, 34, 35]
				},
				{
					"name": "group",
					"origin": [8.98353, 19.62749, 8.86672],
					"children": [36, 37, 38, 39]
				},
				{
					"name": "group",
					"origin": [8.98277, 20.51286, 7.6676],
					"children": [40, 41, 42, 43]
				},
				{
					"name": "group",
					"origin": [8.98277, 20.51286, 7.6676],
					"children": [44, 45, 46, 47]
				},
				{
					"name": "group",
					"origin": [8.98277, 20.51286, 7.6676],
					"children": [48, 49, 50, 51, 52, 53, 54, 55, 56, 57, 58, 59]
				},
				{
					"name": "group",
					"origin": [8.98277, 20.51286, 7.6676],
					"children": [60, 61, 62, 63, 64, 65]
				},
				{
					"name": "group",
					"origin": [4.97026, 23.1194, 8.51621],
					"children": [66, 67, 68, 69, 70, 71, 72, 73, 74, 75, 76, 77, 78, 79, 80, 81, 82, 83, 84, 85, 86, 87, 88, 89, 90, 91, 92, 93, 94, 95, 96, 97, 98, 99, 100, 101, 102, 103, 104, 105, 106, 107, 108, 109, 110, 111, 112, 113]
				}
			]
		}
	]
}