{
	"credit": "Made with Blockbench",
	"textures": {
		"0": "additions:blocks/unblock",
		"particle": "additions:blocks/unblock"
	},
	"elements": [
		{
			"from": [14.25, 14.25, 14.25],
			"to": [15.75, 16.75, 15.75],
			"faces": {
				"north": {"uv": [0, 9, 0.5, 15.5], "texture": "#0"},
				"east": {"uv": [0, 9, 0.5, 15.5], "texture": "#0"},
				"south": {"uv": [0, 9, 0.5, 15.5], "texture": "#0"},
				"west": {"uv": [0, 9, 0.5, 15.5], "texture": "#0"},
				"up": {"uv": [0, 9, 0.5, 15.5], "rotation": 270, "texture": "#0"},
				"down": {"uv": [0, 9, 0.5, 15.5], "rotation": 90, "texture": "#0"}
			}
		},
		{
			"from": [12.75, 13.25, 13],
			"to": [15.25, 16.5, 15.5],
			"faces": {
				"north": {"uv": [0, 9, 0.5, 15.5], "texture": "#0"},
				"east": {"uv": [0, 9, 0.5, 15.5], "texture": "#0"},
				"south": {"uv": [0, 9, 0.5, 15.5], "texture": "#0"},
				"west": {"uv": [0, 9, 0.5, 15.5], "texture": "#0"},
				"up": {"uv": [0, 9, 0.5, 15.5], "rotation": 270, "texture": "#0"},
				"down": {"uv": [0, 9, 0.5, 15.5], "rotation": 90, "texture": "#0"}
			}
		},
		{
			"from": [11.75, 11.25, 12],
			"to": [14.25, 15.5, 14.5],
			"faces": {
				"north": {"uv": [0, 9, 0.5, 15.5], "texture": "#0"},
				"east": {"uv": [0, 9, 0.5, 15.5], "texture": "#0"},
				"south": {"uv": [0, 9, 0.5, 15.5], "texture": "#0"},
				"west": {"uv": [0, 9, 0.5, 15.5], "texture": "#0"},
				"up": {"uv": [0, 9, 0.5, 15.5], "rotation": 270, "texture": "#0"},
				"down": {"uv": [0, 9, 0.5, 15.5], "rotation": 90, "texture": "#0"}
			}
		},
		{
			"from": [10.75, 10, 10.75],
			"to": [13.25, 14.25, 13.5],
			"faces": {
				"north": {"uv": [0, 9, 0.5, 15.5], "texture": "#0"},
				"east": {"uv": [0, 9, 0.5, 15.5], "texture": "#0"},
				"south": {"uv": [0, 9, 0.5, 15.5], "texture": "#0"},
				"west": {"uv": [0, 9, 0.5, 15.5], "texture": "#0"},
				"up": {"uv": [0, 9, 0.5, 15.5], "rotation": 270, "texture": "#0"},
				"down": {"uv": [0, 9, 0.5, 15.5], "rotation": 90, "texture": "#0"}
			}
		},
		{
			"from": [9.75, 9, 9.75],
			"to": [12, 13, 12.25],
			"faces": {
				"north": {"uv": [0, 9, 0.5, 15.5], "texture": "#0"},
				"east": {"uv": [0, 9, 0.5, 15.5], "texture": "#0"},
				"south": {"uv": [0, 9, 0.5, 15.5], "texture": "#0"},
				"west": {"uv": [0, 9, 0.5, 15.5], "texture": "#0"},
				"up": {"uv": [0, 9, 0.5, 15.5], "rotation": 270, "texture": "#0"},
				"down": {"uv": [0, 9, 0.5, 15.5], "rotation": 90, "texture": "#0"}
			}
		},
		{
			"from": [8.75, 8, 8.75],
			"to": [11.25, 11.5, 11.25],
			"faces": {
				"north": {"uv": [0, 9, 0.5, 15.5], "texture": "#0"},
				"east": {"uv": [0, 9, 0.5, 15.5], "texture": "#0"},
				"south": {"uv": [0, 9, 0.5, 15.5], "texture": "#0"},
				"west": {"uv": [0, 9, 0.5, 15.5], "texture": "#0"},
				"up": {"uv": [0, 9, 0.5, 15.5], "rotation": 270, "texture": "#0"},
				"down": {"uv": [0, 9, 0.5, 15.5], "rotation": 90, "texture": "#0"}
			}
		},
		{
			"from": [7.5, 7, 7.5],
			"to": [10.25, 10.25, 10.25],
			"faces": {
				"north": {"uv": [0, 9, 0.5, 15.5], "texture": "#0"},
				"east": {"uv": [0, 9, 0.5, 15.5], "texture": "#0"},
				"south": {"uv": [0, 9, 0.5, 15.5], "texture": "#0"},
				"west": {"uv": [0, 9, 0.5, 15.5], "texture": "#0"},
				"up": {"uv": [0, 9, 0.5, 15.5], "rotation": 270, "texture": "#0"},
				"down": {"uv": [0, 9, 0.5, 15.5], "rotation": 90, "texture": "#0"}
			}
		},
		{
			"from": [6, 6, 6],
			"to": [9.25, 8.75, 9.25],
			"faces": {
				"north": {"uv": [0, 9, 0.5, 15.5], "texture": "#0"},
				"east": {"uv": [0, 9, 0.5, 15.5], "texture": "#0"},
				"south": {"uv": [0, 9, 0.5, 15.5], "texture": "#0"},
				"west": {"uv": [0, 9, 0.5, 15.5], "texture": "#0"},
				"up": {"uv": [0, 9, 0.5, 15.5], "rotation": 270, "texture": "#0"},
				"down": {"uv": [0, 9, 0.5, 15.5], "rotation": 90, "texture": "#0"}
			}
		},
		{
			"from": [4.5, 4.75, 4.75],
			"to": [7.75, 7.5, 8],
			"faces": {
				"north": {"uv": [0, 9, 0.5, 15.5], "texture": "#0"},
				"east": {"uv": [0, 9, 0.5, 15.5], "texture": "#0"},
				"south": {"uv": [0, 9, 0.5, 15.5], "texture": "#0"},
				"west": {"uv": [0, 9, 0.5, 15.5], "texture": "#0"},
				"up": {"uv": [0, 9, 0.5, 15.5], "rotation": 270, "texture": "#0"},
				"down": {"uv": [0, 9, 0.5, 15.5], "rotation": 90, "texture": "#0"}
			}
		},
		{
			"from": [3.25, 3.5, 3.25],
			"to": [6.5, 6.25, 6.5],
			"faces": {
				"north": {"uv": [0, 9, 0.5, 15.5], "texture": "#0"},
				"east": {"uv": [0, 9, 0.5, 15.5], "texture": "#0"},
				"south": {"uv": [0, 9, 0.5, 15.5], "texture": "#0"},
				"west": {"uv": [0, 9, 0.5, 15.5], "texture": "#0"},
				"up": {"uv": [0, 9, 0.5, 15.5], "rotation": 270, "texture": "#0"},
				"down": {"uv": [0, 9, 0.5, 15.5], "rotation": 90, "texture": "#0"}
			}
		},
		{
			"from": [1.5, 2.25, 1.75],
			"to": [4.75, 5, 5],
			"faces": {
				"north": {"uv": [0, 9, 0.5, 15.5], "texture": "#0"},
				"east": {"uv": [0, 9, 0.5, 15.5], "texture": "#0"},
				"south": {"uv": [0, 9, 0.5, 15.5], "texture": "#0"},
				"west": {"uv": [0, 9, 0.5, 15.5], "texture": "#0"},
				"up": {"uv": [0, 9, 0.5, 15.5], "rotation": 270, "texture": "#0"},
				"down": {"uv": [0, 9, 0.5, 15.5], "rotation": 90, "texture": "#0"}
			}
		},
		{
			"from": [0.25, 1, 0.5],
			"to": [3.5, 3.75, 3.75],
			"faces": {
				"north": {"uv": [0, 9, 0.5, 15.5], "texture": "#0"},
				"east": {"uv": [0, 9, 0.5, 15.5], "texture": "#0"},
				"south": {"uv": [0, 9, 0.5, 15.5], "texture": "#0"},
				"west": {"uv": [0, 9, 0.5, 15.5], "texture": "#0"},
				"up": {"uv": [0, 9, 0.5, 15.5], "rotation": 270, "texture": "#0"},
				"down": {"uv": [0, 9, 0.5, 15.5], "rotation": 90, "texture": "#0"}
			}
		},
		{
			"from": [-0.75, 0, -0.5],
			"to": [2.5, 2.75, 2.75],
			"faces": {
				"north": {"uv": [0, 9, 0.5, 15.5], "texture": "#0"},
				"east": {"uv": [0, 9, 0.5, 15.5], "texture": "#0"},
				"south": {"uv": [0, 9, 0.5, 15.5], "texture": "#0"},
				"west": {"uv": [0, 9, 0.5, 15.5], "texture": "#0"},
				"up": {"uv": [0, 9, 0.5, 15.5], "rotation": 270, "texture": "#0"},
				"down": {"uv": [0, 9, 0.5, 15.5], "rotation": 90, "texture": "#0"}
			}
		},
		{
			"from": [0, 0, 0],
			"to": [16, 0, 16],
			"faces": {
				"north": {"uv": [0, 0, 16, 0], "texture": "#0"},
				"east": {"uv": [0, 0, 16, 0], "texture": "#0"},
				"south": {"uv": [0, 0, 16, 0], "texture": "#0"},
				"west": {"uv": [0, 0, 16, 0], "texture": "#0"},
				"down": {"uv": [0, 0, 16, 16], "rotation": 180, "texture": "#0"}
			}
		},
		{
			"from": [15, -4, -2.61827],
			"to": [16, 7.32207, 19.98173],
			"rotation": {"angle": -45, "axis": "x", "origin": [8, 7.07207, 8.13173]},
			"faces": {
				"north": {"uv": [0, 0, 2, 11.82207], "texture": "#0"},
				"east": {"uv": [0, 0, 16, 11.82207], "texture": "#0"},
				"south": {"uv": [0, 0, 2, 11.82207], "texture": "#0"},
				"west": {"uv": [0, 4, 16, 15.822], "texture": "#0"},
				"up": {"uv": [0, 0, 2, 16], "texture": "#0"},
				"down": {"uv": [0, 0, 2, 16], "texture": "#0"}
			}
		},
		{
			"from": [-2.75, -4, 14.86827],
			"to": [19.85, 7.32207, 15.86827],
			"rotation": {"angle": 45, "axis": "z", "origin": [8, 7.07207, 7.86827]},
			"faces": {
				"north": {"uv": [0, 4, 16, 15.822], "texture": "#0"},
				"east": {"uv": [0, 0, 2, 11.82207], "texture": "#0"},
				"south": {"uv": [0, 4, 16, 15.822], "texture": "#0"},
				"west": {"uv": [0, 0, 2, 11.82207], "texture": "#0"},
				"up": {"uv": [14, 0, 16, 16], "rotation": 270, "texture": "#0"},
				"down": {"uv": [0, 0, 2, 16], "rotation": 90, "texture": "#0"}
			}
		},
		{
			"from": [15.5, -0.5, 15.5],
			"to": [16.5, 0.5, 15.5],
			"faces": {
				"north": {"uv": [0, 0, 1, 15.5], "texture": "#0"},
				"east": {"uv": [0, 0, 15.5, 1], "texture": "#0"},
				"south": {"uv": [0, 0, 1, 15.5], "texture": "#0"},
				"west": {"uv": [0, 0, 1, 15.5], "texture": "#0"},
				"up": {"uv": [0, 0, 1, 15.5], "rotation": 180, "texture": "#0"},
				"down": {"uv": [0, 0, 1, 15.5], "rotation": 180, "texture": "#0"}
			}
		},
		{
			"from": [14.5, 1.5, 15.5],
			"to": [16.5, 15.75, 17.5],
			"faces": {
				"north": {"uv": [0, 0, 1, 15.5], "rotation": 90, "texture": "#0"},
				"east": {"uv": [0, 0, 1, 15.5], "texture": "#0"},
				"south": {"uv": [0, 0, 15.5, 1], "rotation": 270, "texture": "#0"},
				"west": {"uv": [0, 0, 1, 15.5], "rotation": 180, "texture": "#0"},
				"up": {"uv": [0, 0, 1, 15.5], "rotation": 270, "texture": "#0"},
				"down": {"uv": [0, 0, 1, 15.5], "rotation": 270, "texture": "#0"}
			}
		},
		{
			"from": [15.5, -0.5, 0.25],
			"to": [17.5, 1.5, 14.5],
			"faces": {
				"north": {"uv": [0, 0, 15.75, 1], "texture": "#0"},
				"east": {"uv": [0, 0, 15.75, 1], "texture": "#0"},
				"south": {"uv": [0, 0, 15.75, 1], "texture": "#0"},
				"west": {"uv": [0, 0, 15.75, 1], "texture": "#0"},
				"up": {"uv": [0, 0, 15.75, 1], "texture": "#0"},
				"down": {"uv": [0, 0, 1, 15.75], "texture": "#0"}
			}
		},
		{
			"from": [0.25, -0.5, 15.5],
			"to": [16.5, 1.5, 17.5],
			"faces": {
				"north": {"uv": [0, 0, 15.75, 1], "texture": "#0"},
				"east": {"uv": [0, 0, 15.75, 1], "texture": "#0"},
				"south": {"uv": [0, 0, 15.75, 1], "texture": "#0"},
				"west": {"uv": [0, 0, 15.75, 1], "texture": "#0"},
				"up": {"uv": [0, 0, 15.75, 1], "rotation": 270, "texture": "#0"},
				"down": {"uv": [0, 0, 1, 15.75], "rotation": 90, "texture": "#0"}
			}
		},
		{
			"from": [15.5, -0.5, 14.5],
			"to": [17.5, 15.75, 16.5],
			"faces": {
				"north": {"uv": [0, 0, 15.75, 1], "rotation": 180, "texture": "#0"},
				"east": {"uv": [0, 0, 15.75, 1], "rotation": 90, "texture": "#0"},
				"south": {"uv": [0, 0, 1, 15.75], "texture": "#0"},
				"west": {"uv": [0, 0, 15.75, 1], "rotation": 270, "texture": "#0"},
				"up": {"uv": [0, 0, 15.75, 1], "texture": "#0"},
				"down": {"uv": [0, 0, 15.75, 1], "rotation": 180, "texture": "#0"}
			}
		},
		{
			"from": [15.25, 7.5, -3.5],
			"to": [17.75, 9.75, 19.5],
			"rotation": {"angle": -45, "axis": "x", "origin": [8, 8, 8]},
			"faces": {
				"north": {"uv": [0, 0, 15.5, 1], "texture": "#0"},
				"east": {"uv": [0, 0, 15.5, 1], "texture": "#0"},
				"south": {"uv": [0, 0, 15.5, 1], "texture": "#0"},
				"west": {"uv": [0, 0, 15.5, 1], "texture": "#0"},
				"up": {"uv": [0, 0, 1, 16], "texture": "#0"},
				"down": {"uv": [0, 0, 15.5, 1], "texture": "#0"}
			}
		},
		{
			"from": [-3.5, 7.5, 15.25],
			"to": [19.5, 9.75, 17.75],
			"rotation": {"angle": 45, "axis": "z", "origin": [8, 8, 8]},
			"faces": {
				"north": {"uv": [0, 0, 15.5, 1], "texture": "#0"},
				"east": {"uv": [0, 0, 15.5, 1], "texture": "#0"},
				"south": {"uv": [0, 0, 15.5, 1], "texture": "#0"},
				"west": {"uv": [0, 0, 15.5, 1], "texture": "#0"},
				"up": {"uv": [0, 0, 1, 15.5], "rotation": 270, "texture": "#0"},
				"down": {"uv": [0, 0, 15.5, 1], "rotation": 90, "texture": "#0"}
			}
		},
		{
			"from": [3.81802, 0.4467, 2.30025],
			"to": [15.31802, 1.3967, 4.30025],
			"rotation": {"angle": -45, "axis": "x", "origin": [11.31802, 2.6967, -0.69975]},
			"faces": {
				"north": {"uv": [1, 1, 3, 3], "rotation": 180, "texture": "#0"},
				"east": {"uv": [1, 1, 3, 3], "rotation": 180, "texture": "#0"},
				"south": {"uv": [1, 1, 3, 3], "rotation": 180, "texture": "#0"},
				"west": {"uv": [1, 1, 3, 3], "rotation": 180, "texture": "#0"},
				"up": {"uv": [1, 1, 3, 3], "rotation": 90, "texture": "#0"},
				"down": {"uv": [1, 1, 3, 3], "rotation": 270, "texture": "#0"}
			}
		},
		{
			"from": [2.31802, 0.4467, 0.30025],
			"to": [15.31802, 1.4967, 2.30025],
			"rotation": {"angle": -45, "axis": "x", "origin": [11.31802, 2.6967, -0.69975]},
			"faces": {
				"north": {"uv": [1, 1, 3, 3], "rotation": 180, "texture": "#0"},
				"east": {"uv": [1, 1, 3, 3], "rotation": 180, "texture": "#0"},
				"south": {"uv": [1, 1, 3, 3], "rotation": 180, "texture": "#0"},
				"west": {"uv": [1, 1, 3, 3], "rotation": 180, "texture": "#0"},
				"up": {"uv": [1, 1, 3, 3], "rotation": 90, "texture": "#0"},
				"down": {"uv": [1, 1, 3, 3], "rotation": 270, "texture": "#0"}
			}
		},
		{
			"from": [0.56802, 0.4467, -2.19975],
			"to": [15.31802, 1.5967, 0.30025],
			"rotation": {"angle": -45, "axis": "x", "origin": [11.31802, 2.6967, -0.69975]},
			"faces": {
				"north": {"uv": [1, 1, 3, 3], "rotation": 180, "texture": "#0"},
				"east": {"uv": [1, 1, 3, 3], "rotation": 180, "texture": "#0"},
				"south": {"uv": [1, 1, 3, 3], "rotation": 180, "texture": "#0"},
				"west": {"uv": [1, 1, 3, 3], "rotation": 180, "texture": "#0"},
				"up": {"uv": [1, 1, 3, 3], "rotation": 90, "texture": "#0"},
				"down": {"uv": [1, 1, 3, 3], "rotation": 270, "texture": "#0"}
			}
		},
		{
			"from": [4.1014, 12.76256, 3.75],
			"to": [6.1014, 13.71256, 15.25],
			"rotation": {"angle": 45, "axis": "z", "origin": [15.1014, 6.76256, 16.25]},
			"faces": {
				"north": {"uv": [3, 1, 1, 3], "rotation": 180, "texture": "#0"},
				"east": {"uv": [3, 1, 1, 3], "rotation": 180, "texture": "#0"},
				"south": {"uv": [3, 1, 1, 3], "rotation": 180, "texture": "#0"},
				"west": {"uv": [3, 1, 1, 3], "rotation": 180, "texture": "#0"},
				"up": {"uv": [1, 3, 3, 1], "texture": "#0"},
				"down": {"uv": [1, 3, 3, 1], "texture": "#0"}
			}
		},
		{
			"from": [2.1014, 12.76256, 2.25],
			"to": [4.1014, 13.81256, 15.25],
			"rotation": {"angle": 45, "axis": "z", "origin": [15.1014, 6.76256, 16.25]},
			"faces": {
				"north": {"uv": [3, 1, 1, 3], "rotation": 180, "texture": "#0"},
				"east": {"uv": [3, 1, 1, 3], "rotation": 180, "texture": "#0"},
				"south": {"uv": [3, 1, 1, 3], "rotation": 180, "texture": "#0"},
				"west": {"uv": [3, 1, 1, 3], "rotation": 180, "texture": "#0"},
				"up": {"uv": [1, 3, 3, 1], "texture": "#0"},
				"down": {"uv": [1, 3, 3, 1], "texture": "#0"}
			}
		},
		{
			"from": [-0.6486, 12.76256, 0.75],
			"to": [2.1014, 13.91256, 15.25],
			"rotation": {"angle": 45, "axis": "z", "origin": [15.1014, 6.76256, 16.25]},
			"faces": {
				"north": {"uv": [3, 1, 1, 3], "rotation": 180, "texture": "#0"},
				"east": {"uv": [3, 1, 1, 3], "rotation": 180, "texture": "#0"},
				"south": {"uv": [3, 1, 1, 3], "rotation": 180, "texture": "#0"},
				"west": {"uv": [3, 1, 1, 3], "rotation": 180, "texture": "#0"},
				"up": {"uv": [1, 3, 3, 1], "texture": "#0"},
				"down": {"uv": [1, 3, 3, 1], "texture": "#0"}
			}
		},
		{
			"from": [5.31802, 5.31174, 4.0455],
			"to": [15.51802, 6.16174, 6.0455],
			"rotation": {"angle": -45, "axis": "x", "origin": [10.66802, 5.43674, 5.0455]},
			"faces": {
				"north": {"uv": [1, 1, 3, 3], "rotation": 180, "texture": "#0"},
				"east": {"uv": [1, 1, 3, 3], "rotation": 180, "texture": "#0"},
				"south": {"uv": [1, 1, 3, 3], "rotation": 180, "texture": "#0"},
				"west": {"uv": [1, 1, 3, 3], "rotation": 180, "texture": "#0"},
				"up": {"uv": [1, 1, 3, 3], "rotation": 90, "texture": "#0"},
				"down": {"uv": [1, 1, 3, 3], "rotation": 270, "texture": "#0"}
			}
		},
		{
			"from": [6.92983, 14.76256, 5.25],
			"to": [8.92983, 15.61256, 15.25],
			"rotation": {"angle": 45, "axis": "z", "origin": [17.92983, 6.76256, 18.25]},
			"faces": {
				"north": {"uv": [3, 1, 1, 3], "rotation": 180, "texture": "#0"},
				"east": {"uv": [3, 1, 1, 3], "rotation": 180, "texture": "#0"},
				"south": {"uv": [3, 1, 1, 3], "rotation": 180, "texture": "#0"},
				"west": {"uv": [3, 1, 1, 3], "rotation": 180, "texture": "#0"},
				"up": {"uv": [1, 3, 3, 1], "texture": "#0"},
				"down": {"uv": [1, 3, 3, 1], "texture": "#0"}
			}
		},
		{
			"from": [6.81802, 4.51992, 8.13388],
			"to": [15.31802, 5.26992, 10.13388],
			"rotation": {"angle": -45, "axis": "x", "origin": [10.31802, 2.51992, 5.13388]},
			"faces": {
				"north": {"uv": [1, 1, 3, 3], "rotation": 180, "texture": "#0"},
				"east": {"uv": [1, 1, 3, 3], "rotation": 180, "texture": "#0"},
				"south": {"uv": [1, 1, 3, 3], "rotation": 180, "texture": "#0"},
				"west": {"uv": [1, 1, 3, 3], "rotation": 180, "texture": "#0"},
				"up": {"uv": [1, 1, 3, 3], "rotation": 90, "texture": "#0"},
				"down": {"uv": [1, 1, 3, 3], "rotation": 270, "texture": "#0"}
			}
		},
		{
			"from": [8.31802, 4.51992, 10.13388],
			"to": [15.31802, 5.16992, 12.13388],
			"rotation": {"angle": -45, "axis": "x", "origin": [10.31802, 2.51992, 5.13388]},
			"faces": {
				"north": {"uv": [1, 1, 3, 3], "rotation": 180, "texture": "#0"},
				"east": {"uv": [1, 1, 3, 3], "rotation": 180, "texture": "#0"},
				"south": {"uv": [1, 1, 3, 3], "rotation": 180, "texture": "#0"},
				"west": {"uv": [1, 1, 3, 3], "rotation": 180, "texture": "#0"},
				"up": {"uv": [1, 1, 3, 3], "rotation": 90, "texture": "#0"},
				"down": {"uv": [1, 1, 3, 3], "rotation": 270, "texture": "#0"}
			}
		},
		{
			"from": [9.81802, 4.51992, 12.13388],
			"to": [15.31802, 5.06992, 14.13388],
			"rotation": {"angle": -45, "axis": "x", "origin": [10.31802, 2.51992, 5.13388]},
			"faces": {
				"north": {"uv": [1, 1, 3, 3], "rotation": 180, "texture": "#0"},
				"east": {"uv": [1, 1, 3, 3], "rotation": 180, "texture": "#0"},
				"south": {"uv": [1, 1, 3, 3], "rotation": 180, "texture": "#0"},
				"west": {"uv": [1, 1, 3, 3], "rotation": 180, "texture": "#0"},
				"up": {"uv": [1, 1, 3, 3], "rotation": 90, "texture": "#0"},
				"down": {"uv": [1, 1, 3, 3], "rotation": 270, "texture": "#0"}
			}
		},
		{
			"from": [11.56802, 4.51992, 14.13388],
			"to": [15.31802, 4.96992, 16.13388],
			"rotation": {"angle": -45, "axis": "x", "origin": [10.31802, 2.51992, 5.13388]},
			"faces": {
				"north": {"uv": [1, 1, 3, 3], "rotation": 180, "texture": "#0"},
				"east": {"uv": [1, 1, 3, 3], "rotation": 180, "texture": "#0"},
				"south": {"uv": [1, 1, 3, 3], "rotation": 180, "texture": "#0"},
				"west": {"uv": [1, 1, 3, 3], "rotation": 180, "texture": "#0"},
				"up": {"uv": [1, 1, 3, 3], "rotation": 90, "texture": "#0"},
				"down": {"uv": [1, 1, 3, 3], "rotation": 270, "texture": "#0"}
			}
		},
		{
			"from": [12.81802, 4.51992, 16.13388],
			"to": [15.31802, 4.86992, 18.13388],
			"rotation": {"angle": -45, "axis": "x", "origin": [10.31802, 2.51992, 5.13388]},
			"faces": {
				"north": {"uv": [1, 1, 3, 3], "rotation": 180, "texture": "#0"},
				"east": {"uv": [1, 1, 3, 3], "rotation": 180, "texture": "#0"},
				"south": {"uv": [1, 1, 3, 3], "rotation": 180, "texture": "#0"},
				"west": {"uv": [1, 1, 3, 3], "rotation": 180, "texture": "#0"},
				"up": {"uv": [1, 1, 3, 3], "rotation": 90, "texture": "#0"},
				"down": {"uv": [1, 1, 3, 3], "rotation": 270, "texture": "#0"}
			}
		},
		{
			"from": [14.31802, 4.51992, 18.13388],
			"to": [15.31802, 4.76992, 20.13388],
			"rotation": {"angle": -45, "axis": "x", "origin": [10.31802, 2.51992, 5.13388]},
			"faces": {
				"north": {"uv": [1, 1, 3, 3], "rotation": 180, "texture": "#0"},
				"east": {"uv": [1, 1, 3, 3], "rotation": 180, "texture": "#0"},
				"south": {"uv": [1, 1, 3, 3], "rotation": 180, "texture": "#0"},
				"west": {"uv": [1, 1, 3, 3], "rotation": 180, "texture": "#0"},
				"up": {"uv": [1, 1, 3, 3], "rotation": 90, "texture": "#0"},
				"down": {"uv": [1, 1, 3, 3], "rotation": 270, "texture": "#0"}
			}
		},
		{
			"from": [9.93503, 16.83579, 6.75],
			"to": [11.93503, 17.58579, 15.25],
			"rotation": {"angle": 45, "axis": "z", "origin": [20.93503, 6.58579, 19.25]},
			"faces": {
				"north": {"uv": [3, 1, 1, 3], "rotation": 180, "texture": "#0"},
				"east": {"uv": [3, 1, 1, 3], "rotation": 180, "texture": "#0"},
				"south": {"uv": [3, 1, 1, 3], "rotation": 180, "texture": "#0"},
				"west": {"uv": [3, 1, 1, 3], "rotation": 180, "texture": "#0"},
				"up": {"uv": [1, 3, 3, 1], "texture": "#0"},
				"down": {"uv": [1, 3, 3, 1], "texture": "#0"}
			}
		},
		{
			"from": [11.93503, 16.83579, 8.25],
			"to": [13.93503, 17.48579, 15.25],
			"rotation": {"angle": 45, "axis": "z", "origin": [20.93503, 6.58579, 19.25]},
			"faces": {
				"north": {"uv": [3, 1, 1, 3], "rotation": 180, "texture": "#0"},
				"east": {"uv": [3, 1, 1, 3], "rotation": 180, "texture": "#0"},
				"south": {"uv": [3, 1, 1, 3], "rotation": 180, "texture": "#0"},
				"west": {"uv": [3, 1, 1, 3], "rotation": 180, "texture": "#0"},
				"up": {"uv": [1, 3, 3, 1], "texture": "#0"},
				"down": {"uv": [1, 3, 3, 1], "texture": "#0"}
			}
		},
		{
			"from": [13.93503, 16.83579, 9.75],
			"to": [15.93503, 17.38579, 15.25],
			"rotation": {"angle": 45, "axis": "z", "origin": [20.93503, 6.58579, 19.25]},
			"faces": {
				"north": {"uv": [3, 1, 1, 3], "rotation": 180, "texture": "#0"},
				"east": {"uv": [3, 1, 1, 3], "rotation": 180, "texture": "#0"},
				"south": {"uv": [3, 1, 1, 3], "rotation": 180, "texture": "#0"},
				"west": {"uv": [3, 1, 1, 3], "rotation": 180, "texture": "#0"},
				"up": {"uv": [1, 3, 3, 1], "texture": "#0"},
				"down": {"uv": [1, 3, 3, 1], "texture": "#0"}
			}
		},
		{
			"from": [15.93503, 16.83579, 11.25],
			"to": [17.93503, 17.28579, 15.25],
			"rotation": {"angle": 45, "axis": "z", "origin": [20.93503, 6.58579, 19.25]},
			"faces": {
				"north": {"uv": [3, 1, 1, 3], "rotation": 180, "texture": "#0"},
				"east": {"uv": [3, 1, 1, 3], "rotation": 180, "texture": "#0"},
				"south": {"uv": [3, 1, 1, 3], "rotation": 180, "texture": "#0"},
				"west": {"uv": [3, 1, 1, 3], "rotation": 180, "texture": "#0"},
				"up": {"uv": [1, 3, 3, 1], "texture": "#0"},
				"down": {"uv": [1, 3, 3, 1], "texture": "#0"}
			}
		},
		{
			"from": [17.93503, 16.83579, 12.75],
			"to": [19.93503, 17.18579, 16.25],
			"rotation": {"angle": 45, "axis": "z", "origin": [20.93503, 6.58579, 19.25]},
			"faces": {
				"north": {"uv": [3, 1, 1, 3], "rotation": 180, "texture": "#0"},
				"east": {"uv": [3, 1, 1, 3], "rotation": 180, "texture": "#0"},
				"south": {"uv": [3, 1, 1, 3], "rotation": 180, "texture": "#0"},
				"west": {"uv": [3, 1, 1, 3], "rotation": 180, "texture": "#0"},
				"up": {"uv": [1, 3, 3, 1], "texture": "#0"},
				"down": {"uv": [1, 3, 3, 1], "texture": "#0"}
			}
		},
		{
			"from": [19.93503, 16.83579, 14.25],
			"to": [21.93503, 17.08579, 16.25],
			"rotation": {"angle": 45, "axis": "z", "origin": [20.93503, 6.58579, 19.25]},
			"faces": {
				"north": {"uv": [3, 1, 1, 3], "rotation": 180, "texture": "#0"},
				"east": {"uv": [3, 1, 1, 3], "rotation": 180, "texture": "#0"},
				"south": {"uv": [3, 1, 1, 3], "rotation": 180, "texture": "#0"},
				"west": {"uv": [3, 1, 1, 3], "rotation": 180, "texture": "#0"},
				"up": {"uv": [1, 3, 3, 1], "texture": "#0"},
				"down": {"uv": [1, 3, 3, 1], "texture": "#0"}
			}
		},
		{
			"from": [0, 0, 15],
			"to": [1, 1, 16],
			"color": 0,
			"faces": {
				"north": {"uv": [0, 0, 1, 1], "texture": "#missing"},
				"east": {"uv": [0, 0, 1, 1], "texture": "#missing"},
				"south": {"uv": [0, 0, 1, 1], "texture": "#missing"},
				"west": {"uv": [0, 0, 1, 1], "texture": "#missing"},
				"up": {"uv": [0, 0, 1, 1], "rotation": 270, "texture": "#missing"},
				"down": {"uv": [0, 0, 1, 1], "rotation": 90, "texture": "#missing"}
			}
		}
	],
	"groups": [
		{
			"name": "group",
			"origin": [8, 8, 8],
			"children": [0, 1, 2, 3, 4, 5, 6, 7, 8, 9, 10, 11, 12,
				{
					"name": "group",
					"origin": [8, 8, 8],
					"children": [13, 14, 15, 16, 17, 18, 19, 20, 21, 22, 23, 24, 25, 26, 27, 28, 29, 30, 31, 32, 33, 34, 35, 36, 37, 38, 39, 40, 41, 42, 43]
				}
			]
		}
	]
}