{
	"credit": "Made with Blockbench",
	"parent": "guangqiu",
	"textures": {
		"0": "additions:blocks/tr2_2",
		"particle": "additions:blocks/tr2_2"
	},
	"elements": [
		{
			"from": [6.9429, 10.82785, 7.39317],
			"to": [10.9429, 26.82785, 11.39317],
			"rotation": {"angle": -22.5, "axis": "x", "origin": [8.92227, 19.52837, 8.80887]},
			"faces": {
				"north": {"uv": [6, 2, 7, 2.5], "rotation": 270, "texture": "#0", "cullface": "up"},
				"east": {"uv": [6, 2, 7, 2.5], "rotation": 270, "texture": "#0", "cullface": "up"},
				"south": {"uv": [6, 2, 7, 2.5], "rotation": 270, "texture": "#0", "cullface": "up"},
				"west": {"uv": [6, 2, 7, 2.5], "rotation": 270, "texture": "#0", "cullface": "up"},
				"up": {"uv": [6, 2, 7, 2.5], "rotation": 270, "texture": "#0", "cullface": "up"},
				"down": {"uv": [6, 2, 7, 2.5], "rotation": 270, "texture": "#0", "cullface": "up"}
			}
		},
		{
			"from": [6.93651, 10.49847, 7.86238],
			"to": [10.93651, 26.49847, 11.86238],
			"rotation": {"angle": -45, "axis": "x", "origin": [8.92227, 19.52837, 8.80887]},
			"faces": {
				"north": {"uv": [6, 2, 7, 2.5], "rotation": 270, "texture": "#0", "cullface": "up"},
				"east": {"uv": [6, 2, 7, 2.5], "rotation": 270, "texture": "#0", "cullface": "up"},
				"south": {"uv": [6, 2, 7, 2.5], "rotation": 270, "texture": "#0", "cullface": "up"},
				"west": {"uv": [6, 2, 7, 2.5], "rotation": 270, "texture": "#0", "cullface": "up"},
				"up": {"uv": [6, 2, 7, 2.5], "rotation": 270, "texture": "#0", "cullface": "up"},
				"down": {"uv": [6, 2, 7, 2.5], "rotation": 270, "texture": "#0", "cullface": "up"}
			}
		},
		{
			"from": [6.93003, 18.88803, 2.322],
			"to": [10.93003, 22.88803, 18.322],
			"rotation": {"angle": 22.5, "axis": "x", "origin": [8.92227, 19.52837, 8.80887]},
			"faces": {
				"north": {"uv": [6, 2, 7, 2.5], "texture": "#0", "cullface": "up"},
				"east": {"uv": [6, 2, 7, 2.5], "texture": "#0", "cullface": "up"},
				"south": {"uv": [6, 2, 7, 2.5], "texture": "#0", "cullface": "up"},
				"west": {"uv": [6, 2, 7, 2.5], "texture": "#0", "cullface": "up"},
				"up": {"uv": [6, 2, 7, 2.5], "texture": "#0", "cullface": "up"},
				"down": {"uv": [6, 2, 7, 2.5], "texture": "#0", "cullface": "up"}
			}
		},
		{
			"from": [6.97068, 19.83095, 2.92848],
			"to": [10.97068, 23.83095, 18.92848],
			"rotation": {"angle": -22.5, "axis": "x", "origin": [8.98509, 21.32645, 10.95498]},
			"faces": {
				"north": {"uv": [6, 2, 7, 2.5], "texture": "#0", "cullface": "up"},
				"east": {"uv": [6, 2, 7, 2.5], "texture": "#0", "cullface": "up"},
				"south": {"uv": [6, 2, 7, 2.5], "texture": "#0", "cullface": "up"},
				"west": {"uv": [6, 2, 7, 2.5], "texture": "#0", "cullface": "up"},
				"up": {"uv": [6, 2, 7, 2.5], "texture": "#0", "cullface": "up"},
				"down": {"uv": [6, 2, 7, 2.5], "texture": "#0", "cullface": "up"}
			}
		},
		{
			"from": [6.96741, 20.61593, 2.64385],
			"to": [10.96741, 24.61593, 18.64385],
			"rotation": {"angle": -45, "axis": "x", "origin": [8.98183, 22.11142, 10.67034]},
			"faces": {
				"north": {"uv": [6, 2, 7, 2.5], "texture": "#0", "cullface": "up"},
				"east": {"uv": [6, 2, 7, 2.5], "texture": "#0", "cullface": "up"},
				"south": {"uv": [6, 2, 7, 2.5], "texture": "#0", "cullface": "up"},
				"west": {"uv": [6, 2, 7, 2.5], "texture": "#0", "cullface": "up"},
				"up": {"uv": [6, 2, 7, 2.5], "texture": "#0", "cullface": "up"},
				"down": {"uv": [6, 2, 7, 2.5], "texture": "#0", "cullface": "up"}
			}
		},
		{
			"from": [6.96535, 14.70073, 7.6011],
			"to": [10.96535, 30.70073, 11.6011],
			"rotation": {"angle": 22.5, "axis": "x", "origin": [8.97977, 22.72722, 10.1056]},
			"faces": {
				"north": {"uv": [6, 2, 7, 2.5], "rotation": 90, "texture": "#0", "cullface": "up"},
				"east": {"uv": [6, 2, 7, 2.5], "rotation": 90, "texture": "#0", "cullface": "up"},
				"south": {"uv": [6, 2, 7, 2.5], "rotation": 90, "texture": "#0", "cullface": "up"},
				"west": {"uv": [6, 2, 7, 2.5], "rotation": 90, "texture": "#0", "cullface": "up"},
				"up": {"uv": [6, 2, 7, 2.5], "rotation": 90, "texture": "#0", "cullface": "up"},
				"down": {"uv": [6, 2, 7, 2.5], "rotation": 90, "texture": "#0", "cullface": "up"}
			}
		},
		{
			"from": [6.95584, 15.09291, 6.01171],
			"to": [10.95584, 31.09291, 10.01171],
			"rotation": {"angle": -22.5, "axis": "x", "origin": [8.97026, 23.1194, 8.51621]},
			"faces": {
				"north": {"uv": [6, 2, 7, 2.5], "rotation": 90, "texture": "#0", "cullface": "up"},
				"east": {"uv": [6, 2, 7, 2.5], "rotation": 90, "texture": "#0", "cullface": "up"},
				"south": {"uv": [6, 2, 7, 2.5], "rotation": 90, "texture": "#0", "cullface": "up"},
				"west": {"uv": [6, 2, 7, 2.5], "rotation": 90, "texture": "#0", "cullface": "up"},
				"up": {"uv": [6, 2, 7, 2.5], "rotation": 90, "texture": "#0", "cullface": "up"},
				"down": {"uv": [6, 2, 7, 2.5], "rotation": 90, "texture": "#0", "cullface": "up"}
			}
		},
		{
			"from": [6.94945, 14.81054, 5.22845],
			"to": [10.94945, 30.81054, 9.22845],
			"rotation": {"angle": -45, "axis": "x", "origin": [8.96387, 22.83704, 7.73295]},
			"faces": {
				"north": {"uv": [6, 2, 7, 2.5], "rotation": 90, "texture": "#0", "cullface": "up"},
				"east": {"uv": [6, 2, 7, 2.5], "rotation": 90, "texture": "#0", "cullface": "up"},
				"south": {"uv": [6, 2, 7, 2.5], "rotation": 90, "texture": "#0", "cullface": "up"},
				"west": {"uv": [6, 2, 7, 2.5], "rotation": 90, "texture": "#0", "cullface": "up"},
				"up": {"uv": [6, 2, 7, 2.5], "rotation": 90, "texture": "#0", "cullface": "up"},
				"down": {"uv": [6, 2, 7, 2.5], "rotation": 90, "texture": "#0", "cullface": "up"}
			}
		},
		{
			"from": [6.94298, 19.77289, -0.85504],
			"to": [10.94298, 23.77289, 15.14496],
			"rotation": {"angle": 22.5, "axis": "x", "origin": [8.95739, 22.27739, 7.11846]},
			"faces": {
				"north": {"uv": [6, 2, 7, 2.5], "rotation": 180, "texture": "#0", "cullface": "up"},
				"east": {"uv": [6, 2, 7, 2.5], "rotation": 180, "texture": "#0", "cullface": "up"},
				"south": {"uv": [6, 2, 7, 2.5], "rotation": 180, "texture": "#0", "cullface": "up"},
				"west": {"uv": [6, 2, 7, 2.5], "rotation": 180, "texture": "#0", "cullface": "up"},
				"up": {"uv": [6, 2, 7, 2.5], "rotation": 180, "texture": "#0", "cullface": "up"},
				"down": {"uv": [6, 2, 7, 2.5], "rotation": 180, "texture": "#0", "cullface": "up"}
			}
		},
		{
			"from": [6.95774, 18.8866, -0.65184],
			"to": [10.95774, 22.8866, 15.34816],
			"rotation": {"angle": -22.5, "axis": "x", "origin": [8.92227, 19.52837, 8.80887]},
			"faces": {
				"north": {"uv": [6, 2, 7, 2.5], "rotation": 180, "texture": "#0", "cullface": "up"},
				"east": {"uv": [6, 2, 7, 2.5], "rotation": 180, "texture": "#0", "cullface": "up"},
				"south": {"uv": [6, 2, 7, 2.5], "rotation": 180, "texture": "#0", "cullface": "up"},
				"west": {"uv": [6, 2, 7, 2.5], "rotation": 180, "texture": "#0", "cullface": "up"},
				"up": {"uv": [6, 2, 7, 2.5], "rotation": 180, "texture": "#0", "cullface": "up"},
				"down": {"uv": [6, 2, 7, 2.5], "rotation": 180, "texture": "#0", "cullface": "up"}
			}
		},
		{
			"from": [6.95447, 18.55761, -0.17958],
			"to": [10.95447, 22.55761, 15.82042],
			"rotation": {"angle": -45, "axis": "x", "origin": [8.92227, 19.52837, 8.80887]},
			"faces": {
				"north": {"uv": [6, 2, 7, 2.5], "rotation": 180, "texture": "#0", "cullface": "up"},
				"east": {"uv": [6, 2, 7, 2.5], "rotation": 180, "texture": "#0", "cullface": "up"},
				"south": {"uv": [6, 2, 7, 2.5], "rotation": 180, "texture": "#0", "cullface": "up"},
				"west": {"uv": [6, 2, 7, 2.5], "rotation": 180, "texture": "#0", "cullface": "up"},
				"up": {"uv": [6, 2, 7, 2.5], "rotation": 180, "texture": "#0", "cullface": "up"},
				"down": {"uv": [6, 2, 7, 2.5], "rotation": 180, "texture": "#0", "cullface": "up"}
			}
		},
		{
			"from": [6.95241, 10.8513, 6.26539],
			"to": [10.95241, 26.8513, 10.26539],
			"rotation": {"angle": 22.5, "axis": "x", "origin": [8.92227, 19.52837, 8.80887]},
			"faces": {
				"north": {"uv": [6, 2, 7, 2.5], "rotation": 270, "texture": "#0", "cullface": "up"},
				"east": {"uv": [6, 2, 7, 2.5], "rotation": 270, "texture": "#0", "cullface": "up"},
				"south": {"uv": [6, 2, 7, 2.5], "rotation": 270, "texture": "#0", "cullface": "up"},
				"west": {"uv": [6, 2, 7, 2.5], "rotation": 270, "texture": "#0", "cullface": "up"},
				"up": {"uv": [6, 2, 7, 2.5], "rotation": 270, "texture": "#0", "cullface": "up"},
				"down": {"uv": [6, 2, 7, 2.5], "rotation": 270, "texture": "#0", "cullface": "up"}
			}
		},
		{
			"from": [10.9429, 10.82785, 7.39317],
			"to": [14.9429, 26.82785, 11.39317],
			"rotation": {"angle": -22.5, "axis": "x", "origin": [12.92227, 19.52837, 8.80887]},
			"faces": {
				"north": {"uv": [6, 2, 7, 2.5], "rotation": 270, "texture": "#0", "cullface": "up"},
				"east": {"uv": [6, 2, 7, 2.5], "rotation": 270, "texture": "#0", "cullface": "up"},
				"south": {"uv": [6, 2, 7, 2.5], "rotation": 270, "texture": "#0", "cullface": "up"},
				"west": {"uv": [6, 2, 7, 2.5], "rotation": 270, "texture": "#0", "cullface": "up"},
				"up": {"uv": [6, 2, 7, 2.5], "rotation": 270, "texture": "#0", "cullface": "up"},
				"down": {"uv": [6, 2, 7, 2.5], "rotation": 270, "texture": "#0", "cullface": "up"}
			}
		},
		{
			"from": [10.93651, 10.49847, 7.86238],
			"to": [14.93651, 26.49847, 11.86238],
			"rotation": {"angle": -45, "axis": "x", "origin": [12.92227, 19.52837, 8.80887]},
			"faces": {
				"north": {"uv": [6, 2, 7, 2.5], "rotation": 270, "texture": "#0", "cullface": "up"},
				"east": {"uv": [6, 2, 7, 2.5], "rotation": 270, "texture": "#0", "cullface": "up"},
				"south": {"uv": [6, 2, 7, 2.5], "rotation": 270, "texture": "#0", "cullface": "up"},
				"west": {"uv": [6, 2, 7, 2.5], "rotation": 270, "texture": "#0", "cullface": "up"},
				"up": {"uv": [6, 2, 7, 2.5], "rotation": 270, "texture": "#0", "cullface": "up"},
				"down": {"uv": [6, 2, 7, 2.5], "rotation": 270, "texture": "#0", "cullface": "up"}
			}
		},
		{
			"from": [10.93003, 18.88803, 2.322],
			"to": [14.93003, 22.88803, 18.322],
			"rotation": {"angle": 22.5, "axis": "x", "origin": [12.92227, 19.52837, 8.80887]},
			"faces": {
				"north": {"uv": [6, 2, 7, 2.5], "texture": "#0", "cullface": "up"},
				"east": {"uv": [6, 2, 7, 2.5], "texture": "#0", "cullface": "up"},
				"south": {"uv": [6, 2, 7, 2.5], "texture": "#0", "cullface": "up"},
				"west": {"uv": [6, 2, 7, 2.5], "texture": "#0", "cullface": "up"},
				"up": {"uv": [6, 2, 7, 2.5], "texture": "#0", "cullface": "up"},
				"down": {"uv": [6, 2, 7, 2.5], "texture": "#0", "cullface": "up"}
			}
		},
		{
			"from": [10.97068, 19.83095, 2.92848],
			"to": [14.97068, 23.83095, 18.92848],
			"rotation": {"angle": -22.5, "axis": "x", "origin": [12.98509, 21.32645, 10.95498]},
			"faces": {
				"north": {"uv": [6, 2, 7, 2.5], "texture": "#0", "cullface": "up"},
				"east": {"uv": [6, 2, 7, 2.5], "texture": "#0", "cullface": "up"},
				"south": {"uv": [6, 2, 7, 2.5], "texture": "#0", "cullface": "up"},
				"west": {"uv": [6, 2, 7, 2.5], "texture": "#0", "cullface": "up"},
				"up": {"uv": [6, 2, 7, 2.5], "texture": "#0", "cullface": "up"},
				"down": {"uv": [6, 2, 7, 2.5], "texture": "#0", "cullface": "up"}
			}
		},
		{
			"from": [10.96741, 20.61593, 2.64385],
			"to": [14.96741, 24.61593, 18.64385],
			"rotation": {"angle": -45, "axis": "x", "origin": [12.98183, 22.11142, 10.67034]},
			"faces": {
				"north": {"uv": [6, 2, 7, 2.5], "texture": "#0", "cullface": "up"},
				"east": {"uv": [6, 2, 7, 2.5], "texture": "#0", "cullface": "up"},
				"south": {"uv": [6, 2, 7, 2.5], "texture": "#0", "cullface": "up"},
				"west": {"uv": [6, 2, 7, 2.5], "texture": "#0", "cullface": "up"},
				"up": {"uv": [6, 2, 7, 2.5], "texture": "#0", "cullface": "up"},
				"down": {"uv": [6, 2, 7, 2.5], "texture": "#0", "cullface": "up"}
			}
		},
		{
			"from": [10.96535, 14.70073, 7.6011],
			"to": [14.96535, 30.70073, 11.6011],
			"rotation": {"angle": 22.5, "axis": "x", "origin": [12.97977, 22.72722, 10.1056]},
			"faces": {
				"north": {"uv": [6, 2, 7, 2.5], "rotation": 90, "texture": "#0", "cullface": "up"},
				"east": {"uv": [6, 2, 7, 2.5], "rotation": 90, "texture": "#0", "cullface": "up"},
				"south": {"uv": [6, 2, 7, 2.5], "rotation": 90, "texture": "#0", "cullface": "up"},
				"west": {"uv": [6, 2, 7, 2.5], "rotation": 90, "texture": "#0", "cullface": "up"},
				"up": {"uv": [6, 2, 7, 2.5], "rotation": 90, "texture": "#0", "cullface": "up"},
				"down": {"uv": [6, 2, 7, 2.5], "rotation": 90, "texture": "#0", "cullface": "up"}
			}
		},
		{
			"from": [10.95584, 15.09291, 6.01171],
			"to": [14.95584, 31.09291, 10.01171],
			"rotation": {"angle": -22.5, "axis": "x", "origin": [12.97026, 23.1194, 8.51621]},
			"faces": {
				"north": {"uv": [6, 2, 7, 2.5], "rotation": 90, "texture": "#0", "cullface": "up"},
				"east": {"uv": [6, 2, 7, 2.5], "rotation": 90, "texture": "#0", "cullface": "up"},
				"south": {"uv": [6, 2, 7, 2.5], "rotation": 90, "texture": "#0", "cullface": "up"},
				"west": {"uv": [6, 2, 7, 2.5], "rotation": 90, "texture": "#0", "cullface": "up"},
				"up": {"uv": [6, 2, 7, 2.5], "rotation": 90, "texture": "#0", "cullface": "up"},
				"down": {"uv": [6, 2, 7, 2.5], "rotation": 90, "texture": "#0", "cullface": "up"}
			}
		},
		{
			"from": [10.94945, 14.81054, 5.22845],
			"to": [14.94945, 30.81054, 9.22845],
			"rotation": {"angle": -45, "axis": "x", "origin": [12.96387, 22.83704, 7.73295]},
			"faces": {
				"north": {"uv": [6, 2, 7, 2.5], "rotation": 90, "texture": "#0", "cullface": "up"},
				"east": {"uv": [6, 2, 7, 2.5], "rotation": 90, "texture": "#0", "cullface": "up"},
				"south": {"uv": [6, 2, 7, 2.5], "rotation": 90, "texture": "#0", "cullface": "up"},
				"west": {"uv": [6, 2, 7, 2.5], "rotation": 90, "texture": "#0", "cullface": "up"},
				"up": {"uv": [6, 2, 7, 2.5], "rotation": 90, "texture": "#0", "cullface": "up"},
				"down": {"uv": [6, 2, 7, 2.5], "rotation": 90, "texture": "#0", "cullface": "up"}
			}
		},
		{
			"from": [10.94298, 19.77289, -0.85504],
			"to": [14.94298, 23.77289, 15.14496],
			"rotation": {"angle": 22.5, "axis": "x", "origin": [12.95739, 22.27739, 7.11846]},
			"faces": {
				"north": {"uv": [6, 2, 7, 2.5], "rotation": 180, "texture": "#0", "cullface": "up"},
				"east": {"uv": [6, 2, 7, 2.5], "rotation": 180, "texture": "#0", "cullface": "up"},
				"south": {"uv": [6, 2, 7, 2.5], "rotation": 180, "texture": "#0", "cullface": "up"},
				"west": {"uv": [6, 2, 7, 2.5], "rotation": 180, "texture": "#0", "cullface": "up"},
				"up": {"uv": [6, 2, 7, 2.5], "rotation": 180, "texture": "#0", "cullface": "up"},
				"down": {"uv": [6, 2, 7, 2.5], "rotation": 180, "texture": "#0", "cullface": "up"}
			}
		},
		{
			"from": [10.95774, 18.8866, -0.65184],
			"to": [14.95774, 22.8866, 15.34816],
			"rotation": {"angle": -22.5, "axis": "x", "origin": [12.92227, 19.52837, 8.80887]},
			"faces": {
				"north": {"uv": [6, 2, 7, 2.5], "rotation": 180, "texture": "#0", "cullface": "up"},
				"east": {"uv": [6, 2, 7, 2.5], "rotation": 180, "texture": "#0", "cullface": "up"},
				"south": {"uv": [6, 2, 7, 2.5], "rotation": 180, "texture": "#0", "cullface": "up"},
				"west": {"uv": [6, 2, 7, 2.5], "rotation": 180, "texture": "#0", "cullface": "up"},
				"up": {"uv": [6, 2, 7, 2.5], "rotation": 180, "texture": "#0", "cullface": "up"},
				"down": {"uv": [6, 2, 7, 2.5], "rotation": 180, "texture": "#0", "cullface": "up"}
			}
		},
		{
			"from": [10.95447, 18.55761, -0.17958],
			"to": [14.95447, 22.55761, 15.82042],
			"rotation": {"angle": -45, "axis": "x", "origin": [12.92227, 19.52837, 8.80887]},
			"faces": {
				"north": {"uv": [6, 2, 7, 2.5], "rotation": 180, "texture": "#0", "cullface": "up"},
				"east": {"uv": [6, 2, 7, 2.5], "rotation": 180, "texture": "#0", "cullface": "up"},
				"south": {"uv": [6, 2, 7, 2.5], "rotation": 180, "texture": "#0", "cullface": "up"},
				"west": {"uv": [6, 2, 7, 2.5], "rotation": 180, "texture": "#0", "cullface": "up"},
				"up": {"uv": [6, 2, 7, 2.5], "rotation": 180, "texture": "#0", "cullface": "up"},
				"down": {"uv": [6, 2, 7, 2.5], "rotation": 180, "texture": "#0", "cullface": "up"}
			}
		},
		{
			"from": [10.95241, 10.8513, 6.26539],
			"to": [14.95241, 26.8513, 10.26539],
			"rotation": {"angle": 22.5, "axis": "x", "origin": [12.92227, 19.52837, 8.80887]},
			"faces": {
				"north": {"uv": [6, 2, 7, 2.5], "rotation": 270, "texture": "#0", "cullface": "up"},
				"east": {"uv": [6, 2, 7, 2.5], "rotation": 270, "texture": "#0", "cullface": "up"},
				"south": {"uv": [6, 2, 7, 2.5], "rotation": 270, "texture": "#0", "cullface": "up"},
				"west": {"uv": [6, 2, 7, 2.5], "rotation": 270, "texture": "#0", "cullface": "up"},
				"up": {"uv": [6, 2, 7, 2.5], "rotation": 270, "texture": "#0", "cullface": "up"},
				"down": {"uv": [6, 2, 7, 2.5], "rotation": 270, "texture": "#0", "cullface": "up"}
			}
		},
		{
			"from": [2.9429, 10.82785, 7.39317],
			"to": [6.9429, 26.82785, 11.39317],
			"rotation": {"angle": -22.5, "axis": "x", "origin": [4.92227, 19.52837, 8.80887]},
			"faces": {
				"north": {"uv": [6, 2, 7, 2.5], "rotation": 270, "texture": "#0", "cullface": "up"},
				"east": {"uv": [6, 2, 7, 2.5], "rotation": 270, "texture": "#0", "cullface": "up"},
				"south": {"uv": [6, 2, 7, 2.5], "rotation": 270, "texture": "#0", "cullface": "up"},
				"west": {"uv": [6, 2, 7, 2.5], "rotation": 270, "texture": "#0", "cullface": "up"},
				"up": {"uv": [6, 2, 7, 2.5], "rotation": 270, "texture": "#0", "cullface": "up"},
				"down": {"uv": [6, 2, 7, 2.5], "rotation": 270, "texture": "#0", "cullface": "up"}
			}
		},
		{
			"from": [2.93651, 10.49847, 7.86238],
			"to": [6.93651, 26.49847, 11.86238],
			"rotation": {"angle": -45, "axis": "x", "origin": [4.92227, 19.52837, 8.80887]},
			"faces": {
				"north": {"uv": [6, 2, 7, 2.5], "rotation": 270, "texture": "#0", "cullface": "up"},
				"east": {"uv": [6, 2, 7, 2.5], "rotation": 270, "texture": "#0", "cullface": "up"},
				"south": {"uv": [6, 2, 7, 2.5], "rotation": 270, "texture": "#0", "cullface": "up"},
				"west": {"uv": [6, 2, 7, 2.5], "rotation": 270, "texture": "#0", "cullface": "up"},
				"up": {"uv": [6, 2, 7, 2.5], "rotation": 270, "texture": "#0", "cullface": "up"},
				"down": {"uv": [6, 2, 7, 2.5], "rotation": 270, "texture": "#0", "cullface": "up"}
			}
		},
		{
			"from": [2.93003, 18.88803, 2.322],
			"to": [6.93003, 22.88803, 18.322],
			"rotation": {"angle": 22.5, "axis": "x", "origin": [4.92227, 19.52837, 8.80887]},
			"faces": {
				"north": {"uv": [6, 2, 7, 2.5], "texture": "#0", "cullface": "up"},
				"east": {"uv": [6, 2, 7, 2.5], "texture": "#0", "cullface": "up"},
				"south": {"uv": [6, 2, 7, 2.5], "texture": "#0", "cullface": "up"},
				"west": {"uv": [6, 2, 7, 2.5], "texture": "#0", "cullface": "up"},
				"up": {"uv": [6, 2, 7, 2.5], "texture": "#0", "cullface": "up"},
				"down": {"uv": [6, 2, 7, 2.5], "texture": "#0", "cullface": "up"}
			}
		},
		{
			"from": [2.97068, 19.83095, 2.92848],
			"to": [6.97068, 23.83095, 18.92848],
			"rotation": {"angle": -22.5, "axis": "x", "origin": [4.98509, 21.32645, 10.95498]},
			"faces": {
				"north": {"uv": [6, 2, 7, 2.5], "texture": "#0", "cullface": "up"},
				"east": {"uv": [6, 2, 7, 2.5], "texture": "#0", "cullface": "up"},
				"south": {"uv": [6, 2, 7, 2.5], "texture": "#0", "cullface": "up"},
				"west": {"uv": [6, 2, 7, 2.5], "texture": "#0", "cullface": "up"},
				"up": {"uv": [6, 2, 7, 2.5], "texture": "#0", "cullface": "up"},
				"down": {"uv": [6, 2, 7, 2.5], "texture": "#0", "cullface": "up"}
			}
		},
		{
			"from": [2.96741, 20.61593, 2.64385],
			"to": [6.96741, 24.61593, 18.64385],
			"rotation": {"angle": -45, "axis": "x", "origin": [4.98183, 22.11142, 10.67034]},
			"faces": {
				"north": {"uv": [6, 2, 7, 2.5], "texture": "#0", "cullface": "up"},
				"east": {"uv": [6, 2, 7, 2.5], "texture": "#0", "cullface": "up"},
				"south": {"uv": [6, 2, 7, 2.5], "texture": "#0", "cullface": "up"},
				"west": {"uv": [6, 2, 7, 2.5], "texture": "#0", "cullface": "up"},
				"up": {"uv": [6, 2, 7, 2.5], "texture": "#0", "cullface": "up"},
				"down": {"uv": [6, 2, 7, 2.5], "texture": "#0", "cullface": "up"}
			}
		},
		{
			"from": [2.96535, 14.70073, 7.6011],
			"to": [6.96535, 30.70073, 11.6011],
			"rotation": {"angle": 22.5, "axis": "x", "origin": [4.97977, 22.72722, 10.1056]},
			"faces": {
				"north": {"uv": [6, 2, 7, 2.5], "rotation": 90, "texture": "#0", "cullface": "up"},
				"east": {"uv": [6, 2, 7, 2.5], "rotation": 90, "texture": "#0", "cullface": "up"},
				"south": {"uv": [6, 2, 7, 2.5], "rotation": 90, "texture": "#0", "cullface": "up"},
				"west": {"uv": [6, 2, 7, 2.5], "rotation": 90, "texture": "#0", "cullface": "up"},
				"up": {"uv": [6, 2, 7, 2.5], "rotation": 90, "texture": "#0", "cullface": "up"},
				"down": {"uv": [6, 2, 7, 2.5], "rotation": 90, "texture": "#0", "cullface": "up"}
			}
		},
		{
			"from": [2.95584, 15.09291, 6.01171],
			"to": [6.95584, 31.09291, 10.01171],
			"rotation": {"angle": -22.5, "axis": "x", "origin": [4.97026, 23.1194, 8.51621]},
			"faces": {
				"north": {"uv": [6, 2, 7, 2.5], "rotation": 90, "texture": "#0", "cullface": "up"},
				"east": {"uv": [6, 2, 7, 2.5], "rotation": 90, "texture": "#0", "cullface": "up"},
				"south": {"uv": [6, 2, 7, 2.5], "rotation": 90, "texture": "#0", "cullface": "up"},
				"west": {"uv": [6, 2, 7, 2.5], "rotation": 90, "texture": "#0", "cullface": "up"},
				"up": {"uv": [6, 2, 7, 2.5], "rotation": 90, "texture": "#0", "cullface": "up"},
				"down": {"uv": [6, 2, 7, 2.5], "rotation": 90, "texture": "#0", "cullface": "up"}
			}
		},
		{
			"from": [2.94945, 14.81054, 5.22845],
			"to": [6.94945, 30.81054, 9.22845],
			"rotation": {"angle": -45, "axis": "x", "origin": [4.96387, 22.83704, 7.73295]},
			"faces": {
				"north": {"uv": [6, 2, 7, 2.5], "rotation": 90, "texture": "#0", "cullface": "up"},
				"east": {"uv": [6, 2, 7, 2.5], "rotation": 90, "texture": "#0", "cullface": "up"},
				"south": {"uv": [6, 2, 7, 2.5], "rotation": 90, "texture": "#0", "cullface": "up"},
				"west": {"uv": [6, 2, 7, 2.5], "rotation": 90, "texture": "#0", "cullface": "up"},
				"up": {"uv": [6, 2, 7, 2.5], "rotation": 90, "texture": "#0", "cullface": "up"},
				"down": {"uv": [6, 2, 7, 2.5], "rotation": 90, "texture": "#0", "cullface": "up"}
			}
		},
		{
			"from": [2.94298, 19.77289, -0.85504],
			"to": [6.94298, 23.77289, 15.14496],
			"rotation": {"angle": 22.5, "axis": "x", "origin": [4.95739, 22.27739, 7.11846]},
			"faces": {
				"north": {"uv": [6, 2, 7, 2.5], "rotation": 180, "texture": "#0", "cullface": "up"},
				"east": {"uv": [6, 2, 7, 2.5], "rotation": 180, "texture": "#0", "cullface": "up"},
				"south": {"uv": [6, 2, 7, 2.5], "rotation": 180, "texture": "#0", "cullface": "up"},
				"west": {"uv": [6, 2, 7, 2.5], "rotation": 180, "texture": "#0", "cullface": "up"},
				"up": {"uv": [6, 2, 7, 2.5], "rotation": 180, "texture": "#0", "cullface": "up"},
				"down": {"uv": [6, 2, 7, 2.5], "rotation": 180, "texture": "#0", "cullface": "up"}
			}
		},
		{
			"from": [2.95774, 18.8866, -0.65184],
			"to": [6.95774, 22.8866, 15.34816],
			"rotation": {"angle": -22.5, "axis": "x", "origin": [4.92227, 19.52837, 8.80887]},
			"faces": {
				"north": {"uv": [6, 2, 7, 2.5], "rotation": 180, "texture": "#0", "cullface": "up"},
				"east": {"uv": [6, 2, 7, 2.5], "rotation": 180, "texture": "#0", "cullface": "up"},
				"south": {"uv": [6, 2, 7, 2.5], "rotation": 180, "texture": "#0", "cullface": "up"},
				"west": {"uv": [6, 2, 7, 2.5], "rotation": 180, "texture": "#0", "cullface": "up"},
				"up": {"uv": [6, 2, 7, 2.5], "rotation": 180, "texture": "#0", "cullface": "up"},
				"down": {"uv": [6, 2, 7, 2.5], "rotation": 180, "texture": "#0", "cullface": "up"}
			}
		},
		{
			"from": [2.95447, 18.55761, -0.17958],
			"to": [6.95447, 22.55761, 15.82042],
			"rotation": {"angle": -45, "axis": "x", "origin": [4.92227, 19.52837, 8.80887]},
			"faces": {
				"north": {"uv": [6, 2, 7, 2.5], "rotation": 180, "texture": "#0", "cullface": "up"},
				"east": {"uv": [6, 2, 7, 2.5], "rotation": 180, "texture": "#0", "cullface": "up"},
				"south": {"uv": [6, 2, 7, 2.5], "rotation": 180, "texture": "#0", "cullface": "up"},
				"west": {"uv": [6, 2, 7, 2.5], "rotation": 180, "texture": "#0", "cullface": "up"},
				"up": {"uv": [6, 2, 7, 2.5], "rotation": 180, "texture": "#0", "cullface": "up"},
				"down": {"uv": [6, 2, 7, 2.5], "rotation": 180, "texture": "#0", "cullface": "up"}
			}
		},
		{
			"from": [2.95241, 10.8513, 6.26539],
			"to": [6.95241, 26.8513, 10.26539],
			"rotation": {"angle": 22.5, "axis": "x", "origin": [4.92227, 19.52837, 8.80887]},
			"faces": {
				"north": {"uv": [6, 2, 7, 2.5], "rotation": 270, "texture": "#0", "cullface": "up"},
				"east": {"uv": [6, 2, 7, 2.5], "rotation": 270, "texture": "#0", "cullface": "up"},
				"south": {"uv": [6, 2, 7, 2.5], "rotation": 270, "texture": "#0", "cullface": "up"},
				"west": {"uv": [6, 2, 7, 2.5], "rotation": 270, "texture": "#0", "cullface": "up"},
				"up": {"uv": [6, 2, 7, 2.5], "rotation": 270, "texture": "#0", "cullface": "up"},
				"down": {"uv": [6, 2, 7, 2.5], "rotation": 270, "texture": "#0", "cullface": "up"}
			}
		},
		{
			"from": [-1.12235, 19.82844, 6.84288],
			"to": [14.87765, 23.82844, 10.84288],
			"rotation": {"angle": -22.5, "axis": "z", "origin": [6.85732, 21.32504, 8.86662]},
			"faces": {
				"north": {"uv": [6, 2, 7, 2.5], "texture": "#0", "cullface": "up"},
				"east": {"uv": [6, 2, 7, 2.5], "texture": "#0", "cullface": "up"},
				"south": {"uv": [6, 2, 7, 2.5], "texture": "#0", "cullface": "up"},
				"west": {"uv": [6, 2, 7, 2.5], "texture": "#0", "cullface": "up"},
				"up": {"uv": [6, 2, 7, 2.5], "texture": "#0", "cullface": "up"},
				"down": {"uv": [6, 2, 7, 2.5], "texture": "#0", "cullface": "up"}
			}
		},
		{
			"from": [-0.83867, 20.61118, 6.84526],
			"to": [15.16133, 24.61118, 10.84526],
			"rotation": {"angle": -45, "axis": "z", "origin": [7.14099, 22.10777, 8.869]},
			"faces": {
				"north": {"uv": [6, 2, 7, 2.5], "texture": "#0", "cullface": "up"},
				"east": {"uv": [6, 2, 7, 2.5], "texture": "#0", "cullface": "up"},
				"south": {"uv": [6, 2, 7, 2.5], "texture": "#0", "cullface": "up"},
				"west": {"uv": [6, 2, 7, 2.5], "texture": "#0", "cullface": "up"},
				"up": {"uv": [6, 2, 7, 2.5], "texture": "#0", "cullface": "up"},
				"down": {"uv": [6, 2, 7, 2.5], "texture": "#0", "cullface": "up"}
			}
		},
		{
			"from": [6.20457, 14.70196, 6.84775],
			"to": [10.20457, 30.70196, 10.84775],
			"rotation": {"angle": 22.5, "axis": "z", "origin": [7.70117, 22.7223, 8.87148]},
			"faces": {
				"north": {"uv": [6, 2, 7, 2.5], "rotation": 270, "texture": "#0", "cullface": "up"},
				"east": {"uv": [6, 2, 7, 2.5], "rotation": 270, "texture": "#0", "cullface": "up"},
				"south": {"uv": [6, 2, 7, 2.5], "rotation": 270, "texture": "#0", "cullface": "up"},
				"west": {"uv": [6, 2, 7, 2.5], "rotation": 270, "texture": "#0", "cullface": "up"},
				"up": {"uv": [6, 2, 7, 2.5], "rotation": 270, "texture": "#0", "cullface": "up"},
				"down": {"uv": [6, 2, 7, 2.5], "rotation": 270, "texture": "#0", "cullface": "up"}
			}
		},
		{
			"from": [7.6042, 14.63393, 6.84521],
			"to": [11.6042, 30.63393, 10.84521],
			"rotation": {"angle": -22.5, "axis": "z", "origin": [10.33896, 22.40538, 8.87349]},
			"faces": {
				"north": {"uv": [6, 2, 7, 2.5], "rotation": 270, "texture": "#0", "cullface": "up"},
				"east": {"uv": [6, 2, 7, 2.5], "rotation": 270, "texture": "#0", "cullface": "up"},
				"south": {"uv": [6, 2, 7, 2.5], "rotation": 270, "texture": "#0", "cullface": "up"},
				"west": {"uv": [6, 2, 7, 2.5], "rotation": 270, "texture": "#0", "cullface": "up"},
				"up": {"uv": [6, 2, 7, 2.5], "rotation": 270, "texture": "#0", "cullface": "up"},
				"down": {"uv": [6, 2, 7, 2.5], "rotation": 270, "texture": "#0", "cullface": "up"}
			}
		},
		{
			"from": [8.35727, 14.49405, 6.8476],
			"to": [12.35727, 30.49405, 10.8476],
			"rotation": {"angle": -45, "axis": "z", "origin": [10.33896, 22.40538, 8.87349]},
			"faces": {
				"north": {"uv": [6, 2, 7, 2.5], "rotation": 270, "texture": "#0", "cullface": "up"},
				"east": {"uv": [6, 2, 7, 2.5], "rotation": 270, "texture": "#0", "cullface": "up"},
				"south": {"uv": [6, 2, 7, 2.5], "rotation": 270, "texture": "#0", "cullface": "up"},
				"west": {"uv": [6, 2, 7, 2.5], "rotation": 270, "texture": "#0", "cullface": "up"},
				"up": {"uv": [6, 2, 7, 2.5], "rotation": 270, "texture": "#0", "cullface": "up"},
				"down": {"uv": [6, 2, 7, 2.5], "rotation": 270, "texture": "#0", "cullface": "up"}
			}
		},
		{
			"from": [2.58708, 19.63916, 6.85008],
			"to": [18.58708, 23.63916, 10.85008],
			"rotation": {"angle": 22.5, "axis": "z", "origin": [10.33896, 22.40538, 8.87349]},
			"faces": {
				"north": {"uv": [6, 2, 7, 2.5], "rotation": 180, "texture": "#0", "cullface": "up"},
				"east": {"uv": [6, 2, 7, 2.5], "rotation": 180, "texture": "#0", "cullface": "up"},
				"south": {"uv": [6, 2, 7, 2.5], "rotation": 180, "texture": "#0", "cullface": "up"},
				"west": {"uv": [6, 2, 7, 2.5], "rotation": 180, "texture": "#0", "cullface": "up"},
				"up": {"uv": [6, 2, 7, 2.5], "rotation": 180, "texture": "#0", "cullface": "up"},
				"down": {"uv": [6, 2, 7, 2.5], "rotation": 180, "texture": "#0", "cullface": "up"}
			}
		},
		{
			"from": [2.48338, 18.89459, 6.83968],
			"to": [18.48338, 22.89459, 10.83968],
			"rotation": {"angle": -22.5, "axis": "z", "origin": [8.98353, 19.62749, 8.86672]},
			"faces": {
				"north": {"uv": [6, 2, 7, 2.5], "rotation": 180, "texture": "#0", "cullface": "up"},
				"east": {"uv": [6, 2, 7, 2.5], "rotation": 180, "texture": "#0", "cullface": "up"},
				"south": {"uv": [6, 2, 7, 2.5], "rotation": 180, "texture": "#0", "cullface": "up"},
				"west": {"uv": [6, 2, 7, 2.5], "rotation": 180, "texture": "#0", "cullface": "up"},
				"up": {"uv": [6, 2, 7, 2.5], "rotation": 180, "texture": "#0", "cullface": "up"},
				"down": {"uv": [6, 2, 7, 2.5], "rotation": 180, "texture": "#0", "cullface": "up"}
			}
		},
		{
			"from": [7.94355, 10.56801, 6.84206],
			"to": [11.94355, 26.56801, 10.84206],
			"rotation": {"angle": 45, "axis": "z", "origin": [8.98353, 19.62749, 8.86672]},
			"faces": {
				"north": {"uv": [6, 2, 7, 2.5], "rotation": 90, "texture": "#0", "cullface": "up"},
				"east": {"uv": [6, 2, 7, 2.5], "rotation": 90, "texture": "#0", "cullface": "up"},
				"south": {"uv": [6, 2, 7, 2.5], "rotation": 90, "texture": "#0", "cullface": "up"},
				"west": {"uv": [6, 2, 7, 2.5], "rotation": 90, "texture": "#0", "cullface": "up"},
				"up": {"uv": [6, 2, 7, 2.5], "rotation": 90, "texture": "#0", "cullface": "up"},
				"down": {"uv": [6, 2, 7, 2.5], "rotation": 90, "texture": "#0", "cullface": "up"}
			}
		},
		{
			"from": [7.49268, 10.85685, 6.84455],
			"to": [11.49268, 26.85685, 10.84455],
			"rotation": {"angle": 22.5, "axis": "z", "origin": [8.98353, 19.62749, 8.86672]},
			"faces": {
				"north": {"uv": [6, 2, 7, 2.5], "rotation": 90, "texture": "#0", "cullface": "up"},
				"east": {"uv": [6, 2, 7, 2.5], "rotation": 90, "texture": "#0", "cullface": "up"},
				"south": {"uv": [6, 2, 7, 2.5], "rotation": 90, "texture": "#0", "cullface": "up"},
				"west": {"uv": [6, 2, 7, 2.5], "rotation": 90, "texture": "#0", "cullface": "up"},
				"up": {"uv": [6, 2, 7, 2.5], "rotation": 90, "texture": "#0", "cullface": "up"},
				"down": {"uv": [6, 2, 7, 2.5], "rotation": 90, "texture": "#0", "cullface": "up"}
			}
		},
		{
			"from": [6.43529, 10.83897, 6.84201],
			"to": [10.43529, 26.83897, 10.84201],
			"rotation": {"angle": -22.5, "axis": "z", "origin": [8.98353, 19.62749, 8.86672]},
			"faces": {
				"north": {"uv": [6, 2, 7, 2.5], "rotation": 90, "texture": "#0", "cullface": "up"},
				"east": {"uv": [6, 2, 7, 2.5], "rotation": 90, "texture": "#0", "cullface": "up"},
				"south": {"uv": [6, 2, 7, 2.5], "rotation": 90, "texture": "#0", "cullface": "up"},
				"west": {"uv": [6, 2, 7, 2.5], "rotation": 90, "texture": "#0", "cullface": "up"},
				"up": {"uv": [6, 2, 7, 2.5], "rotation": 90, "texture": "#0", "cullface": "up"},
				"down": {"uv": [6, 2, 7, 2.5], "rotation": 90, "texture": "#0", "cullface": "up"}
			}
		},
		{
			"from": [-0.11347, 18.61685, 6.8444],
			"to": [15.88653, 22.61685, 10.8444],
			"rotation": {"angle": 45, "axis": "z", "origin": [8.98353, 19.62749, 8.86672]},
			"faces": {
				"north": {"uv": [6, 2, 7, 2.5], "texture": "#0", "cullface": "up"},
				"east": {"uv": [6, 2, 7, 2.5], "texture": "#0", "cullface": "up"},
				"south": {"uv": [6, 2, 7, 2.5], "texture": "#0", "cullface": "up"},
				"west": {"uv": [6, 2, 7, 2.5], "texture": "#0", "cullface": "up"},
				"up": {"uv": [6, 2, 7, 2.5], "texture": "#0", "cullface": "up"},
				"down": {"uv": [6, 2, 7, 2.5], "texture": "#0", "cullface": "up"}
			}
		},
		{
			"from": [-0.56776, 18.90497, 6.84688],
			"to": [15.43224, 22.90497, 10.84688],
			"rotation": {"angle": 22.5, "axis": "z", "origin": [8.98353, 19.62749, 8.86672]},
			"faces": {
				"north": {"uv": [6, 2, 7, 2.5], "texture": "#0", "cullface": "up"},
				"east": {"uv": [6, 2, 7, 2.5], "texture": "#0", "cullface": "up"},
				"south": {"uv": [6, 2, 7, 2.5], "texture": "#0", "cullface": "up"},
				"west": {"uv": [6, 2, 7, 2.5], "texture": "#0", "cullface": "up"},
				"up": {"uv": [6, 2, 7, 2.5], "texture": "#0", "cullface": "up"},
				"down": {"uv": [6, 2, 7, 2.5], "texture": "#0", "cullface": "up"}
			}
		},
		{
			"from": [-1.12235, 19.82844, 3.84288],
			"to": [14.87765, 23.82844, 7.84288],
			"rotation": {"angle": -22.5, "axis": "z", "origin": [6.85732, 21.32504, 5.86662]},
			"faces": {
				"north": {"uv": [6, 2, 7, 2.5], "texture": "#0", "cullface": "up"},
				"east": {"uv": [6, 2, 7, 2.5], "texture": "#0", "cullface": "up"},
				"south": {"uv": [6, 2, 7, 2.5], "texture": "#0", "cullface": "up"},
				"west": {"uv": [6, 2, 7, 2.5], "texture": "#0", "cullface": "up"},
				"up": {"uv": [6, 2, 7, 2.5], "texture": "#0", "cullface": "up"},
				"down": {"uv": [6, 2, 7, 2.5], "texture": "#0", "cullface": "up"}
			}
		},
		{
			"from": [-0.83867, 20.61118, 3.84526],
			"to": [15.16133, 24.61118, 7.84526],
			"rotation": {"angle": -45, "axis": "z", "origin": [7.14099, 22.10777, 5.869]},
			"faces": {
				"north": {"uv": [6, 2, 7, 2.5], "texture": "#0", "cullface": "up"},
				"east": {"uv": [6, 2, 7, 2.5], "texture": "#0", "cullface": "up"},
				"south": {"uv": [6, 2, 7, 2.5], "texture": "#0", "cullface": "up"},
				"west": {"uv": [6, 2, 7, 2.5], "texture": "#0", "cullface": "up"},
				"up": {"uv": [6, 2, 7, 2.5], "texture": "#0", "cullface": "up"},
				"down": {"uv": [6, 2, 7, 2.5], "texture": "#0", "cullface": "up"}
			}
		},
		{
			"from": [6.20457, 14.70196, 3.84775],
			"to": [10.20457, 30.70196, 7.84775],
			"rotation": {"angle": 22.5, "axis": "z", "origin": [7.70117, 22.7223, 5.87148]},
			"faces": {
				"north": {"uv": [6, 2, 7, 2.5], "rotation": 270, "texture": "#0", "cullface": "up"},
				"east": {"uv": [6, 2, 7, 2.5], "rotation": 270, "texture": "#0", "cullface": "up"},
				"south": {"uv": [6, 2, 7, 2.5], "rotation": 270, "texture": "#0", "cullface": "up"},
				"west": {"uv": [6, 2, 7, 2.5], "rotation": 270, "texture": "#0", "cullface": "up"},
				"up": {"uv": [6, 2, 7, 2.5], "rotation": 270, "texture": "#0", "cullface": "up"},
				"down": {"uv": [6, 2, 7, 2.5], "rotation": 270, "texture": "#0", "cullface": "up"}
			}
		},
		{
			"from": [7.6042, 14.63393, 3.84521],
			"to": [11.6042, 30.63393, 7.84521],
			"rotation": {"angle": -22.5, "axis": "z", "origin": [10.33896, 22.40538, 5.87349]},
			"faces": {
				"north": {"uv": [6, 2, 7, 2.5], "rotation": 270, "texture": "#0", "cullface": "up"},
				"east": {"uv": [6, 2, 7, 2.5], "rotation": 270, "texture": "#0", "cullface": "up"},
				"south": {"uv": [6, 2, 7, 2.5], "rotation": 270, "texture": "#0", "cullface": "up"},
				"west": {"uv": [6, 2, 7, 2.5], "rotation": 270, "texture": "#0", "cullface": "up"},
				"up": {"uv": [6, 2, 7, 2.5], "rotation": 270, "texture": "#0", "cullface": "up"},
				"down": {"uv": [6, 2, 7, 2.5], "rotation": 270, "texture": "#0", "cullface": "up"}
			}
		},
		{
			"from": [8.35727, 14.49405, 3.8476],
			"to": [12.35727, 30.49405, 7.8476],
			"rotation": {"angle": -45, "axis": "z", "origin": [10.33896, 22.40538, 5.87349]},
			"faces": {
				"north": {"uv": [6, 2, 7, 2.5], "rotation": 270, "texture": "#0", "cullface": "up"},
				"east": {"uv": [6, 2, 7, 2.5], "rotation": 270, "texture": "#0", "cullface": "up"},
				"south": {"uv": [6, 2, 7, 2.5], "rotation": 270, "texture": "#0", "cullface": "up"},
				"west": {"uv": [6, 2, 7, 2.5], "rotation": 270, "texture": "#0", "cullface": "up"},
				"up": {"uv": [6, 2, 7, 2.5], "rotation": 270, "texture": "#0", "cullface": "up"},
				"down": {"uv": [6, 2, 7, 2.5], "rotation": 270, "texture": "#0", "cullface": "up"}
			}
		},
		{
			"from": [2.58708, 19.63916, 3.85008],
			"to": [18.58708, 23.63916, 7.85008],
			"rotation": {"angle": 22.5, "axis": "z", "origin": [10.33896, 22.40538, 5.87349]},
			"faces": {
				"north": {"uv": [6, 2, 7, 2.5], "rotation": 180, "texture": "#0", "cullface": "up"},
				"east": {"uv": [6, 2, 7, 2.5], "rotation": 180, "texture": "#0", "cullface": "up"},
				"south": {"uv": [6, 2, 7, 2.5], "rotation": 180, "texture": "#0", "cullface": "up"},
				"west": {"uv": [6, 2, 7, 2.5], "rotation": 180, "texture": "#0", "cullface": "up"},
				"up": {"uv": [6, 2, 7, 2.5], "rotation": 180, "texture": "#0", "cullface": "up"},
				"down": {"uv": [6, 2, 7, 2.5], "rotation": 180, "texture": "#0", "cullface": "up"}
			}
		},
		{
			"from": [2.48338, 18.89459, 3.83968],
			"to": [18.48338, 22.89459, 7.83968],
			"rotation": {"angle": -22.5, "axis": "z", "origin": [8.98353, 19.62749, 5.86672]},
			"faces": {
				"north": {"uv": [6, 2, 7, 2.5], "rotation": 180, "texture": "#0", "cullface": "up"},
				"east": {"uv": [6, 2, 7, 2.5], "rotation": 180, "texture": "#0", "cullface": "up"},
				"south": {"uv": [6, 2, 7, 2.5], "rotation": 180, "texture": "#0", "cullface": "up"},
				"west": {"uv": [6, 2, 7, 2.5], "rotation": 180, "texture": "#0", "cullface": "up"},
				"up": {"uv": [6, 2, 7, 2.5], "rotation": 180, "texture": "#0", "cullface": "up"},
				"down": {"uv": [6, 2, 7, 2.5], "rotation": 180, "texture": "#0", "cullface": "up"}
			}
		},
		{
			"from": [7.94355, 10.56801, 3.84206],
			"to": [11.94355, 26.56801, 7.84206],
			"rotation": {"angle": 45, "axis": "z", "origin": [8.98353, 19.62749, 5.86672]},
			"faces": {
				"north": {"uv": [6, 2, 7, 2.5], "rotation": 90, "texture": "#0", "cullface": "up"},
				"east": {"uv": [6, 2, 7, 2.5], "rotation": 90, "texture": "#0", "cullface": "up"},
				"south": {"uv": [6, 2, 7, 2.5], "rotation": 90, "texture": "#0", "cullface": "up"},
				"west": {"uv": [6, 2, 7, 2.5], "rotation": 90, "texture": "#0", "cullface": "up"},
				"up": {"uv": [6, 2, 7, 2.5], "rotation": 90, "texture": "#0", "cullface": "up"},
				"down": {"uv": [6, 2, 7, 2.5], "rotation": 90, "texture": "#0", "cullface": "up"}
			}
		},
		{
			"from": [7.49268, 10.85685, 3.84455],
			"to": [11.49268, 26.85685, 7.84455],
			"rotation": {"angle": 22.5, "axis": "z", "origin": [8.98353, 19.62749, 5.86672]},
			"faces": {
				"north": {"uv": [6, 2, 7, 2.5], "rotation": 90, "texture": "#0", "cullface": "up"},
				"east": {"uv": [6, 2, 7, 2.5], "rotation": 90, "texture": "#0", "cullface": "up"},
				"south": {"uv": [6, 2, 7, 2.5], "rotation": 90, "texture": "#0", "cullface": "up"},
				"west": {"uv": [6, 2, 7, 2.5], "rotation": 90, "texture": "#0", "cullface": "up"},
				"up": {"uv": [6, 2, 7, 2.5], "rotation": 90, "texture": "#0", "cullface": "up"},
				"down": {"uv": [6, 2, 7, 2.5], "rotation": 90, "texture": "#0", "cullface": "up"}
			}
		},
		{
			"from": [6.43529, 10.83897, 3.84201],
			"to": [10.43529, 26.83897, 7.84201],
			"rotation": {"angle": -22.5, "axis": "z", "origin": [8.98353, 19.62749, 5.86672]},
			"faces": {
				"north": {"uv": [6, 2, 7, 2.5], "rotation": 90, "texture": "#0", "cullface": "up"},
				"east": {"uv": [6, 2, 7, 2.5], "rotation": 90, "texture": "#0", "cullface": "up"},
				"south": {"uv": [6, 2, 7, 2.5], "rotation": 90, "texture": "#0", "cullface": "up"},
				"west": {"uv": [6, 2, 7, 2.5], "rotation": 90, "texture": "#0", "cullface": "up"},
				"up": {"uv": [6, 2, 7, 2.5], "rotation": 90, "texture": "#0", "cullface": "up"},
				"down": {"uv": [6, 2, 7, 2.5], "rotation": 90, "texture": "#0", "cullface": "up"}
			}
		},
		{
			"from": [-0.11347, 18.61685, 3.8444],
			"to": [15.88653, 22.61685, 7.8444],
			"rotation": {"angle": 45, "axis": "z", "origin": [8.98353, 19.62749, 5.86672]},
			"faces": {
				"north": {"uv": [6, 2, 7, 2.5], "texture": "#0", "cullface": "up"},
				"east": {"uv": [6, 2, 7, 2.5], "texture": "#0", "cullface": "up"},
				"south": {"uv": [6, 2, 7, 2.5], "texture": "#0", "cullface": "up"},
				"west": {"uv": [6, 2, 7, 2.5], "texture": "#0", "cullface": "up"},
				"up": {"uv": [6, 2, 7, 2.5], "texture": "#0", "cullface": "up"},
				"down": {"uv": [6, 2, 7, 2.5], "texture": "#0", "cullface": "up"}
			}
		},
		{
			"from": [-0.56776, 18.90497, 3.84688],
			"to": [15.43224, 22.90497, 7.84688],
			"rotation": {"angle": 22.5, "axis": "z", "origin": [8.98353, 19.62749, 5.86672]},
			"faces": {
				"north": {"uv": [6, 2, 7, 2.5], "texture": "#0", "cullface": "up"},
				"east": {"uv": [6, 2, 7, 2.5], "texture": "#0", "cullface": "up"},
				"south": {"uv": [6, 2, 7, 2.5], "texture": "#0", "cullface": "up"},
				"west": {"uv": [6, 2, 7, 2.5], "texture": "#0", "cullface": "up"},
				"up": {"uv": [6, 2, 7, 2.5], "texture": "#0", "cullface": "up"},
				"down": {"uv": [6, 2, 7, 2.5], "texture": "#0", "cullface": "up"}
			}
		},
		{
			"from": [-1.12235, 19.82844, 10.84288],
			"to": [14.87765, 23.82844, 14.84288],
			"rotation": {"angle": -22.5, "axis": "z", "origin": [6.85732, 21.32504, 12.86662]},
			"faces": {
				"north": {"uv": [6, 2, 7, 2.5], "texture": "#0", "cullface": "up"},
				"east": {"uv": [6, 2, 7, 2.5], "texture": "#0", "cullface": "up"},
				"south": {"uv": [6, 2, 7, 2.5], "texture": "#0", "cullface": "up"},
				"west": {"uv": [6, 2, 7, 2.5], "texture": "#0", "cullface": "up"},
				"up": {"uv": [6, 2, 7, 2.5], "texture": "#0", "cullface": "up"},
				"down": {"uv": [6, 2, 7, 2.5], "texture": "#0", "cullface": "up"}
			}
		},
		{
			"from": [-0.83867, 20.61118, 10.84526],
			"to": [15.16133, 24.61118, 14.84526],
			"rotation": {"angle": -45, "axis": "z", "origin": [7.14099, 22.10777, 12.869]},
			"faces": {
				"north": {"uv": [6, 2, 7, 2.5], "texture": "#0", "cullface": "up"},
				"east": {"uv": [6, 2, 7, 2.5], "texture": "#0", "cullface": "up"},
				"south": {"uv": [6, 2, 7, 2.5], "texture": "#0", "cullface": "up"},
				"west": {"uv": [6, 2, 7, 2.5], "texture": "#0", "cullface": "up"},
				"up": {"uv": [6, 2, 7, 2.5], "texture": "#0", "cullface": "up"},
				"down": {"uv": [6, 2, 7, 2.5], "texture": "#0", "cullface": "up"}
			}
		},
		{
			"from": [6.20457, 14.70196, 10.84775],
			"to": [10.20457, 30.70196, 14.84775],
			"rotation": {"angle": 22.5, "axis": "z", "origin": [7.70117, 22.7223, 12.87148]},
			"faces": {
				"north": {"uv": [6, 2, 7, 2.5], "rotation": 270, "texture": "#0", "cullface": "up"},
				"east": {"uv": [6, 2, 7, 2.5], "rotation": 270, "texture": "#0", "cullface": "up"},
				"south": {"uv": [6, 2, 7, 2.5], "rotation": 270, "texture": "#0", "cullface": "up"},
				"west": {"uv": [6, 2, 7, 2.5], "rotation": 270, "texture": "#0", "cullface": "up"},
				"up": {"uv": [6, 2, 7, 2.5], "rotation": 270, "texture": "#0", "cullface": "up"},
				"down": {"uv": [6, 2, 7, 2.5], "rotation": 270, "texture": "#0", "cullface": "up"}
			}
		},
		{
			"from": [7.6042, 14.63393, 10.84521],
			"to": [11.6042, 30.63393, 14.84521],
			"rotation": {"angle": -22.5, "axis": "z", "origin": [10.33896, 22.40538, 12.87349]},
			"faces": {
				"north": {"uv": [6, 2, 7, 2.5], "rotation": 270, "texture": "#0", "cullface": "up"},
				"east": {"uv": [6, 2, 7, 2.5], "rotation": 270, "texture": "#0", "cullface": "up"},
				"south": {"uv": [6, 2, 7, 2.5], "rotation": 270, "texture": "#0", "cullface": "up"},
				"west": {"uv": [6, 2, 7, 2.5], "rotation": 270, "texture": "#0", "cullface": "up"},
				"up": {"uv": [6, 2, 7, 2.5], "rotation": 270, "texture": "#0", "cullface": "up"},
				"down": {"uv": [6, 2, 7, 2.5], "rotation": 270, "texture": "#0", "cullface": "up"}
			}
		},
		{
			"from": [8.35727, 14.49405, 10.8476],
			"to": [12.35727, 30.49405, 14.8476],
			"rotation": {"angle": -45, "axis": "z", "origin": [10.33896, 22.40538, 12.87349]},
			"faces": {
				"north": {"uv": [6, 2, 7, 2.5], "rotation": 270, "texture": "#0", "cullface": "up"},
				"east": {"uv": [6, 2, 7, 2.5], "rotation": 270, "texture": "#0", "cullface": "up"},
				"south": {"uv": [6, 2, 7, 2.5], "rotation": 270, "texture": "#0", "cullface": "up"},
				"west": {"uv": [6, 2, 7, 2.5], "rotation": 270, "texture": "#0", "cullface": "up"},
				"up": {"uv": [6, 2, 7, 2.5], "rotation": 270, "texture": "#0", "cullface": "up"},
				"down": {"uv": [6, 2, 7, 2.5], "rotation": 270, "texture": "#0", "cullface": "up"}
			}
		},
		{
			"from": [2.58708, 19.63916, 10.85008],
			"to": [18.58708, 23.63916, 14.85008],
			"rotation": {"angle": 22.5, "axis": "z", "origin": [10.33896, 22.40538, 12.87349]},
			"faces": {
				"north": {"uv": [6, 2, 7, 2.5], "rotation": 180, "texture": "#0", "cullface": "up"},
				"east": {"uv": [6, 2, 7, 2.5], "rotation": 180, "texture": "#0", "cullface": "up"},
				"south": {"uv": [6, 2, 7, 2.5], "rotation": 180, "texture": "#0", "cullface": "up"},
				"west": {"uv": [6, 2, 7, 2.5], "rotation": 180, "texture": "#0", "cullface": "up"},
				"up": {"uv": [6, 2, 7, 2.5], "rotation": 180, "texture": "#0", "cullface": "up"},
				"down": {"uv": [6, 2, 7, 2.5], "rotation": 180, "texture": "#0", "cullface": "up"}
			}
		},
		{
			"from": [2.48338, 18.89459, 10.83968],
			"to": [18.48338, 22.89459, 14.83968],
			"rotation": {"angle": -22.5, "axis": "z", "origin": [8.98353, 19.62749, 12.86672]},
			"faces": {
				"north": {"uv": [6, 2, 7, 2.5], "rotation": 180, "texture": "#0", "cullface": "up"},
				"east": {"uv": [6, 2, 7, 2.5], "rotation": 180, "texture": "#0", "cullface": "up"},
				"south": {"uv": [6, 2, 7, 2.5], "rotation": 180, "texture": "#0", "cullface": "up"},
				"west": {"uv": [6, 2, 7, 2.5], "rotation": 180, "texture": "#0", "cullface": "up"},
				"up": {"uv": [6, 2, 7, 2.5], "rotation": 180, "texture": "#0", "cullface": "up"},
				"down": {"uv": [6, 2, 7, 2.5], "rotation": 180, "texture": "#0", "cullface": "up"}
			}
		},
		{
			"from": [7.94355, 10.56801, 10.84206],
			"to": [11.94355, 26.56801, 14.84206],
			"rotation": {"angle": 45, "axis": "z", "origin": [8.98353, 19.62749, 12.86672]},
			"faces": {
				"north": {"uv": [6, 2, 7, 2.5], "rotation": 90, "texture": "#0", "cullface": "up"},
				"east": {"uv": [6, 2, 7, 2.5], "rotation": 90, "texture": "#0", "cullface": "up"},
				"south": {"uv": [6, 2, 7, 2.5], "rotation": 90, "texture": "#0", "cullface": "up"},
				"west": {"uv": [6, 2, 7, 2.5], "rotation": 90, "texture": "#0", "cullface": "up"},
				"up": {"uv": [6, 2, 7, 2.5], "rotation": 90, "texture": "#0", "cullface": "up"},
				"down": {"uv": [6, 2, 7, 2.5], "rotation": 90, "texture": "#0", "cullface": "up"}
			}
		},
		{
			"from": [7.49268, 10.85685, 10.84455],
			"to": [11.49268, 26.85685, 14.84455],
			"rotation": {"angle": 22.5, "axis": "z", "origin": [8.98353, 19.62749, 12.86672]},
			"faces": {
				"north": {"uv": [6, 2, 7, 2.5], "rotation": 90, "texture": "#0", "cullface": "up"},
				"east": {"uv": [6, 2, 7, 2.5], "rotation": 90, "texture": "#0", "cullface": "up"},
				"south": {"uv": [6, 2, 7, 2.5], "rotation": 90, "texture": "#0", "cullface": "up"},
				"west": {"uv": [6, 2, 7, 2.5], "rotation": 90, "texture": "#0", "cullface": "up"},
				"up": {"uv": [6, 2, 7, 2.5], "rotation": 90, "texture": "#0", "cullface": "up"},
				"down": {"uv": [6, 2, 7, 2.5], "rotation": 90, "texture": "#0", "cullface": "up"}
			}
		},
		{
			"from": [6.43529, 10.83897, 10.84201],
			"to": [10.43529, 26.83897, 14.84201],
			"rotation": {"angle": -22.5, "axis": "z", "origin": [8.98353, 19.62749, 12.86672]},
			"faces": {
				"north": {"uv": [6, 2, 7, 2.5], "rotation": 90, "texture": "#0", "cullface": "up"},
				"east": {"uv": [6, 2, 7, 2.5], "rotation": 90, "texture": "#0", "cullface": "up"},
				"south": {"uv": [6, 2, 7, 2.5], "rotation": 90, "texture": "#0", "cullface": "up"},
				"west": {"uv": [6, 2, 7, 2.5], "rotation": 90, "texture": "#0", "cullface": "up"},
				"up": {"uv": [6, 2, 7, 2.5], "rotation": 90, "texture": "#0", "cullface": "up"},
				"down": {"uv": [6, 2, 7, 2.5], "rotation": 90, "texture": "#0", "cullface": "up"}
			}
		},
		{
			"from": [-0.11347, 18.61685, 10.8444],
			"to": [15.88653, 22.61685, 14.8444],
			"rotation": {"angle": 45, "axis": "z", "origin": [8.98353, 19.62749, 12.86672]},
			"faces": {
				"north": {"uv": [6, 2, 7, 2.5], "texture": "#0", "cullface": "up"},
				"east": {"uv": [6, 2, 7, 2.5], "texture": "#0", "cullface": "up"},
				"south": {"uv": [6, 2, 7, 2.5], "texture": "#0", "cullface": "up"},
				"west": {"uv": [6, 2, 7, 2.5], "texture": "#0", "cullface": "up"},
				"up": {"uv": [6, 2, 7, 2.5], "texture": "#0", "cullface": "up"},
				"down": {"uv": [6, 2, 7, 2.5], "texture": "#0", "cullface": "up"}
			}
		},
		{
			"from": [-0.56776, 18.90497, 10.84688],
			"to": [15.43224, 22.90497, 14.84688],
			"rotation": {"angle": 22.5, "axis": "z", "origin": [8.98353, 19.62749, 12.86672]},
			"faces": {
				"north": {"uv": [6, 2, 7, 2.5], "texture": "#0", "cullface": "up"},
				"east": {"uv": [6, 2, 7, 2.5], "texture": "#0", "cullface": "up"},
				"south": {"uv": [6, 2, 7, 2.5], "texture": "#0", "cullface": "up"},
				"west": {"uv": [6, 2, 7, 2.5], "texture": "#0", "cullface": "up"},
				"up": {"uv": [6, 2, 7, 2.5], "texture": "#0", "cullface": "up"},
				"down": {"uv": [6, 2, 7, 2.5], "texture": "#0", "cullface": "up"}
			}
		},
		{
			"from": [-0.92088, 22.99502, 7.6364],
			"to": [15.07912, 26.99502, 11.6364],
			"rotation": {"angle": 22.5, "axis": "y", "origin": [7.05262, 24.49052, 9.65082]},
			"faces": {
				"north": {"uv": [6, 2, 7, 2.5], "texture": "#0", "cullface": "up"},
				"east": {"uv": [6, 2, 7, 2.5], "texture": "#0", "cullface": "up"},
				"south": {"uv": [6, 2, 7, 2.5], "texture": "#0", "cullface": "up"},
				"west": {"uv": [6, 2, 7, 2.5], "texture": "#0", "cullface": "up"},
				"up": {"uv": [6, 2, 7, 2.5], "texture": "#0", "cullface": "up"},
				"down": {"uv": [6, 2, 7, 2.5], "texture": "#0", "cullface": "up"}
			}
		},
		{
			"from": [-0.46389, 22.99464, 8.30766],
			"to": [15.53611, 26.99464, 12.30766],
			"rotation": {"angle": 45, "axis": "y", "origin": [7.50961, 24.49014, 10.32208]},
			"faces": {
				"north": {"uv": [6, 2, 7, 2.5], "texture": "#0", "cullface": "up"},
				"east": {"uv": [6, 2, 7, 2.5], "texture": "#0", "cullface": "up"},
				"south": {"uv": [6, 2, 7, 2.5], "texture": "#0", "cullface": "up"},
				"west": {"uv": [6, 2, 7, 2.5], "texture": "#0", "cullface": "up"},
				"up": {"uv": [6, 2, 7, 2.5], "texture": "#0", "cullface": "up"},
				"down": {"uv": [6, 2, 7, 2.5], "texture": "#0", "cullface": "up"}
			}
		},
		{
			"from": [6.17428, 22.99505, 2.74086],
			"to": [10.17428, 26.99505, 18.74086],
			"rotation": {"angle": -22.5, "axis": "y", "origin": [8.1887, 24.49055, 10.76736]},
			"faces": {
				"north": {"uv": [6, 2, 7, 2.5], "texture": "#0", "cullface": "up"},
				"east": {"uv": [6, 2, 7, 2.5], "texture": "#0", "cullface": "up"},
				"south": {"uv": [6, 2, 7, 2.5], "texture": "#0", "cullface": "up"},
				"west": {"uv": [6, 2, 7, 2.5], "texture": "#0", "cullface": "up"},
				"up": {"uv": [6, 2, 7, 2.5], "texture": "#0", "cullface": "up"},
				"down": {"uv": [6, 2, 7, 2.5], "texture": "#0", "cullface": "up"}
			}
		},
		{
			"from": [7.76712, 22.99785, 2.72706],
			"to": [11.76712, 26.99785, 18.72706],
			"rotation": {"angle": 22.5, "axis": "y", "origin": [9.78154, 24.49335, 10.75355]},
			"faces": {
				"north": {"uv": [6, 2, 7, 2.5], "texture": "#0", "cullface": "up"},
				"east": {"uv": [6, 2, 7, 2.5], "texture": "#0", "cullface": "up"},
				"south": {"uv": [6, 2, 7, 2.5], "texture": "#0", "cullface": "up"},
				"west": {"uv": [6, 2, 7, 2.5], "texture": "#0", "cullface": "up"},
				"up": {"uv": [6, 2, 7, 2.5], "texture": "#0", "cullface": "up"},
				"down": {"uv": [6, 2, 7, 2.5], "texture": "#0", "cullface": "up"}
			}
		},
		{
			"from": [8.43423, 23.00775, 2.2663],
			"to": [12.43423, 27.00775, 18.2663],
			"rotation": {"angle": 45, "axis": "y", "origin": [10.44865, 24.50325, 10.2928]},
			"faces": {
				"north": {"uv": [6, 2, 7, 2.5], "texture": "#0", "cullface": "up"},
				"east": {"uv": [6, 2, 7, 2.5], "texture": "#0", "cullface": "up"},
				"south": {"uv": [6, 2, 7, 2.5], "texture": "#0", "cullface": "up"},
				"west": {"uv": [6, 2, 7, 2.5], "texture": "#0", "cullface": "up"},
				"up": {"uv": [6, 2, 7, 2.5], "texture": "#0", "cullface": "up"},
				"down": {"uv": [6, 2, 7, 2.5], "texture": "#0", "cullface": "up"}
			}
		},
		{
			"from": [2.86741, 23.00972, 7.62815],
			"to": [18.86741, 27.00972, 11.62815],
			"rotation": {"angle": -22.5, "axis": "y", "origin": [10.89391, 24.50522, 9.61374]},
			"faces": {
				"north": {"uv": [6, 2, 7, 2.5], "texture": "#0", "cullface": "up"},
				"east": {"uv": [6, 2, 7, 2.5], "texture": "#0", "cullface": "up"},
				"south": {"uv": [6, 2, 7, 2.5], "texture": "#0", "cullface": "up"},
				"west": {"uv": [6, 2, 7, 2.5], "texture": "#0", "cullface": "up"},
				"up": {"uv": [6, 2, 7, 2.5], "texture": "#0", "cullface": "up"},
				"down": {"uv": [6, 2, 7, 2.5], "texture": "#0", "cullface": "up"}
			}
		},
		{
			"from": [2.5746, 23.00927, 6.73501],
			"to": [18.5746, 27.00927, 10.73501],
			"rotation": {"angle": 22.5, "axis": "y", "origin": [8.98277, 24.51286, 7.6676]},
			"faces": {
				"north": {"uv": [6, 2, 7, 2.5], "texture": "#0", "cullface": "up"},
				"east": {"uv": [6, 2, 7, 2.5], "texture": "#0", "cullface": "up"},
				"south": {"uv": [6, 2, 7, 2.5], "texture": "#0", "cullface": "up"},
				"west": {"uv": [6, 2, 7, 2.5], "texture": "#0", "cullface": "up"},
				"up": {"uv": [6, 2, 7, 2.5], "texture": "#0", "cullface": "up"},
				"down": {"uv": [6, 2, 7, 2.5], "texture": "#0", "cullface": "up"}
			}
		},
		{
			"from": [2.19996, 23.0089, 6.47637],
			"to": [18.19996, 27.0089, 10.47637],
			"rotation": {"angle": 45, "axis": "y", "origin": [8.98277, 24.51286, 7.6676]},
			"faces": {
				"north": {"uv": [6, 2, 7, 2.5], "texture": "#0", "cullface": "up"},
				"east": {"uv": [6, 2, 7, 2.5], "texture": "#0", "cullface": "up"},
				"south": {"uv": [6, 2, 7, 2.5], "texture": "#0", "cullface": "up"},
				"west": {"uv": [6, 2, 7, 2.5], "texture": "#0", "cullface": "up"},
				"up": {"uv": [6, 2, 7, 2.5], "texture": "#0", "cullface": "up"},
				"down": {"uv": [6, 2, 7, 2.5], "texture": "#0", "cullface": "up"}
			}
		},
		{
			"from": [7.40922, 23.0093, -1.30244],
			"to": [11.40922, 27.0093, 14.69756],
			"rotation": {"angle": -22.5, "axis": "y", "origin": [8.98277, 24.51286, 7.6676]},
			"faces": {
				"north": {"uv": [6, 2, 7, 2.5], "texture": "#0", "cullface": "up"},
				"east": {"uv": [6, 2, 7, 2.5], "texture": "#0", "cullface": "up"},
				"south": {"uv": [6, 2, 7, 2.5], "texture": "#0", "cullface": "up"},
				"west": {"uv": [6, 2, 7, 2.5], "texture": "#0", "cullface": "up"},
				"up": {"uv": [6, 2, 7, 2.5], "texture": "#0", "cullface": "up"},
				"down": {"uv": [6, 2, 7, 2.5], "texture": "#0", "cullface": "up"}
			}
		},
		{
			"from": [6.51633, 23.01211, -1.31601],
			"to": [10.51633, 27.01211, 14.68399],
			"rotation": {"angle": 22.5, "axis": "y", "origin": [8.98277, 24.51286, 7.6676]},
			"faces": {
				"north": {"uv": [6, 2, 7, 2.5], "texture": "#0", "cullface": "up"},
				"east": {"uv": [6, 2, 7, 2.5], "texture": "#0", "cullface": "up"},
				"south": {"uv": [6, 2, 7, 2.5], "texture": "#0", "cullface": "up"},
				"west": {"uv": [6, 2, 7, 2.5], "texture": "#0", "cullface": "up"},
				"up": {"uv": [6, 2, 7, 2.5], "texture": "#0", "cullface": "up"},
				"down": {"uv": [6, 2, 7, 2.5], "texture": "#0", "cullface": "up"}
			}
		},
		{
			"from": [6.14196, 23.02201, -1.56905],
			"to": [10.14196, 27.02201, 14.43095],
			"rotation": {"angle": 45, "axis": "y", "origin": [8.98277, 24.51286, 7.6676]},
			"faces": {
				"north": {"uv": [6, 2, 7, 2.5], "texture": "#0", "cullface": "up"},
				"east": {"uv": [6, 2, 7, 2.5], "texture": "#0", "cullface": "up"},
				"south": {"uv": [6, 2, 7, 2.5], "texture": "#0", "cullface": "up"},
				"west": {"uv": [6, 2, 7, 2.5], "texture": "#0", "cullface": "up"},
				"up": {"uv": [6, 2, 7, 2.5], "texture": "#0", "cullface": "up"},
				"down": {"uv": [6, 2, 7, 2.5], "texture": "#0", "cullface": "up"}
			}
		},
		{
			"from": [-0.63651, 23.02397, 6.75769],
			"to": [15.36349, 27.02397, 10.75769],
			"rotation": {"angle": -22.5, "axis": "y", "origin": [8.98277, 24.51286, 7.6676]},
			"faces": {
				"north": {"uv": [6, 2, 7, 2.5], "texture": "#0", "cullface": "up"},
				"east": {"uv": [6, 2, 7, 2.5], "texture": "#0", "cullface": "up"},
				"south": {"uv": [6, 2, 7, 2.5], "texture": "#0", "cullface": "up"},
				"west": {"uv": [6, 2, 7, 2.5], "texture": "#0", "cullface": "up"},
				"up": {"uv": [6, 2, 7, 2.5], "texture": "#0", "cullface": "up"},
				"down": {"uv": [6, 2, 7, 2.5], "texture": "#0", "cullface": "up"}
			}
		},
		{
			"from": [-0.92088, 14.99502, 7.6364],
			"to": [15.07912, 18.99502, 11.6364],
			"rotation": {"angle": 22.5, "axis": "y", "origin": [7.05262, 16.49052, 9.65082]},
			"faces": {
				"north": {"uv": [6, 2, 7, 2.5], "texture": "#0", "cullface": "up"},
				"east": {"uv": [6, 2, 7, 2.5], "texture": "#0", "cullface": "up"},
				"south": {"uv": [6, 2, 7, 2.5], "texture": "#0", "cullface": "up"},
				"west": {"uv": [6, 2, 7, 2.5], "texture": "#0", "cullface": "up"},
				"up": {"uv": [6, 2, 7, 2.5], "texture": "#0", "cullface": "up"},
				"down": {"uv": [6, 2, 7, 2.5], "texture": "#0", "cullface": "up"}
			}
		},
		{
			"from": [-0.46389, 14.99464, 8.30766],
			"to": [15.53611, 18.99464, 12.30766],
			"rotation": {"angle": 45, "axis": "y", "origin": [7.50961, 16.49014, 10.32208]},
			"faces": {
				"north": {"uv": [6, 2, 7, 2.5], "texture": "#0", "cullface": "up"},
				"east": {"uv": [6, 2, 7, 2.5], "texture": "#0", "cullface": "up"},
				"south": {"uv": [6, 2, 7, 2.5], "texture": "#0", "cullface": "up"},
				"west": {"uv": [6, 2, 7, 2.5], "texture": "#0", "cullface": "up"},
				"up": {"uv": [6, 2, 7, 2.5], "texture": "#0", "cullface": "up"},
				"down": {"uv": [6, 2, 7, 2.5], "texture": "#0", "cullface": "up"}
			}
		},
		{
			"from": [6.17428, 14.99505, 2.74086],
			"to": [10.17428, 18.99505, 18.74086],
			"rotation": {"angle": -22.5, "axis": "y", "origin": [8.1887, 16.49055, 10.76736]},
			"faces": {
				"north": {"uv": [6, 2, 7, 2.5], "texture": "#0", "cullface": "up"},
				"east": {"uv": [6, 2, 7, 2.5], "texture": "#0", "cullface": "up"},
				"south": {"uv": [6, 2, 7, 2.5], "texture": "#0", "cullface": "up"},
				"west": {"uv": [6, 2, 7, 2.5], "texture": "#0", "cullface": "up"},
				"up": {"uv": [6, 2, 7, 2.5], "texture": "#0", "cullface": "up"},
				"down": {"uv": [6, 2, 7, 2.5], "texture": "#0", "cullface": "up"}
			}
		},
		{
			"from": [7.76712, 14.99785, 2.72706],
			"to": [11.76712, 18.99785, 18.72706],
			"rotation": {"angle": 22.5, "axis": "y", "origin": [9.78154, 16.49335, 10.75355]},
			"faces": {
				"north": {"uv": [6, 2, 7, 2.5], "texture": "#0", "cullface": "up"},
				"east": {"uv": [6, 2, 7, 2.5], "texture": "#0", "cullface": "up"},
				"south": {"uv": [6, 2, 7, 2.5], "texture": "#0", "cullface": "up"},
				"west": {"uv": [6, 2, 7, 2.5], "texture": "#0", "cullface": "up"},
				"up": {"uv": [6, 2, 7, 2.5], "texture": "#0", "cullface": "up"},
				"down": {"uv": [6, 2, 7, 2.5], "texture": "#0", "cullface": "up"}
			}
		},
		{
			"from": [8.43423, 15.00775, 2.2663],
			"to": [12.43423, 19.00775, 18.2663],
			"rotation": {"angle": 45, "axis": "y", "origin": [10.44865, 16.50325, 10.2928]},
			"faces": {
				"north": {"uv": [6, 2, 7, 2.5], "texture": "#0", "cullface": "up"},
				"east": {"uv": [6, 2, 7, 2.5], "texture": "#0", "cullface": "up"},
				"south": {"uv": [6, 2, 7, 2.5], "texture": "#0", "cullface": "up"},
				"west": {"uv": [6, 2, 7, 2.5], "texture": "#0", "cullface": "up"},
				"up": {"uv": [6, 2, 7, 2.5], "texture": "#0", "cullface": "up"},
				"down": {"uv": [6, 2, 7, 2.5], "texture": "#0", "cullface": "up"}
			}
		},
		{
			"from": [2.86741, 15.00972, 7.62815],
			"to": [18.86741, 19.00972, 11.62815],
			"rotation": {"angle": -22.5, "axis": "y", "origin": [10.89391, 16.50522, 9.61374]},
			"faces": {
				"north": {"uv": [6, 2, 7, 2.5], "texture": "#0", "cullface": "up"},
				"east": {"uv": [6, 2, 7, 2.5], "texture": "#0", "cullface": "up"},
				"south": {"uv": [6, 2, 7, 2.5], "texture": "#0", "cullface": "up"},
				"west": {"uv": [6, 2, 7, 2.5], "texture": "#0", "cullface": "up"},
				"up": {"uv": [6, 2, 7, 2.5], "texture": "#0", "cullface": "up"},
				"down": {"uv": [6, 2, 7, 2.5], "texture": "#0", "cullface": "up"}
			}
		},
		{
			"from": [2.5746, 15.00927, 6.73501],
			"to": [18.5746, 19.00927, 10.73501],
			"rotation": {"angle": 22.5, "axis": "y", "origin": [8.98277, 16.51286, 7.6676]},
			"faces": {
				"north": {"uv": [6, 2, 7, 2.5], "texture": "#0", "cullface": "up"},
				"east": {"uv": [6, 2, 7, 2.5], "texture": "#0", "cullface": "up"},
				"south": {"uv": [6, 2, 7, 2.5], "texture": "#0", "cullface": "up"},
				"west": {"uv": [6, 2, 7, 2.5], "texture": "#0", "cullface": "up"},
				"up": {"uv": [6, 2, 7, 2.5], "texture": "#0", "cullface": "up"},
				"down": {"uv": [6, 2, 7, 2.5], "texture": "#0", "cullface": "up"}
			}
		},
		{
			"from": [2.19996, 15.0089, 6.47637],
			"to": [18.19996, 19.0089, 10.47637],
			"rotation": {"angle": 45, "axis": "y", "origin": [8.98277, 16.51286, 7.6676]},
			"faces": {
				"north": {"uv": [6, 2, 7, 2.5], "texture": "#0", "cullface": "up"},
				"east": {"uv": [6, 2, 7, 2.5], "texture": "#0", "cullface": "up"},
				"south": {"uv": [6, 2, 7, 2.5], "texture": "#0", "cullface": "up"},
				"west": {"uv": [6, 2, 7, 2.5], "texture": "#0", "cullface": "up"},
				"up": {"uv": [6, 2, 7, 2.5], "texture": "#0", "cullface": "up"},
				"down": {"uv": [6, 2, 7, 2.5], "texture": "#0", "cullface": "up"}
			}
		},
		{
			"from": [7.40922, 15.0093, -1.30244],
			"to": [11.40922, 19.0093, 14.69756],
			"rotation": {"angle": -22.5, "axis": "y", "origin": [8.98277, 16.51286, 7.6676]},
			"faces": {
				"north": {"uv": [6, 2, 7, 2.5], "texture": "#0", "cullface": "up"},
				"east": {"uv": [6, 2, 7, 2.5], "texture": "#0", "cullface": "up"},
				"south": {"uv": [6, 2, 7, 2.5], "texture": "#0", "cullface": "up"},
				"west": {"uv": [6, 2, 7, 2.5], "texture": "#0", "cullface": "up"},
				"up": {"uv": [6, 2, 7, 2.5], "texture": "#0", "cullface": "up"},
				"down": {"uv": [6, 2, 7, 2.5], "texture": "#0", "cullface": "up"}
			}
		},
		{
			"from": [6.51633, 15.01211, -1.31601],
			"to": [10.51633, 19.01211, 14.68399],
			"rotation": {"angle": 22.5, "axis": "y", "origin": [8.98277, 16.51286, 7.6676]},
			"faces": {
				"north": {"uv": [6, 2, 7, 2.5], "texture": "#0", "cullface": "up"},
				"east": {"uv": [6, 2, 7, 2.5], "texture": "#0", "cullface": "up"},
				"south": {"uv": [6, 2, 7, 2.5], "texture": "#0", "cullface": "up"},
				"west": {"uv": [6, 2, 7, 2.5], "texture": "#0", "cullface": "up"},
				"up": {"uv": [6, 2, 7, 2.5], "texture": "#0", "cullface": "up"},
				"down": {"uv": [6, 2, 7, 2.5], "texture": "#0", "cullface": "up"}
			}
		},
		{
			"from": [6.14196, 15.02201, -1.56905],
			"to": [10.14196, 19.02201, 14.43095],
			"rotation": {"angle": 45, "axis": "y", "origin": [8.98277, 16.51286, 7.6676]},
			"faces": {
				"north": {"uv": [6, 2, 7, 2.5], "texture": "#0", "cullface": "up"},
				"east": {"uv": [6, 2, 7, 2.5], "texture": "#0", "cullface": "up"},
				"south": {"uv": [6, 2, 7, 2.5], "texture": "#0", "cullface": "up"},
				"west": {"uv": [6, 2, 7, 2.5], "texture": "#0", "cullface": "up"},
				"up": {"uv": [6, 2, 7, 2.5], "texture": "#0", "cullface": "up"},
				"down": {"uv": [6, 2, 7, 2.5], "texture": "#0", "cullface": "up"}
			}
		},
		{
			"from": [-0.63651, 15.02397, 6.75769],
			"to": [15.36349, 19.02397, 10.75769],
			"rotation": {"angle": -22.5, "axis": "y", "origin": [8.98277, 16.51286, 7.6676]},
			"faces": {
				"north": {"uv": [6, 2, 7, 2.5], "texture": "#0", "cullface": "up"},
				"east": {"uv": [6, 2, 7, 2.5], "texture": "#0", "cullface": "up"},
				"south": {"uv": [6, 2, 7, 2.5], "texture": "#0", "cullface": "up"},
				"west": {"uv": [6, 2, 7, 2.5], "texture": "#0", "cullface": "up"},
				"up": {"uv": [6, 2, 7, 2.5], "texture": "#0", "cullface": "up"},
				"down": {"uv": [6, 2, 7, 2.5], "texture": "#0", "cullface": "up"}
			}
		},
		{
			"from": [-0.92088, 18.99502, 7.6364],
			"to": [15.07912, 22.99502, 11.6364],
			"rotation": {"angle": 22.5, "axis": "y", "origin": [7.05262, 20.49052, 9.65082]},
			"faces": {
				"north": {"uv": [6, 2, 7, 2.5], "texture": "#0", "cullface": "up"},
				"east": {"uv": [6, 2, 7, 2.5], "texture": "#0", "cullface": "up"},
				"south": {"uv": [6, 2, 7, 2.5], "texture": "#0", "cullface": "up"},
				"west": {"uv": [6, 2, 7, 2.5], "texture": "#0", "cullface": "up"},
				"up": {"uv": [6, 2, 7, 2.5], "texture": "#0", "cullface": "up"},
				"down": {"uv": [6, 2, 7, 2.5], "texture": "#0", "cullface": "up"}
			}
		},
		{
			"from": [-0.46389, 18.99464, 8.30766],
			"to": [15.53611, 22.99464, 12.30766],
			"rotation": {"angle": 45, "axis": "y", "origin": [7.50961, 20.49014, 10.32208]},
			"faces": {
				"north": {"uv": [6, 2, 7, 2.5], "texture": "#0", "cullface": "up"},
				"east": {"uv": [6, 2, 7, 2.5], "texture": "#0", "cullface": "up"},
				"south": {"uv": [6, 2, 7, 2.5], "texture": "#0", "cullface": "up"},
				"west": {"uv": [6, 2, 7, 2.5], "texture": "#0", "cullface": "up"},
				"up": {"uv": [6, 2, 7, 2.5], "texture": "#0", "cullface": "up"},
				"down": {"uv": [6, 2, 7, 2.5], "texture": "#0", "cullface": "up"}
			}
		},
		{
			"from": [6.17428, 18.99505, 2.74086],
			"to": [10.17428, 22.99505, 18.74086],
			"rotation": {"angle": -22.5, "axis": "y", "origin": [8.1887, 20.49055, 10.76736]},
			"faces": {
				"north": {"uv": [6, 2, 7, 2.5], "texture": "#0", "cullface": "up"},
				"east": {"uv": [6, 2, 7, 2.5], "texture": "#0", "cullface": "up"},
				"south": {"uv": [6, 2, 7, 2.5], "texture": "#0", "cullface": "up"},
				"west": {"uv": [6, 2, 7, 2.5], "texture": "#0", "cullface": "up"},
				"up": {"uv": [6, 2, 7, 2.5], "texture": "#0", "cullface": "up"},
				"down": {"uv": [6, 2, 7, 2.5], "texture": "#0", "cullface": "up"}
			}
		},
		{
			"from": [7.76712, 18.99785, 2.72706],
			"to": [11.76712, 22.99785, 18.72706],
			"rotation": {"angle": 22.5, "axis": "y", "origin": [9.78154, 20.49335, 10.75355]},
			"faces": {
				"north": {"uv": [6, 2, 7, 2.5], "texture": "#0", "cullface": "up"},
				"east": {"uv": [6, 2, 7, 2.5], "texture": "#0", "cullface": "up"},
				"south": {"uv": [6, 2, 7, 2.5], "texture": "#0", "cullface": "up"},
				"west": {"uv": [6, 2, 7, 2.5], "texture": "#0", "cullface": "up"},
				"up": {"uv": [6, 2, 7, 2.5], "texture": "#0", "cullface": "up"},
				"down": {"uv": [6, 2, 7, 2.5], "texture": "#0", "cullface": "up"}
			}
		},
		{
			"from": [8.43423, 19.00775, 2.2663],
			"to": [12.43423, 23.00775, 18.2663],
			"rotation": {"angle": 45, "axis": "y", "origin": [10.44865, 20.50325, 10.2928]},
			"faces": {
				"north": {"uv": [6, 2, 7, 2.5], "texture": "#0", "cullface": "up"},
				"east": {"uv": [6, 2, 7, 2.5], "texture": "#0", "cullface": "up"},
				"south": {"uv": [6, 2, 7, 2.5], "texture": "#0", "cullface": "up"},
				"west": {"uv": [6, 2, 7, 2.5], "texture": "#0", "cullface": "up"},
				"up": {"uv": [6, 2, 7, 2.5], "texture": "#0", "cullface": "up"},
				"down": {"uv": [6, 2, 7, 2.5], "texture": "#0", "cullface": "up"}
			}
		},
		{
			"from": [2.86741, 19.00972, 7.62815],
			"to": [18.86741, 23.00972, 11.62815],
			"rotation": {"angle": -22.5, "axis": "y", "origin": [10.89391, 20.50522, 9.61374]},
			"faces": {
				"north": {"uv": [6, 2, 7, 2.5], "texture": "#0", "cullface": "up"},
				"east": {"uv": [6, 2, 7, 2.5], "texture": "#0", "cullface": "up"},
				"south": {"uv": [6, 2, 7, 2.5], "texture": "#0", "cullface": "up"},
				"west": {"uv": [6, 2, 7, 2.5], "texture": "#0", "cullface": "up"},
				"up": {"uv": [6, 2, 7, 2.5], "texture": "#0", "cullface": "up"},
				"down": {"uv": [6, 2, 7, 2.5], "texture": "#0", "cullface": "up"}
			}
		},
		{
			"from": [2.5746, 19.00927, 6.73501],
			"to": [18.5746, 23.00927, 10.73501],
			"rotation": {"angle": 22.5, "axis": "y", "origin": [8.98277, 20.51286, 7.6676]},
			"faces": {
				"north": {"uv": [6, 2, 7, 2.5], "texture": "#0", "cullface": "up"},
				"east": {"uv": [6, 2, 7, 2.5], "texture": "#0", "cullface": "up"},
				"south": {"uv": [6, 2, 7, 2.5], "texture": "#0", "cullface": "up"},
				"west": {"uv": [6, 2, 7, 2.5], "texture": "#0", "cullface": "up"},
				"up": {"uv": [6, 2, 7, 2.5], "texture": "#0", "cullface": "up"},
				"down": {"uv": [6, 2, 7, 2.5], "texture": "#0", "cullface": "up"}
			}
		},
		{
			"from": [2.19996, 19.0089, 6.47637],
			"to": [18.19996, 23.0089, 10.47637],
			"rotation": {"angle": 45, "axis": "y", "origin": [8.98277, 20.51286, 7.6676]},
			"faces": {
				"north": {"uv": [6, 2, 7, 2.5], "texture": "#0", "cullface": "up"},
				"east": {"uv": [6, 2, 7, 2.5], "texture": "#0", "cullface": "up"},
				"south": {"uv": [6, 2, 7, 2.5], "texture": "#0", "cullface": "up"},
				"west": {"uv": [6, 2, 7, 2.5], "texture": "#0", "cullface": "up"},
				"up": {"uv": [6, 2, 7, 2.5], "texture": "#0", "cullface": "up"},
				"down": {"uv": [6, 2, 7, 2.5], "texture": "#0", "cullface": "up"}
			}
		},
		{
			"from": [7.40922, 19.0093, -1.30244],
			"to": [11.40922, 23.0093, 14.69756],
			"rotation": {"angle": -22.5, "axis": "y", "origin": [8.98277, 20.51286, 7.6676]},
			"faces": {
				"north": {"uv": [6, 2, 7, 2.5], "texture": "#0", "cullface": "up"},
				"east": {"uv": [6, 2, 7, 2.5], "texture": "#0", "cullface": "up"},
				"south": {"uv": [6, 2, 7, 2.5], "texture": "#0", "cullface": "up"},
				"west": {"uv": [6, 2, 7, 2.5], "texture": "#0", "cullface": "up"},
				"up": {"uv": [6, 2, 7, 2.5], "texture": "#0", "cullface": "up"},
				"down": {"uv": [6, 2, 7, 2.5], "texture": "#0", "cullface": "up"}
			}
		},
		{
			"from": [6.51633, 19.01211, -1.31601],
			"to": [10.51633, 23.01211, 14.68399],
			"rotation": {"angle": 22.5, "axis": "y", "origin": [8.98277, 20.51286, 7.6676]},
			"faces": {
				"north": {"uv": [6, 2, 7, 2.5], "texture": "#0", "cullface": "up"},
				"east": {"uv": [6, 2, 7, 2.5], "texture": "#0", "cullface": "up"},
				"south": {"uv": [6, 2, 7, 2.5], "texture": "#0", "cullface": "up"},
				"west": {"uv": [6, 2, 7, 2.5], "texture": "#0", "cullface": "up"},
				"up": {"uv": [6, 2, 7, 2.5], "texture": "#0", "cullface": "up"},
				"down": {"uv": [6, 2, 7, 2.5], "texture": "#0", "cullface": "up"}
			}
		},
		{
			"from": [6.14196, 19.02201, -1.56905],
			"to": [10.14196, 23.02201, 14.43095],
			"rotation": {"angle": 45, "axis": "y", "origin": [8.98277, 20.51286, 7.6676]},
			"faces": {
				"north": {"uv": [6, 2, 7, 2.5], "texture": "#0", "cullface": "up"},
				"east": {"uv": [6, 2, 7, 2.5], "texture": "#0", "cullface": "up"},
				"south": {"uv": [6, 2, 7, 2.5], "texture": "#0", "cullface": "up"},
				"west": {"uv": [6, 2, 7, 2.5], "texture": "#0", "cullface": "up"},
				"up": {"uv": [6, 2, 7, 2.5], "texture": "#0", "cullface": "up"},
				"down": {"uv": [6, 2, 7, 2.5], "texture": "#0", "cullface": "up"}
			}
		},
		{
			"from": [-0.63651, 19.02397, 6.75769],
			"to": [15.36349, 23.02397, 10.75769],
			"rotation": {"angle": -22.5, "axis": "y", "origin": [8.98277, 20.51286, 7.6676]},
			"faces": {
				"north": {"uv": [6, 2, 7, 2.5], "texture": "#0", "cullface": "up"},
				"east": {"uv": [6, 2, 7, 2.5], "texture": "#0", "cullface": "up"},
				"south": {"uv": [6, 2, 7, 2.5], "texture": "#0", "cullface": "up"},
				"west": {"uv": [6, 2, 7, 2.5], "texture": "#0", "cullface": "up"},
				"up": {"uv": [6, 2, 7, 2.5], "texture": "#0", "cullface": "up"},
				"down": {"uv": [6, 2, 7, 2.5], "texture": "#0", "cullface": "up"}
			}
		},
		{
			"from": [3.0197, 19.01036, 6.83059],
			"to": [19.0197, 23.01036, 10.83059],
			"rotation": {"angle": 0, "axis": "y", "origin": [8.98277, 20.51286, 7.6676]},
			"faces": {
				"north": {"uv": [6, 2, 7, 2.5], "texture": "#0", "cullface": "up"},
				"east": {"uv": [6, 2, 7, 2.5], "texture": "#0", "cullface": "up"},
				"south": {"uv": [6, 2, 7, 2.5], "texture": "#0", "cullface": "up"},
				"west": {"uv": [6, 2, 7, 2.5], "texture": "#0", "cullface": "up"},
				"up": {"uv": [6, 2, 7, 2.5], "texture": "#0", "cullface": "up"},
				"down": {"uv": [6, 2, 7, 2.5], "texture": "#0", "cullface": "up"}
			}
		},
		{
			"from": [6.97208, 18.99618, 2.89238],
			"to": [10.97208, 22.99618, 18.89238],
			"rotation": {"angle": 0, "axis": "y", "origin": [8.98649, 20.49168, 10.91888]},
			"faces": {
				"north": {"uv": [6, 2, 7, 2.5], "texture": "#0", "cullface": "up"},
				"east": {"uv": [6, 2, 7, 2.5], "texture": "#0", "cullface": "up"},
				"south": {"uv": [6, 2, 7, 2.5], "texture": "#0", "cullface": "up"},
				"west": {"uv": [6, 2, 7, 2.5], "texture": "#0", "cullface": "up"},
				"up": {"uv": [6, 2, 7, 2.5], "texture": "#0", "cullface": "up"},
				"down": {"uv": [6, 2, 7, 2.5], "texture": "#0", "cullface": "up"}
			}
		},
		{
			"from": [-1.0862, 18.99611, 6.84136],
			"to": [14.9138, 22.99611, 10.84136],
			"rotation": {"angle": 0, "axis": "y", "origin": [6.89346, 20.4927, 8.8651]},
			"faces": {
				"north": {"uv": [6, 2, 7, 2.5], "texture": "#0", "cullface": "up"},
				"east": {"uv": [6, 2, 7, 2.5], "texture": "#0", "cullface": "up"},
				"south": {"uv": [6, 2, 7, 2.5], "texture": "#0", "cullface": "up"},
				"west": {"uv": [6, 2, 7, 2.5], "texture": "#0", "cullface": "up"},
				"up": {"uv": [6, 2, 7, 2.5], "texture": "#0", "cullface": "up"},
				"down": {"uv": [6, 2, 7, 2.5], "texture": "#0", "cullface": "up"}
			}
		},
		{
			"from": [6.96142, 19.01043, -1.22042],
			"to": [10.96142, 23.01043, 14.77958],
			"rotation": {"angle": 0, "axis": "y", "origin": [8.98277, 20.51286, 7.6676]},
			"faces": {
				"north": {"uv": [6, 2, 7, 2.5], "texture": "#0", "cullface": "up"},
				"east": {"uv": [6, 2, 7, 2.5], "texture": "#0", "cullface": "up"},
				"south": {"uv": [6, 2, 7, 2.5], "texture": "#0", "cullface": "up"},
				"west": {"uv": [6, 2, 7, 2.5], "texture": "#0", "cullface": "up"},
				"up": {"uv": [6, 2, 7, 2.5], "texture": "#0", "cullface": "up"},
				"down": {"uv": [6, 2, 7, 2.5], "texture": "#0", "cullface": "up"}
			}
		},
		{
			"from": [6.96136, 15.05451, 6.84477],
			"to": [10.96136, 31.05451, 10.84477],
			"rotation": {"angle": 0, "axis": "x", "origin": [8.97577, 23.08101, 9.34927]},
			"faces": {
				"north": {"uv": [6, 2, 7, 2.5], "rotation": 90, "texture": "#0", "cullface": "up"},
				"east": {"uv": [6, 2, 7, 2.5], "rotation": 90, "texture": "#0", "cullface": "up"},
				"south": {"uv": [6, 2, 7, 2.5], "rotation": 90, "texture": "#0", "cullface": "up"},
				"west": {"uv": [6, 2, 7, 2.5], "rotation": 90, "texture": "#0", "cullface": "up"},
				"up": {"uv": [6, 2, 7, 2.5], "rotation": 90, "texture": "#0", "cullface": "up"},
				"down": {"uv": [6, 2, 7, 2.5], "rotation": 90, "texture": "#0", "cullface": "up"}
			}
		},
		{
			"from": [6.94841, 10.95212, 6.83225],
			"to": [10.94841, 26.95212, 10.83225],
			"rotation": {"angle": 0, "axis": "x", "origin": [8.92227, 19.52837, 8.80887]},
			"faces": {
				"north": {"uv": [6, 2, 7, 2.5], "rotation": 270, "texture": "#0", "cullface": "up"},
				"east": {"uv": [6, 2, 7, 2.5], "rotation": 270, "texture": "#0", "cullface": "up"},
				"south": {"uv": [6, 2, 7, 2.5], "rotation": 270, "texture": "#0", "cullface": "up"},
				"west": {"uv": [6, 2, 7, 2.5], "rotation": 270, "texture": "#0", "cullface": "up"},
				"up": {"uv": [6, 2, 7, 2.5], "rotation": 270, "texture": "#0", "cullface": "up"},
				"down": {"uv": [6, 2, 7, 2.5], "rotation": 270, "texture": "#0", "cullface": "up"}
			}
		}
	],
	"display": {
		"thirdperson_righthand": {
			"rotation": [37, 0, 0],
			"translation": [0, 1.5, -1.25],
			"scale": [0.4, 0.4, 0.4]
		},
		"thirdperson_lefthand": {
			"scale": [0.4, 0.4, 0.4]
		},
		"firstperson_righthand": {
			"scale": [0.4, 0.4, 0.4]
		},
		"firstperson_lefthand": {
			"scale": [0.4, 0.4, 0.4]
		},
		"ground": {
			"translation": [0.5, 5.75, 0],
			"scale": [0.4, 0.4, 0.4]
		},
		"gui": {
			"translation": [0, -3.5, 0],
			"scale": [0.8, 0.8, 0.8]
		},
		"head": {
			"rotation": [180, 3, 0],
			"translation": [0, 22.75, 0]
		},
		"fixed": {
			"translation": [0, -1.25, -5],
			"scale": [0.4, 0.4, 0.4]
		}
	},
	"groups": [
		{
			"name": "group",
			"origin": [8, 8, 8],
			"children": [
				{
					"name": "group",
					"origin": [8.92227, 19.52837, 8.80887],
					"children": [0, 1, 2, 3, 4, 5, 6, 7, 8, 9, 10, 11]
				},
				{
					"name": "group",
					"origin": [8.92227, 19.52837, 8.80887],
					"children": [12, 13, 14, 15, 16, 17, 18, 19, 20, 21, 22, 23]
				},
				{
					"name": "group",
					"origin": [8.92227, 19.52837, 8.80887],
					"children": [24, 25, 26, 27, 28, 29, 30, 31, 32, 33, 34, 35]
				},
				{
					"name": "group",
					"origin": [8.98353, 19.62749, 8.86672],
					"children": [36, 37, 38, 39, 40, 41, 42, 43, 44, 45, 46, 47]
				},
				{
					"name": "group",
					"origin": [8.98353, 19.62749, 8.86672],
					"children": [48, 49, 50, 51, 52, 53, 54, 55, 56, 57, 58, 59]
				},
				{
					"name": "group",
					"origin": [8.98353, 19.62749, 8.86672],
					"children": [60, 61, 62, 63, 64, 65, 66, 67, 68, 69, 70, 71]
				},
				{
					"name": "group",
					"origin": [8.98277, 20.51286, 7.6676],
					"children": [72, 73, 74, 75, 76, 77, 78, 79, 80, 81, 82, 83]
				},
				{
					"name": "group",
					"origin": [8.98277, 20.51286, 7.6676],
					"children": [84, 85, 86, 87, 88, 89, 90, 91, 92, 93, 94, 95]
				},
				{
					"name": "group",
					"origin": [8.98277, 20.51286, 7.6676],
					"children": [96, 97, 98, 99, 100, 101, 102, 103, 104, 105, 106, 107]
				},
				{
					"name": "group",
					"origin": [8.98277, 20.51286, 7.6676],
					"children": [108, 109, 110, 111, 112, 113]
				}
			]
		}
	]
}