{
	"credit": "Made with Blockbench",
	"textures": {
		"0": "additions:blocks/7"
		"particle": "additions:blocks/7"
	},
	"elements": [
		{
			"name": "singularity_ultimate-11_1",
			"from": [6.98427, 7.00098, 0],
			"to": [9, 9.01475, 1.00688],
			"rotation": {"angle": 0, "axis": "z", "origin": [1, 8, 8]},
			"faces": {
				"north": {"uv": [9.01475, 0, 7.00098, 0.01573], "rotation": 90, "texture": "#0"},
				"east": {"uv": [7.00098, 1.00688, 9.01475, 0], "rotation": 270, "texture": "#0"},
				"south": {"uv": [7.00098, 0.99115, 9.01475, 1.00688], "rotation": 270, "texture": "#0"},
				"west": {"uv": [7.00098, 0, 9.01475, 1.00688], "rotation": 270, "texture": "#0"},
				"up": {"uv": [8.99902, 0, 9.01475, 1.00688], "texture": "#0"},
				"down": {"uv": [7.00098, 0, 7.01672, 1.00688], "rotation": 180, "texture": "#0"}
			}
		},
		{
			"name": "singularity_ultimate-02_2",
			"from": [6.98427, 6.00983, 1.00688],
			"to": [9, 8.00787, 13.01082],
			"rotation": {"angle": 0, "axis": "z", "origin": [1, 8, 8]},
			"faces": {
				"north": {"uv": [8.00787, 1.00688, 6.00983, 1.02262], "rotation": 90, "texture": "#0"},
				"east": {"uv": [6.00983, 13.01082, 8.00787, 1.00688], "rotation": 270, "texture": "#0"},
				"south": {"uv": [6.00983, 12.99508, 8.00787, 13.01082], "rotation": 270, "texture": "#0"},
				"west": {"uv": [6.00983, 1.00688, 8.00787, 13.01082], "rotation": 270, "texture": "#0"},
				"up": {"uv": [7.99213, 1.00688, 8.00787, 13.01082], "texture": "#0"},
				"down": {"uv": [6.00983, 1.00688, 6.02557, 13.01082], "rotation": 180, "texture": "#0"}
			}
		},
		{
			"name": "singularity_ultimate-01_3",
			"from": [6.98427, 3.00492, 1.99803],
			"to": [9, 4.0118, 11.01278],
			"rotation": {"angle": 0, "axis": "z", "origin": [1, 8, 8]},
			"faces": {
				"north": {"uv": [4.0118, 1.99803, 3.00492, 2.01377], "rotation": 90, "texture": "#0"},
				"east": {"uv": [3.00492, 11.01278, 4.0118, 1.99803], "rotation": 270, "texture": "#0"},
				"south": {"uv": [3.00492, 10.99705, 4.0118, 11.01278], "rotation": 270, "texture": "#0"},
				"west": {"uv": [3.00492, 1.99803, 4.0118, 11.01278], "rotation": 270, "texture": "#0"},
				"up": {"uv": [3.99607, 1.99803, 4.0118, 11.01278], "texture": "#0"},
				"down": {"uv": [3.00492, 1.99803, 3.02065, 11.01278], "rotation": 180, "texture": "#0"}
			}
		},
		{
			"name": "singularity_ultimate-01_4",
			"from": [6.98427, 9.01475, 1.99803],
			"to": [9, 13.01082, 4.0118],
			"rotation": {"angle": 0, "axis": "z", "origin": [1, 8, 8]},
			"faces": {
				"north": {"uv": [13.01082, 1.99803, 9.01475, 2.01377], "rotation": 90, "texture": "#0"},
				"east": {"uv": [9.01475, 4.0118, 13.01082, 1.99803], "rotation": 270, "texture": "#0"},
				"south": {"uv": [9.01475, 3.99607, 13.01082, 4.0118], "rotation": 270, "texture": "#0"},
				"west": {"uv": [9.01475, 1.99803, 13.01082, 4.0118], "rotation": 270, "texture": "#0"},
				"up": {"uv": [12.99508, 1.99803, 13.01082, 4.0118], "texture": "#0"},
				"down": {"uv": [9.01475, 1.99803, 9.03048, 4.0118], "rotation": 180, "texture": "#0"}
			}
		},
		{
			"name": "singularity_ultimate-01_5",
			"from": [6.98427, 1.99803, 3.00492],
			"to": [9, 3.00492, 7.00098],
			"rotation": {"angle": 0, "axis": "z", "origin": [1, 8, 8]},
			"faces": {
				"north": {"uv": [3.00492, 3.00492, 1.99803, 3.02065], "rotation": 90, "texture": "#0"},
				"east": {"uv": [1.99803, 7.00098, 3.00492, 3.00492], "rotation": 270, "texture": "#0"},
				"south": {"uv": [1.99803, 6.98525, 3.00492, 7.00098], "rotation": 270, "texture": "#0"},
				"west": {"uv": [1.99803, 3.00492, 3.00492, 7.00098], "rotation": 270, "texture": "#0"},
				"up": {"uv": [2.98918, 3.00492, 3.00492, 7.00098], "texture": "#0"},
				"down": {"uv": [1.99803, 3.00492, 2.01377, 7.00098], "rotation": 180, "texture": "#0"}
			}
		},
		{
			"name": "singularity_ultimate-01_6",
			"from": [6.98427, 5.00295, 3.00492],
			"to": [9, 6.00983, 11.01278],
			"rotation": {"angle": 0, "axis": "z", "origin": [1, 8, 8]},
			"faces": {
				"north": {"uv": [6.00983, 3.00492, 5.00295, 3.02065], "rotation": 90, "texture": "#0"},
				"east": {"uv": [5.00295, 11.01278, 6.00983, 3.00492], "rotation": 270, "texture": "#0"},
				"south": {"uv": [5.00295, 10.99705, 6.00983, 11.01278], "rotation": 270, "texture": "#0"},
				"west": {"uv": [5.00295, 3.00492, 6.00983, 11.01278], "rotation": 270, "texture": "#0"},
				"up": {"uv": [5.9941, 3.00492, 6.00983, 11.01278], "texture": "#0"},
				"down": {"uv": [5.00295, 3.00492, 5.01868, 11.01278], "rotation": 180, "texture": "#0"}
			}
		},
		{
			"name": "singularity_ultimate-01_7",
			"from": [6.98427, 8.00787, 3.00492],
			"to": [9, 9.01475, 16],
			"rotation": {"angle": 0, "axis": "z", "origin": [1, 8, 8]},
			"faces": {
				"north": {"uv": [9.01475, 3.00492, 8.00787, 3.02065], "rotation": 90, "texture": "#0"},
				"east": {"uv": [8.00787, 16, 9.01475, 3.00492], "rotation": 270, "texture": "#0"},
				"south": {"uv": [8.00787, 15.98427, 9.01475, 16], "rotation": 270, "texture": "#0"},
				"west": {"uv": [8.00787, 3.00492, 9.01475, 16], "rotation": 270, "texture": "#0"},
				"up": {"uv": [8.99902, 3.00492, 9.01475, 16], "texture": "#0"},
				"down": {"uv": [8.00787, 3.00492, 8.0236, 16], "rotation": 180, "texture": "#0"}
			}
		},
		{
			"name": "singularity_ultimate-01_8",
			"from": [6.98427, 13.01082, 3.00492],
			"to": [9, 14.0177, 4.0118],
			"rotation": {"angle": 0, "axis": "z", "origin": [1, 8, 8]},
			"faces": {
				"north": {"uv": [14.0177, 3.00492, 13.01082, 3.02065], "rotation": 90, "texture": "#0"},
				"east": {"uv": [13.01082, 4.0118, 14.0177, 3.00492], "rotation": 270, "texture": "#0"},
				"south": {"uv": [13.01082, 3.99607, 14.0177, 4.0118], "rotation": 270, "texture": "#0"},
				"west": {"uv": [13.01082, 3.00492, 14.0177, 4.0118], "rotation": 270, "texture": "#0"},
				"up": {"uv": [14.00197, 3.00492, 14.0177, 4.0118], "texture": "#0"},
				"down": {"uv": [13.01082, 3.00492, 13.02655, 4.0118], "rotation": 180, "texture": "#0"}
			}
		},
		{
			"name": "singularity_ultimate-01_9",
			"from": [6.98427, 9.01475, 4.0118],
			"to": [9, 10.0059, 15.02458],
			"rotation": {"angle": 0, "axis": "z", "origin": [1, 8, 8]},
			"faces": {
				"north": {"uv": [10.0059, 4.0118, 9.01475, 4.02753], "rotation": 90, "texture": "#0"},
				"east": {"uv": [9.01475, 15.02458, 10.0059, 4.0118], "rotation": 270, "texture": "#0"},
				"south": {"uv": [9.01475, 15.00885, 10.0059, 15.02458], "rotation": 270, "texture": "#0"},
				"west": {"uv": [9.01475, 4.0118, 10.0059, 15.02458], "rotation": 270, "texture": "#0"},
				"up": {"uv": [9.99017, 4.0118, 10.0059, 15.02458], "texture": "#0"},
				"down": {"uv": [9.01475, 4.0118, 9.03048, 15.02458], "rotation": 180, "texture": "#0"}
			}
		},
		{
			"name": "singularity_ultimate-01_10",
			"from": [6.98427, 10.0059, 5.00295],
			"to": [9, 13.01082, 10.0059],
			"rotation": {"angle": 0, "axis": "z", "origin": [1, 8, 8]},
			"faces": {
				"north": {"uv": [13.01082, 5.00295, 10.0059, 5.01868], "rotation": 90, "texture": "#0"},
				"east": {"uv": [10.0059, 10.0059, 13.01082, 5.00295], "rotation": 270, "texture": "#0"},
				"south": {"uv": [10.0059, 9.99017, 13.01082, 10.0059], "rotation": 270, "texture": "#0"},
				"west": {"uv": [10.0059, 5.00295, 13.01082, 10.0059], "rotation": 270, "texture": "#0"},
				"up": {"uv": [12.99508, 5.00295, 13.01082, 10.0059], "texture": "#0"},
				"down": {"uv": [10.0059, 5.00295, 10.02163, 10.0059], "rotation": 180, "texture": "#0"}
			}
		},
		{
			"name": "singularity_ultimate-01_11",
			"from": [6.98427, 4.0118, 6.00983],
			"to": [9, 5.00295, 11.01278],
			"rotation": {"angle": 0, "axis": "z", "origin": [1, 8, 8]},
			"faces": {
				"north": {"uv": [5.00295, 6.00983, 4.0118, 6.02557], "rotation": 90, "texture": "#0"},
				"east": {"uv": [4.0118, 11.01278, 5.00295, 6.00983], "rotation": 270, "texture": "#0"},
				"south": {"uv": [4.0118, 10.99705, 5.00295, 11.01278], "rotation": 270, "texture": "#0"},
				"west": {"uv": [4.0118, 6.00983, 5.00295, 11.01278], "rotation": 270, "texture": "#0"},
				"up": {"uv": [4.98722, 6.00983, 5.00295, 11.01278], "texture": "#0"},
				"down": {"uv": [4.0118, 6.00983, 4.02753, 11.01278], "rotation": 180, "texture": "#0"}
			}
		},
		{
			"name": "singularity_ultimate-01_12",
			"from": [6.98427, 13.01082, 6.00983],
			"to": [9, 15.02458, 8.00787],
			"rotation": {"angle": 0, "axis": "z", "origin": [1, 8, 8]},
			"faces": {
				"north": {"uv": [15.02458, 6.00983, 13.01082, 6.02557], "rotation": 90, "texture": "#0"},
				"east": {"uv": [13.01082, 8.00787, 15.02458, 6.00983], "rotation": 270, "texture": "#0"},
				"south": {"uv": [13.01082, 7.99213, 15.02458, 8.00787], "rotation": 270, "texture": "#0"},
				"west": {"uv": [13.01082, 6.00983, 15.02458, 8.00787], "rotation": 270, "texture": "#0"},
				"up": {"uv": [15.00885, 6.00983, 15.02458, 8.00787], "texture": "#0"},
				"down": {"uv": [13.01082, 6.00983, 13.02655, 8.00787], "rotation": 180, "texture": "#0"}
			}
		},
		{
			"name": "singularity_ultimate-01_13",
			"from": [6.98427, 0, 7.00098],
			"to": [9, 1.00688, 9.01475],
			"rotation": {"angle": 0, "axis": "z", "origin": [1, 8, 8]},
			"faces": {
				"north": {"uv": [1.00688, 7.00098, 0, 7.01672], "rotation": 90, "texture": "#0"},
				"east": {"uv": [0, 9.01475, 1.00688, 7.00098], "rotation": 270, "texture": "#0"},
				"south": {"uv": [0, 8.99902, 1.00688, 9.01475], "rotation": 270, "texture": "#0"},
				"west": {"uv": [0, 7.00098, 1.00688, 9.01475], "rotation": 270, "texture": "#0"},
				"up": {"uv": [0.99115, 7.00098, 1.00688, 9.01475], "texture": "#0"},
				"down": {"uv": [0, 7.00098, 0.01573, 9.01475], "rotation": 180, "texture": "#0"}
			}
		},
		{
			"name": "singularity_ultimate-01_14",
			"from": [6.98427, 15.02458, 7.00098],
			"to": [9, 16, 9.01475],
			"rotation": {"angle": 0, "axis": "z", "origin": [1, 8, 8]},
			"faces": {
				"north": {"uv": [16, 7.00098, 15.02458, 7.01672], "rotation": 90, "texture": "#0"},
				"east": {"uv": [15.02458, 9.01475, 16, 7.00098], "rotation": 270, "texture": "#0"},
				"south": {"uv": [15.02458, 8.99902, 16, 9.01475], "rotation": 270, "texture": "#0"},
				"west": {"uv": [15.02458, 7.00098, 16, 9.01475], "rotation": 270, "texture": "#0"},
				"up": {"uv": [15.98427, 7.00098, 16, 9.01475], "texture": "#0"},
				"down": {"uv": [15.02458, 7.00098, 15.04031, 9.01475], "rotation": 180, "texture": "#0"}
			}
		},
		{
			"name": "singularity_ultimate-01_15",
			"from": [6.98427, 1.00688, 8.00787],
			"to": [9, 3.00492, 10.0059],
			"rotation": {"angle": 0, "axis": "z", "origin": [1, 8, 8]},
			"faces": {
				"north": {"uv": [3.00492, 8.00787, 1.00688, 8.0236], "rotation": 90, "texture": "#0"},
				"east": {"uv": [1.00688, 10.0059, 3.00492, 8.00787], "rotation": 270, "texture": "#0"},
				"south": {"uv": [1.00688, 9.99017, 3.00492, 10.0059], "rotation": 270, "texture": "#0"},
				"west": {"uv": [1.00688, 8.00787, 3.00492, 10.0059], "rotation": 270, "texture": "#0"},
				"up": {"uv": [2.98918, 8.00787, 3.00492, 10.0059], "texture": "#0"},
				"down": {"uv": [1.00688, 8.00787, 1.02262, 10.0059], "rotation": 180, "texture": "#0"}
			}
		},
		{
			"name": "singularity_ultimate-01_16",
			"from": [6.98427, 13.01082, 9.01475],
			"to": [9, 14.0177, 13.01082],
			"rotation": {"angle": 0, "axis": "z", "origin": [1, 8, 8]},
			"faces": {
				"north": {"uv": [14.0177, 9.01475, 13.01082, 9.03048], "rotation": 90, "texture": "#0"},
				"east": {"uv": [13.01082, 13.01082, 14.0177, 9.01475], "rotation": 270, "texture": "#0"},
				"south": {"uv": [13.01082, 12.99508, 14.0177, 13.01082], "rotation": 270, "texture": "#0"},
				"west": {"uv": [13.01082, 9.01475, 14.0177, 13.01082], "rotation": 270, "texture": "#0"},
				"up": {"uv": [14.00197, 9.01475, 14.0177, 13.01082], "texture": "#0"},
				"down": {"uv": [13.01082, 9.01475, 13.02655, 13.01082], "rotation": 180, "texture": "#0"}
			}
		},
		{
			"name": "singularity_ultimate-01_17",
			"from": [6.98427, 10.0059, 10.0059],
			"to": [9, 11.01278, 13.01082],
			"rotation": {"angle": 0, "axis": "z", "origin": [1, 8, 8]},
			"faces": {
				"north": {"uv": [11.01278, 10.0059, 10.0059, 10.02163], "rotation": 90, "texture": "#0"},
				"east": {"uv": [10.0059, 13.01082, 11.01278, 10.0059], "rotation": 270, "texture": "#0"},
				"south": {"uv": [10.0059, 12.99508, 11.01278, 13.01082], "rotation": 270, "texture": "#0"},
				"west": {"uv": [10.0059, 10.0059, 11.01278, 13.01082], "rotation": 270, "texture": "#0"},
				"up": {"uv": [10.99705, 10.0059, 11.01278, 13.01082], "texture": "#0"},
				"down": {"uv": [10.0059, 10.0059, 10.02163, 13.01082], "rotation": 180, "texture": "#0"}
			}
		},
		{
			"name": "singularity_ultimate-01_18",
			"from": [6.98427, 12.01967, 10.0059],
			"to": [9, 13.01082, 14.0177],
			"rotation": {"angle": 0, "axis": "z", "origin": [1, 8, 8]},
			"faces": {
				"north": {"uv": [13.01082, 10.0059, 12.01967, 10.02163], "rotation": 90, "texture": "#0"},
				"east": {"uv": [12.01967, 14.0177, 13.01082, 10.0059], "rotation": 270, "texture": "#0"},
				"south": {"uv": [12.01967, 14.00197, 13.01082, 14.0177], "rotation": 270, "texture": "#0"},
				"west": {"uv": [12.01967, 10.0059, 13.01082, 14.0177], "rotation": 270, "texture": "#0"},
				"up": {"uv": [12.99508, 10.0059, 13.01082, 14.0177], "texture": "#0"},
				"down": {"uv": [12.01967, 10.0059, 12.0354, 14.0177], "rotation": 180, "texture": "#0"}
			}
		},
		{
			"name": "singularity_ultimate-01_19",
			"from": [6.98427, 1.99803, 12.01967],
			"to": [9, 6.00983, 13.01082],
			"rotation": {"angle": 0, "axis": "z", "origin": [1, 8, 8]},
			"faces": {
				"north": {"uv": [6.00983, 12.01967, 1.99803, 12.0354], "rotation": 90, "texture": "#0"},
				"east": {"uv": [1.99803, 13.01082, 6.00983, 12.01967], "rotation": 270, "texture": "#0"},
				"south": {"uv": [1.99803, 12.99508, 6.00983, 13.01082], "rotation": 270, "texture": "#0"},
				"west": {"uv": [1.99803, 12.01967, 6.00983, 13.01082], "rotation": 270, "texture": "#0"},
				"up": {"uv": [5.9941, 12.01967, 6.00983, 13.01082], "texture": "#0"},
				"down": {"uv": [1.99803, 12.01967, 2.01377, 13.01082], "rotation": 180, "texture": "#0"}
			}
		},
		{
			"name": "singularity_ultimate-01_21",
			"from": [6.98427, 7.00098, 15.02458],
			"to": [9, 8.00787, 16],
			"rotation": {"angle": 0, "axis": "z", "origin": [1, 8, 8]},
			"faces": {
				"north": {"uv": [8.00787, 15.02458, 7.00098, 15.04031], "rotation": 90, "texture": "#0"},
				"east": {"uv": [7.00098, 16, 8.00787, 15.02458], "rotation": 270, "texture": "#0"},
				"south": {"uv": [7.00098, 15.98427, 8.00787, 16], "rotation": 270, "texture": "#0"},
				"west": {"uv": [7.00098, 15.02458, 8.00787, 16], "rotation": 270, "texture": "#0"},
				"up": {"uv": [7.99213, 15.02458, 8.00787, 16], "texture": "#0"},
				"down": {"uv": [7.00098, 15.02458, 7.01672, 16], "rotation": 180, "texture": "#0"}
			}
		},
		{
			"name": "singularity_ultimate-01_20",
			"from": [6.98427, 3.00492, 13.01082],
			"to": [9, 7.00098, 14.0177],
			"rotation": {"angle": 0, "axis": "z", "origin": [1, 8, 8]},
			"faces": {
				"north": {"uv": [7.00098, 13.01082, 3.00492, 13.02655], "rotation": 90, "texture": "#0"},
				"east": {"uv": [3.00492, 14.0177, 7.00098, 13.01082], "rotation": 270, "texture": "#0"},
				"south": {"uv": [3.00492, 14.00197, 7.00098, 14.0177], "rotation": 270, "texture": "#0"},
				"west": {"uv": [3.00492, 13.01082, 7.00098, 14.0177], "rotation": 270, "texture": "#0"},
				"up": {"uv": [6.98525, 13.01082, 7.00098, 14.0177], "texture": "#0"},
				"down": {"uv": [3.00492, 13.01082, 3.02065, 14.0177], "rotation": 180, "texture": "#0"}
			}
		},
		{
			"name": "singularity_ultimate-11_1",
			"from": [7.00098, 14.99312, 7],
			"to": [9.01475, 16, 9.01573],
			"rotation": {"angle": 0, "axis": "x", "origin": [8, 8, 16]},
			"faces": {
				"north": {"uv": [7.00098, 1.00688, 9.01475, 0], "rotation": 180, "texture": "#0"},
				"east": {"uv": [8.99902, 0, 9.01475, 1.00688], "texture": "#0"},
				"south": {"uv": [7.00098, 0, 9.01475, 1.00688], "texture": "#0"},
				"west": {"uv": [7.00098, 0, 7.01672, 1.00688], "texture": "#0"},
				"up": {"uv": [9.01475, 0, 7.00098, 0.01573], "rotation": 180, "texture": "#0"},
				"down": {"uv": [7.00098, 0.99115, 9.01475, 1.00688], "texture": "#0"}
			}
		},
		{
			"name": "singularity_ultimate-02_2",
			"from": [6.00983, 2.98918, 7],
			"to": [8.00787, 14.99312, 9.01573],
			"rotation": {"angle": 0, "axis": "x", "origin": [8, 8, 16]},
			"faces": {
				"north": {"uv": [6.00983, 13.01082, 8.00787, 1.00688], "rotation": 180, "texture": "#0"},
				"east": {"uv": [7.99213, 1.00688, 8.00787, 13.01082], "texture": "#0"},
				"south": {"uv": [6.00983, 1.00688, 8.00787, 13.01082], "texture": "#0"},
				"west": {"uv": [6.00983, 1.00688, 6.02557, 13.01082], "texture": "#0"},
				"up": {"uv": [8.00787, 1.00688, 6.00983, 1.02262], "rotation": 180, "texture": "#0"},
				"down": {"uv": [6.00983, 12.99508, 8.00787, 13.01082], "texture": "#0"}
			}
		},
		{
			"name": "singularity_ultimate-01_3",
			"from": [3.00492, 4.98722, 7],
			"to": [4.0118, 14.00197, 9.01573],
			"rotation": {"angle": 0, "axis": "x", "origin": [8, 8, 16]},
			"faces": {
				"north": {"uv": [3.00492, 11.01278, 4.0118, 1.99803], "rotation": 180, "texture": "#0"},
				"east": {"uv": [3.99607, 1.99803, 4.0118, 11.01278], "texture": "#0"},
				"south": {"uv": [3.00492, 1.99803, 4.0118, 11.01278], "texture": "#0"},
				"west": {"uv": [3.00492, 1.99803, 3.02065, 11.01278], "texture": "#0"},
				"up": {"uv": [4.0118, 1.99803, 3.00492, 2.01377], "rotation": 180, "texture": "#0"},
				"down": {"uv": [3.00492, 10.99705, 4.0118, 11.01278], "texture": "#0"}
			}
		},
		{
			"name": "singularity_ultimate-01_4",
			"from": [9.01475, 11.9882, 7],
			"to": [13.01082, 14.00197, 9.01573],
			"rotation": {"angle": 0, "axis": "x", "origin": [8, 8, 16]},
			"faces": {
				"north": {"uv": [9.01475, 4.0118, 13.01082, 1.99803], "rotation": 180, "texture": "#0"},
				"east": {"uv": [12.99508, 1.99803, 13.01082, 4.0118], "texture": "#0"},
				"south": {"uv": [9.01475, 1.99803, 13.01082, 4.0118], "texture": "#0"},
				"west": {"uv": [9.01475, 1.99803, 9.03048, 4.0118], "texture": "#0"},
				"up": {"uv": [13.01082, 1.99803, 9.01475, 2.01377], "rotation": 180, "texture": "#0"},
				"down": {"uv": [9.01475, 3.99607, 13.01082, 4.0118], "texture": "#0"}
			}
		},
		{
			"name": "singularity_ultimate-01_5",
			"from": [1.99803, 8.99902, 7],
			"to": [3.00492, 12.99508, 9.01573],
			"rotation": {"angle": 0, "axis": "x", "origin": [8, 8, 16]},
			"faces": {
				"north": {"uv": [1.99803, 7.00098, 3.00492, 3.00492], "rotation": 180, "texture": "#0"},
				"east": {"uv": [2.98918, 3.00492, 3.00492, 7.00098], "texture": "#0"},
				"south": {"uv": [1.99803, 3.00492, 3.00492, 7.00098], "texture": "#0"},
				"west": {"uv": [1.99803, 3.00492, 2.01377, 7.00098], "texture": "#0"},
				"up": {"uv": [3.00492, 3.00492, 1.99803, 3.02065], "rotation": 180, "texture": "#0"},
				"down": {"uv": [1.99803, 6.98525, 3.00492, 7.00098], "texture": "#0"}
			}
		},
		{
			"name": "singularity_ultimate-01_6",
			"from": [5.00295, 4.98722, 7],
			"to": [6.00983, 12.99508, 9.01573],
			"rotation": {"angle": 0, "axis": "x", "origin": [8, 8, 16]},
			"faces": {
				"north": {"uv": [5.00295, 11.01278, 6.00983, 3.00492], "rotation": 180, "texture": "#0"},
				"east": {"uv": [5.9941, 3.00492, 6.00983, 11.01278], "texture": "#0"},
				"south": {"uv": [5.00295, 3.00492, 6.00983, 11.01278], "texture": "#0"},
				"west": {"uv": [5.00295, 3.00492, 5.01868, 11.01278], "texture": "#0"},
				"up": {"uv": [6.00983, 3.00492, 5.00295, 3.02065], "rotation": 180, "texture": "#0"},
				"down": {"uv": [5.00295, 10.99705, 6.00983, 11.01278], "texture": "#0"}
			}
		},
		{
			"name": "singularity_ultimate-01_7",
			"from": [8.00787, 0, 7],
			"to": [9.01475, 12.99508, 9.01573],
			"rotation": {"angle": 0, "axis": "x", "origin": [8, 8, 16]},
			"faces": {
				"north": {"uv": [8.00787, 16, 9.01475, 3.00492], "rotation": 180, "texture": "#0"},
				"east": {"uv": [8.99902, 3.00492, 9.01475, 16], "texture": "#0"},
				"south": {"uv": [8.00787, 3.00492, 9.01475, 16], "texture": "#0"},
				"west": {"uv": [8.00787, 3.00492, 8.0236, 16], "texture": "#0"},
				"up": {"uv": [9.01475, 3.00492, 8.00787, 3.02065], "rotation": 180, "texture": "#0"},
				"down": {"uv": [8.00787, 15.98427, 9.01475, 16], "texture": "#0"}
			}
		},
		{
			"name": "singularity_ultimate-01_8",
			"from": [13.01082, 11.9882, 7],
			"to": [14.0177, 12.99508, 9.01573],
			"rotation": {"angle": 0, "axis": "x", "origin": [8, 8, 16]},
			"faces": {
				"north": {"uv": [13.01082, 4.0118, 14.0177, 3.00492], "rotation": 180, "texture": "#0"},
				"east": {"uv": [14.00197, 3.00492, 14.0177, 4.0118], "texture": "#0"},
				"south": {"uv": [13.01082, 3.00492, 14.0177, 4.0118], "texture": "#0"},
				"west": {"uv": [13.01082, 3.00492, 13.02655, 4.0118], "texture": "#0"},
				"up": {"uv": [14.0177, 3.00492, 13.01082, 3.02065], "rotation": 180, "texture": "#0"},
				"down": {"uv": [13.01082, 3.99607, 14.0177, 4.0118], "texture": "#0"}
			}
		},
		{
			"name": "singularity_ultimate-01_9",
			"from": [9.01475, 0.97542, 7],
			"to": [10.0059, 11.9882, 9.01573],
			"rotation": {"angle": 0, "axis": "x", "origin": [8, 8, 16]},
			"faces": {
				"north": {"uv": [9.01475, 15.02458, 10.0059, 4.0118], "rotation": 180, "texture": "#0"},
				"east": {"uv": [9.99017, 4.0118, 10.0059, 15.02458], "texture": "#0"},
				"south": {"uv": [9.01475, 4.0118, 10.0059, 15.02458], "texture": "#0"},
				"west": {"uv": [9.01475, 4.0118, 9.03048, 15.02458], "texture": "#0"},
				"up": {"uv": [10.0059, 4.0118, 9.01475, 4.02753], "rotation": 180, "texture": "#0"},
				"down": {"uv": [9.01475, 15.00885, 10.0059, 15.02458], "texture": "#0"}
			}
		},
		{
			"name": "singularity_ultimate-01_10",
			"from": [10.0059, 5.9941, 7],
			"to": [13.01082, 10.99705, 9.01573],
			"rotation": {"angle": 0, "axis": "x", "origin": [8, 8, 16]},
			"faces": {
				"north": {"uv": [10.0059, 10.0059, 13.01082, 5.00295], "rotation": 180, "texture": "#0"},
				"east": {"uv": [12.99508, 5.00295, 13.01082, 10.0059], "texture": "#0"},
				"south": {"uv": [10.0059, 5.00295, 13.01082, 10.0059], "texture": "#0"},
				"west": {"uv": [10.0059, 5.00295, 10.02163, 10.0059], "texture": "#0"},
				"up": {"uv": [13.01082, 5.00295, 10.0059, 5.01868], "rotation": 180, "texture": "#0"},
				"down": {"uv": [10.0059, 9.99017, 13.01082, 10.0059], "texture": "#0"}
			}
		},
		{
			"name": "singularity_ultimate-01_11",
			"from": [4.0118, 4.98722, 7],
			"to": [5.00295, 9.99017, 9.01573],
			"rotation": {"angle": 0, "axis": "x", "origin": [8, 8, 16]},
			"faces": {
				"north": {"uv": [4.0118, 11.01278, 5.00295, 6.00983], "rotation": 180, "texture": "#0"},
				"east": {"uv": [4.98722, 6.00983, 5.00295, 11.01278], "texture": "#0"},
				"south": {"uv": [4.0118, 6.00983, 5.00295, 11.01278], "texture": "#0"},
				"west": {"uv": [4.0118, 6.00983, 4.02753, 11.01278], "texture": "#0"},
				"up": {"uv": [5.00295, 6.00983, 4.0118, 6.02557], "rotation": 180, "texture": "#0"},
				"down": {"uv": [4.0118, 10.99705, 5.00295, 11.01278], "texture": "#0"}
			}
		},
		{
			"name": "singularity_ultimate-01_12",
			"from": [13.01082, 7.99213, 7],
			"to": [15.02458, 9.99017, 9.01573],
			"rotation": {"angle": 0, "axis": "x", "origin": [8, 8, 16]},
			"faces": {
				"north": {"uv": [13.01082, 8.00787, 15.02458, 6.00983], "rotation": 180, "texture": "#0"},
				"east": {"uv": [15.00885, 6.00983, 15.02458, 8.00787], "texture": "#0"},
				"south": {"uv": [13.01082, 6.00983, 15.02458, 8.00787], "texture": "#0"},
				"west": {"uv": [13.01082, 6.00983, 13.02655, 8.00787], "texture": "#0"},
				"up": {"uv": [15.02458, 6.00983, 13.01082, 6.02557], "rotation": 180, "texture": "#0"},
				"down": {"uv": [13.01082, 7.99213, 15.02458, 8.00787], "texture": "#0"}
			}
		},
		{
			"name": "singularity_ultimate-01_13",
			"from": [0, 6.98525, 7],
			"to": [1.00688, 8.99902, 9.01573],
			"rotation": {"angle": 0, "axis": "x", "origin": [8, 8, 16]},
			"faces": {
				"north": {"uv": [0, 9.01475, 1.00688, 7.00098], "rotation": 180, "texture": "#0"},
				"east": {"uv": [0.99115, 7.00098, 1.00688, 9.01475], "texture": "#0"},
				"south": {"uv": [0, 7.00098, 1.00688, 9.01475], "texture": "#0"},
				"west": {"uv": [0, 7.00098, 0.01573, 9.01475], "texture": "#0"},
				"up": {"uv": [1.00688, 7.00098, 0, 7.01672], "rotation": 180, "texture": "#0"},
				"down": {"uv": [0, 8.99902, 1.00688, 9.01475], "texture": "#0"}
			}
		},
		{
			"name": "singularity_ultimate-01_14",
			"from": [15.02458, 6.98525, 7],
			"to": [16, 8.99902, 9.01573],
			"rotation": {"angle": 0, "axis": "x", "origin": [8, 8, 16]},
			"faces": {
				"north": {"uv": [15.02458, 9.01475, 16, 7.00098], "rotation": 180, "texture": "#0"},
				"east": {"uv": [15.98427, 7.00098, 16, 9.01475], "texture": "#0"},
				"south": {"uv": [15.02458, 7.00098, 16, 9.01475], "texture": "#0"},
				"west": {"uv": [15.02458, 7.00098, 15.04031, 9.01475], "texture": "#0"},
				"up": {"uv": [16, 7.00098, 15.02458, 7.01672], "rotation": 180, "texture": "#0"},
				"down": {"uv": [15.02458, 8.99902, 16, 9.01475], "texture": "#0"}
			}
		},
		{
			"name": "singularity_ultimate-01_15",
			"from": [1.00688, 5.9941, 7],
			"to": [3.00492, 7.99213, 9.01573],
			"rotation": {"angle": 0, "axis": "x", "origin": [8, 8, 16]},
			"faces": {
				"north": {"uv": [1.00688, 10.0059, 3.00492, 8.00787], "rotation": 180, "texture": "#0"},
				"east": {"uv": [2.98918, 8.00787, 3.00492, 10.0059], "texture": "#0"},
				"south": {"uv": [1.00688, 8.00787, 3.00492, 10.0059], "texture": "#0"},
				"west": {"uv": [1.00688, 8.00787, 1.02262, 10.0059], "texture": "#0"},
				"up": {"uv": [3.00492, 8.00787, 1.00688, 8.0236], "rotation": 180, "texture": "#0"},
				"down": {"uv": [1.00688, 9.99017, 3.00492, 10.0059], "texture": "#0"}
			}
		},
		{
			"name": "singularity_ultimate-01_16",
			"from": [13.01082, 2.98918, 7],
			"to": [14.0177, 6.98525, 9.01573],
			"rotation": {"angle": 0, "axis": "x", "origin": [8, 8, 16]},
			"faces": {
				"north": {"uv": [13.01082, 13.01082, 14.0177, 9.01475], "rotation": 180, "texture": "#0"},
				"east": {"uv": [14.00197, 9.01475, 14.0177, 13.01082], "texture": "#0"},
				"south": {"uv": [13.01082, 9.01475, 14.0177, 13.01082], "texture": "#0"},
				"west": {"uv": [13.01082, 9.01475, 13.02655, 13.01082], "texture": "#0"},
				"up": {"uv": [14.0177, 9.01475, 13.01082, 9.03048], "rotation": 180, "texture": "#0"},
				"down": {"uv": [13.01082, 12.99508, 14.0177, 13.01082], "texture": "#0"}
			}
		},
		{
			"name": "singularity_ultimate-01_17",
			"from": [10.0059, 2.98918, 7],
			"to": [11.01278, 5.9941, 9.01573],
			"rotation": {"angle": 0, "axis": "x", "origin": [8, 8, 16]},
			"faces": {
				"north": {"uv": [10.0059, 13.01082, 11.01278, 10.0059], "rotation": 180, "texture": "#0"},
				"east": {"uv": [10.99705, 10.0059, 11.01278, 13.01082], "texture": "#0"},
				"south": {"uv": [10.0059, 10.0059, 11.01278, 13.01082], "texture": "#0"},
				"west": {"uv": [10.0059, 10.0059, 10.02163, 13.01082], "texture": "#0"},
				"up": {"uv": [11.01278, 10.0059, 10.0059, 10.02163], "rotation": 180, "texture": "#0"},
				"down": {"uv": [10.0059, 12.99508, 11.01278, 13.01082], "texture": "#0"}
			}
		},
		{
			"name": "singularity_ultimate-01_18",
			"from": [12.01967, 1.9823, 7],
			"to": [13.01082, 5.9941, 9.01573],
			"rotation": {"angle": 0, "axis": "x", "origin": [8, 8, 16]},
			"faces": {
				"north": {"uv": [12.01967, 14.0177, 13.01082, 10.0059], "rotation": 180, "texture": "#0"},
				"east": {"uv": [12.99508, 10.0059, 13.01082, 14.0177], "texture": "#0"},
				"south": {"uv": [12.01967, 10.0059, 13.01082, 14.0177], "texture": "#0"},
				"west": {"uv": [12.01967, 10.0059, 12.0354, 14.0177], "texture": "#0"},
				"up": {"uv": [13.01082, 10.0059, 12.01967, 10.02163], "rotation": 180, "texture": "#0"},
				"down": {"uv": [12.01967, 14.00197, 13.01082, 14.0177], "texture": "#0"}
			}
		},
		{
			"name": "singularity_ultimate-01_19",
			"from": [1.99803, 2.98918, 7],
			"to": [6.00983, 3.98033, 9.01573],
			"rotation": {"angle": 0, "axis": "x", "origin": [8, 8, 16]},
			"faces": {
				"north": {"uv": [1.99803, 13.01082, 6.00983, 12.01967], "rotation": 180, "texture": "#0"},
				"east": {"uv": [5.9941, 12.01967, 6.00983, 13.01082], "texture": "#0"},
				"south": {"uv": [1.99803, 12.01967, 6.00983, 13.01082], "texture": "#0"},
				"west": {"uv": [1.99803, 12.01967, 2.01377, 13.01082], "texture": "#0"},
				"up": {"uv": [6.00983, 12.01967, 1.99803, 12.0354], "rotation": 180, "texture": "#0"},
				"down": {"uv": [1.99803, 12.99508, 6.00983, 13.01082], "texture": "#0"}
			}
		},
		{
			"name": "singularity_ultimate-01_20",
			"from": [3.00492, 1.9823, 7],
			"to": [7.00098, 2.98918, 9.01573],
			"rotation": {"angle": 0, "axis": "x", "origin": [8, 8, 16]},
			"faces": {
				"north": {"uv": [3.00492, 14.0177, 7.00098, 13.01082], "rotation": 180, "texture": "#0"},
				"east": {"uv": [6.98525, 13.01082, 7.00098, 14.0177], "texture": "#0"},
				"south": {"uv": [3.00492, 13.01082, 7.00098, 14.0177], "texture": "#0"},
				"west": {"uv": [3.00492, 13.01082, 3.02065, 14.0177], "texture": "#0"},
				"up": {"uv": [7.00098, 13.01082, 3.00492, 13.02655], "rotation": 180, "texture": "#0"},
				"down": {"uv": [3.00492, 14.00197, 7.00098, 14.0177], "texture": "#0"}
			}
		},
		{
			"name": "singularity_ultimate-01_21",
			"from": [7.00098, 0, 7],
			"to": [8.00787, 0.97542, 9.01573],
			"rotation": {"angle": 0, "axis": "x", "origin": [8, 8, 16]},
			"faces": {
				"north": {"uv": [7.00098, 16, 8.00787, 15.02458], "rotation": 180, "texture": "#0"},
				"east": {"uv": [7.99213, 15.02458, 8.00787, 16], "texture": "#0"},
				"south": {"uv": [7.00098, 15.02458, 8.00787, 16], "texture": "#0"},
				"west": {"uv": [7.00098, 15.02458, 7.01672, 16], "texture": "#0"},
				"up": {"uv": [8.00787, 15.02458, 7.00098, 15.04031], "rotation": 180, "texture": "#0"},
				"down": {"uv": [7.00098, 15.98427, 8.00787, 16], "texture": "#0"}
			}
		},
		{
			"name": "singularity_ultimate-01_0",
			"from": [7.00098, 7, 0],
			"to": [9.01475, 9.01573, 1.00688],
			"rotation": {"angle": 0, "axis": "y", "origin": [8, 15, 8]},
			"faces": {
				"north": {"uv": [9.01475, 0, 7.00098, 0.01573], "texture": "#0"},
				"east": {"uv": [8.99902, 0, 9.01475, 1.00688], "rotation": 90, "texture": "#0"},
				"south": {"uv": [7.00098, 0.99115, 9.01475, 1.00688], "texture": "#0"},
				"west": {"uv": [7.00098, 0, 7.01672, 1.00688], "rotation": 270, "texture": "#0"},
				"up": {"uv": [7.00098, 0, 9.01475, 1.00688], "texture": "#0"},
				"down": {"uv": [7.00098, 1.00688, 9.01475, 0], "texture": "#0"}
			}
		},
		{
			"name": "singularity_ultimate-01_1",
			"from": [6.00983, 7, 1.00688],
			"to": [8.00787, 9.01573, 13.01082],
			"rotation": {"angle": 0, "axis": "y", "origin": [8, 15, 8]},
			"faces": {
				"north": {"uv": [8.00787, 1.00688, 6.00983, 1.02262], "texture": "#0"},
				"east": {"uv": [7.99213, 1.00688, 8.00787, 13.01082], "rotation": 90, "texture": "#0"},
				"south": {"uv": [6.00983, 12.99508, 8.00787, 13.01082], "texture": "#0"},
				"west": {"uv": [6.00983, 1.00688, 6.02557, 13.01082], "rotation": 270, "texture": "#0"},
				"up": {"uv": [6.00983, 1.00688, 8.00787, 13.01082], "texture": "#0"},
				"down": {"uv": [6.00983, 13.01082, 8.00787, 1.00688], "texture": "#0"}
			}
		},
		{
			"name": "singularity_ultimate-01_2",
			"from": [3.00492, 7, 1.99803],
			"to": [4.0118, 9.01573, 11.01278],
			"rotation": {"angle": 0, "axis": "y", "origin": [8, 15, 8]},
			"faces": {
				"north": {"uv": [4.0118, 1.99803, 3.00492, 2.01377], "texture": "#0"},
				"east": {"uv": [3.99607, 1.99803, 4.0118, 11.01278], "rotation": 90, "texture": "#0"},
				"south": {"uv": [3.00492, 10.99705, 4.0118, 11.01278], "texture": "#0"},
				"west": {"uv": [3.00492, 1.99803, 3.02065, 11.01278], "rotation": 270, "texture": "#0"},
				"up": {"uv": [3.00492, 1.99803, 4.0118, 11.01278], "texture": "#0"},
				"down": {"uv": [3.00492, 11.01278, 4.0118, 1.99803], "texture": "#0"}
			}
		},
		{
			"name": "singularity_ultimate-01_3",
			"from": [9.01475, 7, 1.99803],
			"to": [13.01082, 9.01573, 4.0118],
			"rotation": {"angle": 0, "axis": "y", "origin": [8, 15, 8]},
			"faces": {
				"north": {"uv": [13.01082, 1.99803, 9.01475, 2.01377], "texture": "#0"},
				"east": {"uv": [12.99508, 1.99803, 13.01082, 4.0118], "rotation": 90, "texture": "#0"},
				"south": {"uv": [9.01475, 3.99607, 13.01082, 4.0118], "texture": "#0"},
				"west": {"uv": [9.01475, 1.99803, 9.03048, 4.0118], "rotation": 270, "texture": "#0"},
				"up": {"uv": [9.01475, 1.99803, 13.01082, 4.0118], "texture": "#0"},
				"down": {"uv": [9.01475, 4.0118, 13.01082, 1.99803], "texture": "#0"}
			}
		},
		{
			"name": "singularity_ultimate-01_4",
			"from": [1.99803, 7, 3.00492],
			"to": [3.00492, 9.01573, 7.00098],
			"rotation": {"angle": 0, "axis": "y", "origin": [8, 15, 8]},
			"faces": {
				"north": {"uv": [3.00492, 3.00492, 1.99803, 3.02065], "texture": "#0"},
				"east": {"uv": [2.98918, 3.00492, 3.00492, 7.00098], "rotation": 90, "texture": "#0"},
				"south": {"uv": [1.99803, 6.98525, 3.00492, 7.00098], "texture": "#0"},
				"west": {"uv": [1.99803, 3.00492, 2.01377, 7.00098], "rotation": 270, "texture": "#0"},
				"up": {"uv": [1.99803, 3.00492, 3.00492, 7.00098], "texture": "#0"},
				"down": {"uv": [1.99803, 7.00098, 3.00492, 3.00492], "texture": "#0"}
			}
		},
		{
			"name": "singularity_ultimate-01_5",
			"from": [5.00295, 7, 3.00492],
			"to": [6.00983, 9.01573, 11.01278],
			"rotation": {"angle": 0, "axis": "y", "origin": [8, 15, 8]},
			"faces": {
				"north": {"uv": [6.00983, 3.00492, 5.00295, 3.02065], "texture": "#0"},
				"east": {"uv": [5.9941, 3.00492, 6.00983, 11.01278], "rotation": 90, "texture": "#0"},
				"south": {"uv": [5.00295, 10.99705, 6.00983, 11.01278], "texture": "#0"},
				"west": {"uv": [5.00295, 3.00492, 5.01868, 11.01278], "rotation": 270, "texture": "#0"},
				"up": {"uv": [5.00295, 3.00492, 6.00983, 11.01278], "texture": "#0"},
				"down": {"uv": [5.00295, 11.01278, 6.00983, 3.00492], "texture": "#0"}
			}
		},
		{
			"name": "singularity_ultimate-01_6",
			"from": [8.00787, 7, 3.00492],
			"to": [9.01475, 9.01573, 16],
			"rotation": {"angle": 0, "axis": "y", "origin": [8, 15, 8]},
			"faces": {
				"north": {"uv": [9.01475, 3.00492, 8.00787, 3.02065], "texture": "#0"},
				"east": {"uv": [8.99902, 3.00492, 9.01475, 16], "rotation": 90, "texture": "#0"},
				"south": {"uv": [8.00787, 15.98427, 9.01475, 16], "texture": "#0"},
				"west": {"uv": [8.00787, 3.00492, 8.0236, 16], "rotation": 270, "texture": "#0"},
				"up": {"uv": [8.00787, 3.00492, 9.01475, 16], "texture": "#0"},
				"down": {"uv": [8.00787, 16, 9.01475, 3.00492], "texture": "#0"}
			}
		},
		{
			"name": "singularity_ultimate-01_7",
			"from": [13.01082, 7, 3.00492],
			"to": [14.0177, 9.01573, 4.0118],
			"rotation": {"angle": 0, "axis": "y", "origin": [8, 15, 8]},
			"faces": {
				"north": {"uv": [14.0177, 3.00492, 13.01082, 3.02065], "texture": "#0"},
				"east": {"uv": [14.00197, 3.00492, 14.0177, 4.0118], "rotation": 90, "texture": "#0"},
				"south": {"uv": [13.01082, 3.99607, 14.0177, 4.0118], "texture": "#0"},
				"west": {"uv": [13.01082, 3.00492, 13.02655, 4.0118], "rotation": 270, "texture": "#0"},
				"up": {"uv": [13.01082, 3.00492, 14.0177, 4.0118], "texture": "#0"},
				"down": {"uv": [13.01082, 4.0118, 14.0177, 3.00492], "texture": "#0"}
			}
		},
		{
			"name": "singularity_ultimate-01_8",
			"from": [9.01475, 7, 4.0118],
			"to": [10.0059, 9.01573, 15.02458],
			"rotation": {"angle": 0, "axis": "y", "origin": [8, 15, 8]},
			"faces": {
				"north": {"uv": [10.0059, 4.0118, 9.01475, 4.02753], "texture": "#0"},
				"east": {"uv": [9.99017, 4.0118, 10.0059, 15.02458], "rotation": 90, "texture": "#0"},
				"south": {"uv": [9.01475, 15.00885, 10.0059, 15.02458], "texture": "#0"},
				"west": {"uv": [9.01475, 4.0118, 9.03048, 15.02458], "rotation": 270, "texture": "#0"},
				"up": {"uv": [9.01475, 4.0118, 10.0059, 15.02458], "texture": "#0"},
				"down": {"uv": [9.01475, 15.02458, 10.0059, 4.0118], "texture": "#0"}
			}
		},
		{
			"name": "singularity_ultimate-01_9",
			"from": [10.0059, 7, 5.00295],
			"to": [13.01082, 9.01573, 10.0059],
			"rotation": {"angle": 0, "axis": "y", "origin": [8, 15, 8]},
			"faces": {
				"north": {"uv": [13.01082, 5.00295, 10.0059, 5.01868], "texture": "#0"},
				"east": {"uv": [12.99508, 5.00295, 13.01082, 10.0059], "rotation": 90, "texture": "#0"},
				"south": {"uv": [10.0059, 9.99017, 13.01082, 10.0059], "texture": "#0"},
				"west": {"uv": [10.0059, 5.00295, 10.02163, 10.0059], "rotation": 270, "texture": "#0"},
				"up": {"uv": [10.0059, 5.00295, 13.01082, 10.0059], "texture": "#0"},
				"down": {"uv": [10.0059, 10.0059, 13.01082, 5.00295], "texture": "#0"}
			}
		},
		{
			"name": "singularity_ultimate-01_10",
			"from": [4.0118, 7, 6.00983],
			"to": [5.00295, 9.01573, 11.01278],
			"rotation": {"angle": 0, "axis": "y", "origin": [8, 15, 8]},
			"faces": {
				"north": {"uv": [5.00295, 6.00983, 4.0118, 6.02557], "texture": "#0"},
				"east": {"uv": [4.98722, 6.00983, 5.00295, 11.01278], "rotation": 90, "texture": "#0"},
				"south": {"uv": [4.0118, 10.99705, 5.00295, 11.01278], "texture": "#0"},
				"west": {"uv": [4.0118, 6.00983, 4.02753, 11.01278], "rotation": 270, "texture": "#0"},
				"up": {"uv": [4.0118, 6.00983, 5.00295, 11.01278], "texture": "#0"},
				"down": {"uv": [4.0118, 11.01278, 5.00295, 6.00983], "texture": "#0"}
			}
		},
		{
			"name": "singularity_ultimate-01_11",
			"from": [13.01082, 7, 6.00983],
			"to": [15.02458, 9.01573, 8.00787],
			"rotation": {"angle": 0, "axis": "y", "origin": [8, 15, 8]},
			"faces": {
				"north": {"uv": [15.02458, 6.00983, 13.01082, 6.02557], "texture": "#0"},
				"east": {"uv": [15.00885, 6.00983, 15.02458, 8.00787], "rotation": 90, "texture": "#0"},
				"south": {"uv": [13.01082, 7.99213, 15.02458, 8.00787], "texture": "#0"},
				"west": {"uv": [13.01082, 6.00983, 13.02655, 8.00787], "rotation": 270, "texture": "#0"},
				"up": {"uv": [13.01082, 6.00983, 15.02458, 8.00787], "texture": "#0"},
				"down": {"uv": [13.01082, 8.00787, 15.02458, 6.00983], "texture": "#0"}
			}
		},
		{
			"name": "singularity_ultimate-01_12",
			"from": [0, 7, 7.00098],
			"to": [1.00688, 9.01573, 9.01475],
			"rotation": {"angle": 0, "axis": "y", "origin": [8, 15, 8]},
			"faces": {
				"north": {"uv": [1.00688, 7.00098, 0, 7.01672], "texture": "#0"},
				"east": {"uv": [0.99115, 7.00098, 1.00688, 9.01475], "rotation": 90, "texture": "#0"},
				"south": {"uv": [0, 8.99902, 1.00688, 9.01475], "texture": "#0"},
				"west": {"uv": [0, 7.00098, 0.01573, 9.01475], "rotation": 270, "texture": "#0"},
				"up": {"uv": [0, 7.00098, 1.00688, 9.01475], "texture": "#0"},
				"down": {"uv": [0, 9.01475, 1.00688, 7.00098], "texture": "#0"}
			}
		},
		{
			"name": "singularity_ultimate-01_13",
			"from": [15.02458, 7, 7.00098],
			"to": [16, 9.01573, 9.01475],
			"rotation": {"angle": 0, "axis": "y", "origin": [8, 15, 8]},
			"faces": {
				"north": {"uv": [16, 7.00098, 15.02458, 7.01672], "texture": "#0"},
				"east": {"uv": [15.98427, 7.00098, 16, 9.01475], "rotation": 90, "texture": "#0"},
				"south": {"uv": [15.02458, 8.99902, 16, 9.01475], "texture": "#0"},
				"west": {"uv": [15.02458, 7.00098, 15.04031, 9.01475], "rotation": 270, "texture": "#0"},
				"up": {"uv": [15.02458, 7.00098, 16, 9.01475], "texture": "#0"},
				"down": {"uv": [15.02458, 9.01475, 16, 7.00098], "texture": "#0"}
			}
		},
		{
			"name": "singularity_ultimate-01_14",
			"from": [1.00688, 7, 8.00787],
			"to": [3.00492, 9.01573, 10.0059],
			"rotation": {"angle": 0, "axis": "y", "origin": [8, 15, 8]},
			"faces": {
				"north": {"uv": [3.00492, 8.00787, 1.00688, 8.0236], "texture": "#0"},
				"east": {"uv": [2.98918, 8.00787, 3.00492, 10.0059], "rotation": 90, "texture": "#0"},
				"south": {"uv": [1.00688, 9.99017, 3.00492, 10.0059], "texture": "#0"},
				"west": {"uv": [1.00688, 8.00787, 1.02262, 10.0059], "rotation": 270, "texture": "#0"},
				"up": {"uv": [1.00688, 8.00787, 3.00492, 10.0059], "texture": "#0"},
				"down": {"uv": [1.00688, 10.0059, 3.00492, 8.00787], "texture": "#0"}
			}
		},
		{
			"name": "singularity_ultimate-01_15",
			"from": [13.01082, 7, 9.01475],
			"to": [14.0177, 9.01573, 13.01082],
			"rotation": {"angle": 0, "axis": "y", "origin": [8, 15, 8]},
			"faces": {
				"north": {"uv": [14.0177, 9.01475, 13.01082, 9.03048], "texture": "#0"},
				"east": {"uv": [14.00197, 9.01475, 14.0177, 13.01082], "rotation": 90, "texture": "#0"},
				"south": {"uv": [13.01082, 12.99508, 14.0177, 13.01082], "texture": "#0"},
				"west": {"uv": [13.01082, 9.01475, 13.02655, 13.01082], "rotation": 270, "texture": "#0"},
				"up": {"uv": [13.01082, 9.01475, 14.0177, 13.01082], "texture": "#0"},
				"down": {"uv": [13.01082, 13.01082, 14.0177, 9.01475], "texture": "#0"}
			}
		},
		{
			"name": "singularity_ultimate-01_16",
			"from": [10.0059, 7, 10.0059],
			"to": [11.01278, 9.01573, 13.01082],
			"rotation": {"angle": 0, "axis": "y", "origin": [8, 15, 8]},
			"faces": {
				"north": {"uv": [11.01278, 10.0059, 10.0059, 10.02163], "texture": "#0"},
				"east": {"uv": [10.99705, 10.0059, 11.01278, 13.01082], "rotation": 90, "texture": "#0"},
				"south": {"uv": [10.0059, 12.99508, 11.01278, 13.01082], "texture": "#0"},
				"west": {"uv": [10.0059, 10.0059, 10.02163, 13.01082], "rotation": 270, "texture": "#0"},
				"up": {"uv": [10.0059, 10.0059, 11.01278, 13.01082], "texture": "#0"},
				"down": {"uv": [10.0059, 13.01082, 11.01278, 10.0059], "texture": "#0"}
			}
		},
		{
			"name": "singularity_ultimate-01_17",
			"from": [12.01967, 7, 10.0059],
			"to": [13.01082, 9.01573, 14.0177],
			"rotation": {"angle": 0, "axis": "y", "origin": [8, 15, 8]},
			"faces": {
				"north": {"uv": [13.01082, 10.0059, 12.01967, 10.02163], "texture": "#0"},
				"east": {"uv": [12.99508, 10.0059, 13.01082, 14.0177], "rotation": 90, "texture": "#0"},
				"south": {"uv": [12.01967, 14.00197, 13.01082, 14.0177], "texture": "#0"},
				"west": {"uv": [12.01967, 10.0059, 12.0354, 14.0177], "rotation": 270, "texture": "#0"},
				"up": {"uv": [12.01967, 10.0059, 13.01082, 14.0177], "texture": "#0"},
				"down": {"uv": [12.01967, 14.0177, 13.01082, 10.0059], "texture": "#0"}
			}
		},
		{
			"name": "singularity_ultimate-01_18",
			"from": [1.99803, 7, 12.01967],
			"to": [6.00983, 9.01573, 13.01082],
			"rotation": {"angle": 0, "axis": "y", "origin": [8, 15, 8]},
			"faces": {
				"north": {"uv": [6.00983, 12.01967, 1.99803, 12.0354], "texture": "#0"},
				"east": {"uv": [5.9941, 12.01967, 6.00983, 13.01082], "rotation": 90, "texture": "#0"},
				"south": {"uv": [1.99803, 12.99508, 6.00983, 13.01082], "texture": "#0"},
				"west": {"uv": [1.99803, 12.01967, 2.01377, 13.01082], "rotation": 270, "texture": "#0"},
				"up": {"uv": [1.99803, 12.01967, 6.00983, 13.01082], "texture": "#0"},
				"down": {"uv": [1.99803, 13.01082, 6.00983, 12.01967], "texture": "#0"}
			}
		},
		{
			"name": "singularity_ultimate-01_19",
			"from": [3.00492, 7, 13.01082],
			"to": [7.00098, 9.01573, 14.0177],
			"rotation": {"angle": 0, "axis": "y", "origin": [8, 15, 8]},
			"faces": {
				"north": {"uv": [7.00098, 13.01082, 3.00492, 13.02655], "texture": "#0"},
				"east": {"uv": [6.98525, 13.01082, 7.00098, 14.0177], "rotation": 90, "texture": "#0"},
				"south": {"uv": [3.00492, 14.00197, 7.00098, 14.0177], "texture": "#0"},
				"west": {"uv": [3.00492, 13.01082, 3.02065, 14.0177], "rotation": 270, "texture": "#0"},
				"up": {"uv": [3.00492, 13.01082, 7.00098, 14.0177], "texture": "#0"},
				"down": {"uv": [3.00492, 14.0177, 7.00098, 13.01082], "texture": "#0"}
			}
		},
		{
			"name": "singularity_ultimate-01_20",
			"from": [7.00098, 7, 15.02458],
			"to": [8.00787, 9.01573, 16],
			"rotation": {"angle": 0, "axis": "y", "origin": [8, 15, 8]},
			"faces": {
				"north": {"uv": [8.00787, 15.02458, 7.00098, 15.04031], "texture": "#0"},
				"east": {"uv": [7.99213, 15.02458, 8.00787, 16], "rotation": 90, "texture": "#0"},
				"south": {"uv": [7.00098, 15.98427, 8.00787, 16], "texture": "#0"},
				"west": {"uv": [7.00098, 15.02458, 7.01672, 16], "rotation": 270, "texture": "#0"},
				"up": {"uv": [7.00098, 15.02458, 8.00787, 16], "texture": "#0"},
				"down": {"uv": [7.00098, 16, 8.00787, 15.02458], "texture": "#0"}
			}
		}
	],
	"groups": [
		{
			"name": "group",
			"origin": [1, 8, 8],
			"children": [
				{
					"name": "singularity_ultimate-01",
					"origin": [8, 8, 8],
					"children": [0, 1, 2, 3, 4, 5, 6, 7, 8, 9, 10, 11, 12, 13, 14, 15, 16, 17, 18, 19, 20]
				},
				{
					"name": "singularity_ultimate-01",
					"origin": [8, 8, 8],
					"children": [21, 22, 23, 24, 25, 26, 27, 28, 29, 30, 31, 32, 33, 34, 35, 36, 37, 38, 39, 40, 41]
				},
				{
					"name": "singularity_ultimate-01",
					"origin": [8, 8, 8],
					"children": [42, 43, 44, 45, 46, 47, 48, 49, 50, 51, 52, 53, 54, 55, 56, 57, 58, 59, 60, 61, 62]
				}
			]
		}
	]
}